[{"model": "admin_interface.theme", "pk": 1, "fields": {"name": "Django", "active": true, "title": "Django administration", "title_color": "#F5DD5D", "title_visible": true, "logo": "", "logo_color": "#FFFFFF", "logo_max_width": 400, "logo_max_height": 100, "logo_visible": true, "favicon": "", "env_name": "", "env_color": "#E74C3C", "env_visible_in_header": true, "env_visible_in_favicon": true, "language_chooser_active": true, "language_chooser_control": "default-select", "language_chooser_display": "code", "css_header_background_color": "#0C4B33", "css_header_text_color": "#44B78B", "css_header_link_color": "#FFFFFF", "css_header_link_hover_color": "#C9F0DD", "css_module_background_color": "#44B78B", "css_module_background_selected_color": "#FFFFCC", "css_module_text_color": "#FFFFFF", "css_module_link_color": "#FFFFFF", "css_module_link_selected_color": "#FFFFFF", "css_module_link_hover_color": "#C9F0DD", "css_module_rounded_corners": true, "css_generic_link_color": "#0C3C26", "css_generic_link_hover_color": "#156641", "css_generic_link_active_color": "#29B864", "css_save_button_background_color": "#0C4B33", "css_save_button_background_hover_color": "#0C3C26", "css_save_button_text_color": "#FFFFFF", "css_delete_button_background_color": "#BA2121", "css_delete_button_background_hover_color": "#A41515", "css_delete_button_text_color": "#FFFFFF", "related_modal_active": true, "related_modal_background_color": "#000000", "related_modal_background_opacity": "0.3", "related_modal_rounded_corners": true, "related_modal_close_button_visible": true, "list_filter_highlight": true, "list_filter_dropdown": true, "list_filter_sticky": true, "list_filter_removal_links": false, "foldable_apps": true, "show_fieldsets_as_tabs": false, "show_inlines_as_tabs": false, "collapsible_stacked_inlines": false, "collapsible_stacked_inlines_collapsed": true, "collapsible_tabular_inlines": false, "collapsible_tabular_inlines_collapsed": true, "recent_actions_visible": true, "form_submit_sticky": false, "form_pagination_sticky": false}}, {"model": "user_sessions.session", "pk": "3a7oq3sb0dma8si7qyclklkf2alrad2h", "fields": {"session_data": ".eJxVjUEOwiAQRe_C2rRYK6VduvcMZBgGqSIYoBpjvLtoXOju578_bx5MwVKcWjIlNRs2sTVb_XYa8EThDcwRwiE2GENJs27ek-ZLc7OPhvzuu_0TOMiuXuN2FBoAO7GxPRneA42a91pyu5Fia7WEocZejIOwhlAONErdUUe2AjFUqU4QsLrWKwYIhs4zqjtB-jS4pEShqOtMN7UkX1-6Ui5T2_qI4F3MZZKc85bOFx_vRPknsecLRqdY6Q:1tq8PH:KwNk2PRrQnMyr1bys2V0k2pDZe9EQ-rP2VXp3RHtWpA", "expire_date": "2025-03-20T10:24:47.613Z", "user": 1, "user_agent": "Mozilla/5.0 (X11; Linux x86_64) AppleWebKit/537.36 (KHTML, like Gecko) Chrome/132.0.0.0 Safari/537.36", "last_activity": "2025-03-06T10:24:47.614Z", "ip": "127.0.0.1"}}, {"model": "user_sessions.session", "pk": "8x7th7ml0lxftc2fhdw0b6ht5amgkk0q", "fields": {"session_data": ".eJxVjktuAyEQRO_C2hl-sQOz9N5nQE3TY0jGYAGTKIpyd2PLi2Rbn1f1wxxsPbqtUXUpsJkptvurecAPyncjvEM-lwlL7jX56R6Znm6bTiXQenxm_wEitDjahvSrsIiCDmEB6UEo1AghhL21CxkdvEZlDghklJD6bfHC-r2yxspFSBxQXyHjYMkdg9GkS0L3TVAfCm61Uu7uM9GX2-o6JmPv15nztSCssbQ-WyEEh3BJraWSOfQ-3g4mvVQ6p9apNs5-b0dwXTU:1u0F21:68IVgtLVMb1xvABgsEKtiMMT_WiWbpatFuYZjbcFB7A", "expire_date": "2025-04-17T07:30:33.630Z", "user": 2, "user_agent": "Mozilla/5.0 (X11; Linux x86_64) AppleWebKit/537.36 (KHTML, like Gecko) Chrome/134.0.0.0 Safari/537.36", "last_activity": "2025-04-03T07:30:33.630Z", "ip": "127.0.0.1"}}, {"model": "user_sessions.session", "pk": "9wc1qjoje40a1unth1s0du4375pjhxts", "fields": {"session_data": "e30:1ttOAs:FQoke9S2QHEOfPzhU1RoMug_RoB1xRAQCaeiuWOHqpI", "expire_date": "2025-03-29T09:51:22.867Z", "user": null, "user_agent": "Mozilla/5.0 (X11; Linux x86_64) AppleWebKit/537.36 (KHTML, like Gecko) Chrome/132.0.0.0 Safari/537.36", "last_activity": "2025-03-15T09:51:22.867Z", "ip": "127.0.0.1"}}, {"model": "user_sessions.session", "pk": "aex6q4pdogegbcyych7u1y9pej1u7gjr", "fields": {"session_data": "e30:1trYvz:WoEclSw6M-npXBSF_t_-3vXs8Pu-Jy--gxMH0yko0Dg", "expire_date": "2025-03-24T08:56:27.920Z", "user": null, "user_agent": "Mozilla/5.0 (X11; Linux x86_64) AppleWebKit/537.36 (KHTML, like Gecko) Chrome/132.0.0.0 Safari/537.36", "last_activity": "2025-03-10T08:56:27.921Z", "ip": "127.0.0.1"}}, {"model": "user_sessions.session", "pk": "duyyq5txk8bg5hqu4qd9smpgchgm4c2n", "fields": {"session_data": ".eJxVjd1OAyEQhd-F62Z3gLbCXnrvM5BhmBV0CwZYG2N8d6lpot6dnJ_vfAqHe49ub1xdCmIRShz-eh7plfMtCC-Yn8tEJfea_HSrTPe0TU8l8PZ47_4DRGxxrA3rI1gi4HNYUXoERZowhHCydmWjg9ekzJmQjQKpH1YP1p-UNVauIGlAfcVMgyUPAseSL4ncB2P9cWivlXN374mvbq_buIy9vy3zvBXCLZbWFwMAM4ZLai2V_KvaLL6-AbLaWVI:1trXGY:R72CW9mtJRSeyVAGrvYvxrXZnaK-A8eDHAv-QOyfsl0", "expire_date": "2025-03-24T07:09:34.116Z", "user": 2, "user_agent": "Mozilla/5.0 (X11; Linux x86_64) AppleWebKit/537.36 (KHTML, like Gecko) Chrome/132.0.0.0 Safari/537.36", "last_activity": "2025-03-10T07:09:34.116Z", "ip": "127.0.0.1"}}, {"model": "user_sessions.session", "pk": "hcekz3qug4kqzhfmy9kl7i3v7dejotwy", "fields": {"session_data": ".eJxVjMsOgjAUBf-la9MAvdLi0r3f0NwXgo-SFFgY479bEha6nTln3ibiugxxnTXHUczJOHP4ZYR817QJuWG6TpantOSR7Daxu53tZRJ9nPftX2DAeShvcDW0gtILADA0TCFU3nfC2oK4NohK1_TM6LwnJQSqXHV0GJpOg2CJUsbEpVUfDDKKPkeOL8VcyOcL44xB8g:1trXGM:D14DZBky38gLrNDQLtcoFtTiXudcYsSTNJy4_qABJKs", "expire_date": "2025-03-24T07:09:22.410Z", "user": 3, "user_agent": "Mozilla/5.0 (X11; Linux x86_64) AppleWebKit/537.36 (KHTML, like Gecko) Chrome/132.0.0.0 Safari/537.36", "last_activity": "2025-03-10T07:09:22.410Z", "ip": "127.0.0.1"}}, {"model": "user_sessions.session", "pk": "idjvcfrytcappxmrskgwjtksa1degdv8", "fields": {"session_data": ".eJxVjcGuwiAQRf-FddNirRS6dO83kGEYHlUEA1RjzPv3h4kL3-5mzr1nXkzDVr3eCmW9WrawHeu-bwbwQvEN7BniT-oxxZpX078r_YeW_pQsheOn-0_gofi2xoMSBgBHsXcTWT4BKcMnI7nbS3FwRsLc4iTULJwllDMpaUYayTUg5iY1GSI219gxQLB0XVE_CTJbdh3DLWeKVd9Xeugth_bS13pbhiEkhOBTqYvinA90vYX0JCpfif3-AUcWWOs:1u0Doy:qJSeh4gB-TCtHOGqK6UvNF3UwOUFQHwq1vaOIa0wVfc", "expire_date": "2025-04-17T06:13:00.832Z", "user": 1, "user_agent": "Mozilla/5.0 (X11; Linux x86_64) AppleWebKit/537.36 (KHTML, like Gecko) Chrome/134.0.0.0 Safari/537.36", "last_activity": "2025-04-03T06:13:00.832Z", "ip": "127.0.0.1"}}, {"model": "user_sessions.session", "pk": "m1v8a563049c015c2ot3tvxniskucukf", "fields": {"session_data": ".eJxVjMEOwiAQRP-FsyGV0gU8evcbyC4sUjWQlPZk_Hdp0oPeJvPezFt43Nbst8aLn6O4iLM4_XaE4cllB_GB5V5lqGVdZpK7Ig_a5K1Gfl0P9-8gY8t9HSYHhBgUjElzHDSyo0GTHdJoYUpk0fSowRlIkYM17CwpVpw6ACM-X_1GOHs:1u0CzM:pEctazZ0GRr-jOJMZR2_DCfoFM5em0Eg_A0TW2IQPJk", "expire_date": "2025-04-17T05:19:40.361Z", "user": 1, "user_agent": "Mozilla/5.0 (X11; Linux x86_64) AppleWebKit/537.36 (KHTML, like Gecko) Chrome/134.0.0.0 Safari/537.36", "last_activity": "2025-04-03T05:19:40.361Z", "ip": "127.0.0.1"}}, {"model": "user_sessions.session", "pk": "pxwvk2vuc0br8o6dw5xkyus19f27k0se", "fields": {"session_data": ".eJxVjUFuwyAQRe_C2rKJ7WDsZfY9AxqGodA6EAFuFFW9e0hkKenu678_b36Zgq04tWVKyhu2sANr3jsN-E3hAcwXhM_YYgwled0-Ju1Oc_sRDa2nfftP4CC7eo3HWWgA7MVgRzJ8BJo1H7XkdpDiaLWEqcZRzJOwhlBONEvdU0-2AjFVqU4QsLoODQMEQ2eP6kaQng1uKVEo6sfTVW1prS9dKZel69aIsLqYyyI55x2Ys8_Zx_BKuWN_d56-WUQ:1trV2J:k3kgggWJDKSnbjbjWo5ElZe41MuTvoEiBS56o_P3xkY", "expire_date": "2025-03-24T04:46:43.387Z", "user": 1, "user_agent": "Mozilla/5.0 (X11; Linux x86_64) AppleWebKit/537.36 (KHTML, like Gecko) Chrome/132.0.0.0 Safari/537.36", "last_activity": "2025-03-10T04:46:43.389Z", "ip": "127.0.0.1"}}, {"model": "user_sessions.session", "pk": "sv09oxl7pkjjpfxp7p9ipgfozpss0hoh", "fields": {"session_data": ".eJxVjUFuwyAQRe_C2rKJ7WDwMvucAQ3DEEgciAC3qqrevUSK1Gb3Ne__N99Mw1693gtlHSxb2YF1_28G8EbxCewV4iX1mGLNwfTPSv-ipT8nS9vp1X0TeCi-rfGohAHAUUxuJstnIGX4bCR3kxRHZyQsLc5CLcJZQrmQkmakkVwDYmlSkyFic40dAwRL94D6iyCz9dAx3HOmWPVHoE-956299LU-1mHYEsLmU6mr4pwPYO-hlJDiXyoD-_kFny9ZRg:1u0CBm:NgCmFlypWWnL_PDmxYojap5Unf85TOz7kKtsiGhh5OA", "expire_date": "2025-04-17T04:28:26.534Z", "user": 1, "user_agent": "Mozilla/5.0 (X11; Linux x86_64) AppleWebKit/537.36 (KHTML, like Gecko) Chrome/134.0.0.0 Safari/537.36", "last_activity": "2025-04-03T04:28:26.535Z", "ip": "127.0.0.1"}}, {"model": "user_sessions.session", "pk": "ufd6vgf6327896nm2o7dyb2l0zqs1nv6", "fields": {"session_data": ".eJxVjktuAyEQRO_C2hl-sQOz9N5nQE3TY0jGYAGTKIpyd2PLi2Rbn1f1wxxsPbqtUXUpsJkptvurecAPyncjvEM-lwlL7jX56R6Znm6bTiXQenxm_wEitDjahvSrsIiCDmEB6UEo1AghhL21CxkdvEZlDghklJD6bfHC-r2yxspFSBxQXyHjYMkdg9GkS0L3TVAfCm61Uu7uM9GX2-o6JmPv15nztSCssbQ-WyEEh3BJraWSOfQ-3g4mvVQ6p9apNs5-b0dwXTU:1u0FbV:9oCeiTSXBNO86fQpK7CgbXSeelCBx9SwRCzPXGiAOis", "expire_date": "2025-04-17T08:07:13.937Z", "user": 2, "user_agent": "Mozilla/5.0 (X11; Linux x86_64) AppleWebKit/537.36 (KHTML, like Gecko) Chrome/134.0.0.0 Safari/537.36", "last_activity": "2025-04-03T08:07:13.937Z", "ip": "127.0.0.1"}}, {"model": "user_sessions.session", "pk": "vg5eg667sc85g08nezlhvl9c0i5s2d40", "fields": {"session_data": ".eJxVjd1OAyEQhd-F62Z3gLbCXnrvM5BhmBV0CwZYG2N8d6lpot6dnJ_vfAqHe49ub1xdCmIRShz-eh7plfMtCC-Yn8tEJfea_HSrTPe0TU8l8PZ47_4DRGxxrA3rI1gi4HNYUXoERZowhHCydmWjg9ekzJmQjQKpH1YP1p-UNVauIGlAfcVMgyUPAseSL4ncB2P9cWivlXN374mvbq_buIy9vy3zvBXCLZbWFwMAM4ZLai2V_KvaLL6-AbLaWVI:1trWkX:m2bvVRKJSjCc03tqnn4p36dtdbwt3LcfW6nxDzCzptw", "expire_date": "2025-03-24T06:36:29.523Z", "user": 2, "user_agent": "Mozilla/5.0 (X11; Linux x86_64) AppleWebKit/537.36 (KHTML, like Gecko) Chrome/132.0.0.0 Safari/537.36", "last_activity": "2025-03-10T06:36:29.524Z", "ip": "127.0.0.1"}}, {"model": "user_sessions.session", "pk": "vsaz8oyid5ijlkpx5i53y8vpllzc4k9k", "fields": {"session_data": ".eJxVjcGuwiAQRf-FddNirRS6dO83kGEYHlUEA1RjzPv3h4kL3-5mzr1nXkzDVr3eCmW9WrawHeu-bwbwQvEN7BniT-oxxZpX078r_YeW_pQsheOn-0_gofi2xoMSBgBHsXcTWT4BKcMnI7nbS3FwRsLc4iTULJwllDMpaUYayTUg5iY1GSI219gxQLB0XVE_CTJbdh3DLWeKVd9Xeugth_bS13pbhiEkhOBTqYvinA90vYX0JCpfif3-AUcWWOs:1ttJA7:7Kt0OrPW8JkfeMsypFiVrxiw3Si2C5_P0gtesySNGPY", "expire_date": "2025-03-29T04:30:15.269Z", "user": 1, "user_agent": "Mozilla/5.0 (X11; Linux x86_64) AppleWebKit/537.36 (KHTML, like Gecko) Chrome/132.0.0.0 Safari/537.36", "last_activity": "2025-03-15T04:30:15.270Z", "ip": "127.0.0.1"}}, {"model": "user_sessions.session", "pk": "z81477dgvuajgnbaqbk4ba7k94udinrk", "fields": {"session_data": ".eJxVjcEOgjAQRP-lZ1MKQls4evcbmu12KygWUorGGP_dYjxo9jKZNzvzZAbW1Jt1oWgGxzpWst2vZwEvFDbgzhBOE8cppDhYvkX4ly78ODkaD9_sX0EPS5-_sWmlBcBK7n1NTtRArRW11cLvtWy81aCyrGWrpHeEWlGrbUUV-QykyqU2QsDcVe4YIDi6DmgeBPHj4BojhWRuA93NGsc82ac0d0VRVoqLfGWnhRAFXedxehAtP4q93gJ4VtU:1trWs7:gsqni6FG6K9hDog54lczPn04vkwfYsN2atva31Msf5k", "expire_date": "2025-03-24T06:44:19.505Z", "user": 1, "user_agent": "Mozilla/5.0 (X11; Linux x86_64) AppleWebKit/537.36 (KHTML, like Gecko) Chrome/132.0.0.0 Safari/537.36", "last_activity": "2025-03-10T06:44:19.507Z", "ip": "127.0.0.1"}}, {"model": "employees.historicaldesignation", "pk": 1, "fields": {"id": 1, "created": "2025-03-10T03:45:25.112Z", "updated": "2025-03-10T03:45:25.112Z", "is_active": true, "name": "Teacher", "description": "", "creator": 1, "history_date": "2025-03-10T03:45:25.115Z", "history_change_reason": null, "history_type": "+", "history_user": 1}}, {"model": "employees.designation", "pk": 1, "fields": {"created": "2025-03-10T03:45:25.112Z", "updated": "2025-03-10T03:45:25.112Z", "creator": 1, "is_active": true, "name": "Teacher", "description": ""}}, {"model": "employees.historicaldepartment", "pk": 1, "fields": {"id": 1, "created": "2025-03-06T10:26:39.242Z", "updated": "2025-03-06T10:26:39.242Z", "is_active": true, "name": "Branch Manager", "description": "", "creator": 1, "department_lead": null, "history_date": "2025-03-06T10:26:39.245Z", "history_change_reason": null, "history_type": "+", "history_user": 1}}, {"model": "employees.historicaldepartment", "pk": 2, "fields": {"id": 2, "created": "2025-03-10T03:45:35.864Z", "updated": "2025-03-10T03:45:35.864Z", "is_active": true, "name": "Designing", "description": "", "creator": 1, "department_lead": null, "history_date": "2025-03-10T03:45:35.867Z", "history_change_reason": null, "history_type": "+", "history_user": 1}}, {"model": "employees.department", "pk": 1, "fields": {"created": "2025-03-06T10:26:39.242Z", "updated": "2025-03-06T10:26:39.242Z", "creator": 1, "is_active": true, "name": "Branch Manager", "description": "", "department_lead": null}}, {"model": "employees.department", "pk": 2, "fields": {"created": "2025-03-10T03:45:35.864Z", "updated": "2025-03-10T03:45:35.864Z", "creator": 1, "is_active": true, "name": "Designing", "description": "", "department_lead": null}}, {"model": "employees.historicalemployee", "pk": 1, "fields": {"id": 1, "created": "2025-03-06T09:36:41.260Z", "updated": "2025-03-06T09:36:41.260Z", "is_active": true, "first_name": "a", "last_name": null, "employee_id": null, "gender": null, "marital_status": null, "personal_email": null, "mobile": null, "whatsapp": null, "date_of_birth": null, "religion": null, "experience": "", "qualifications": "", "photo": "", "official_email": null, "status": "Appointed", "resigned_date": null, "notice_date": null, "resigned_form": "", "termination_date": null, "termination_reason": null, "father_name": null, "father_mobile": null, "mother_name": null, "guardian_name": null, "guardian_mobile": null, "relationship_with_employee": null, "date_of_joining": null, "date_of_confirmation": null, "offer_letter": "", "joining_letter": "", "agreement_letter": "", "experience_letter": "", "type_of_residence": null, "residence_name": null, "residential_address": null, "residence_contact": null, "residential_zip_code": null, "permanent_address": null, "permanent_zip_code": null, "bank_name": null, "account_name": null, "account_number": null, "ifsc_code": null, "bank_branch": null, "pan_number": null, "employment_type": null, "blood_group": null, "basic_salary": null, "hra": null, "other_allowance": null, "transportation_allowance": null, "creator": 1, "branch": 1, "user": null, "department": null, "designation": null, "course": null, "history_date": "2025-03-06T09:36:41.268Z", "history_change_reason": null, "history_type": "+", "history_user": 1}}, {"model": "employees.historicalemployee", "pk": 2, "fields": {"id": 1, "created": "2025-03-06T09:36:41.260Z", "updated": "2025-03-06T09:36:43.551Z", "is_active": true, "first_name": "a", "last_name": null, "employee_id": null, "gender": null, "marital_status": null, "personal_email": null, "mobile": null, "whatsapp": null, "date_of_birth": null, "religion": null, "experience": "", "qualifications": "", "photo": "", "official_email": null, "status": "Appointed", "resigned_date": null, "notice_date": null, "resigned_form": "", "termination_date": null, "termination_reason": null, "father_name": null, "father_mobile": null, "mother_name": null, "guardian_name": null, "guardian_mobile": null, "relationship_with_employee": null, "date_of_joining": null, "date_of_confirmation": null, "offer_letter": "", "joining_letter": "", "agreement_letter": "", "experience_letter": "", "type_of_residence": null, "residence_name": null, "residential_address": null, "residence_contact": null, "residential_zip_code": null, "permanent_address": null, "permanent_zip_code": null, "bank_name": null, "account_name": null, "account_number": null, "ifsc_code": null, "bank_branch": null, "pan_number": null, "employment_type": null, "blood_group": null, "basic_salary": null, "hra": null, "other_allowance": null, "transportation_allowance": null, "creator": 1, "branch": 1, "user": null, "department": null, "designation": null, "course": null, "history_date": "2025-03-06T09:36:43.556Z", "history_change_reason": null, "history_type": "~", "history_user": 1}}, {"model": "employees.historicalemployee", "pk": 3, "fields": {"id": 1, "created": "2025-03-06T09:36:41.260Z", "updated": "2025-03-06T09:36:46.654Z", "is_active": true, "first_name": "a", "last_name": null, "employee_id": null, "gender": null, "marital_status": null, "personal_email": null, "mobile": null, "whatsapp": null, "date_of_birth": null, "religion": null, "experience": "", "qualifications": "", "photo": "", "official_email": null, "status": "Appointed", "resigned_date": null, "notice_date": null, "resigned_form": "", "termination_date": null, "termination_reason": null, "father_name": null, "father_mobile": null, "mother_name": null, "guardian_name": null, "guardian_mobile": null, "relationship_with_employee": null, "date_of_joining": null, "date_of_confirmation": null, "offer_letter": "", "joining_letter": "", "agreement_letter": "", "experience_letter": "", "type_of_residence": null, "residence_name": null, "residential_address": "", "residence_contact": null, "residential_zip_code": null, "permanent_address": "", "permanent_zip_code": null, "bank_name": null, "account_name": null, "account_number": null, "ifsc_code": null, "bank_branch": null, "pan_number": null, "employment_type": null, "blood_group": null, "basic_salary": null, "hra": null, "other_allowance": null, "transportation_allowance": null, "creator": 1, "branch": 1, "user": null, "department": null, "designation": null, "course": null, "history_date": "2025-03-06T09:36:46.658Z", "history_change_reason": null, "history_type": "~", "history_user": 1}}, {"model": "employees.historicalemployee", "pk": 4, "fields": {"id": 1, "created": "2025-03-06T09:36:41.260Z", "updated": "2025-03-06T09:46:21.424Z", "is_active": true, "first_name": "Muhammed", "last_name": "Mansha", "employee_id": null, "gender": "MALE", "marital_status": "MARRIED", "personal_email": "mansha@gmail.com", "mobile": "9078656432", "whatsapp": "9078656432", "date_of_birth": "1998-10-12", "religion": "Muslim", "experience": "6 Months experience as a teacher", "qualifications": "B tech", "photo": "", "official_email": null, "status": "Appointed", "resigned_date": null, "notice_date": null, "resigned_form": "", "termination_date": null, "termination_reason": null, "father_name": null, "father_mobile": null, "mother_name": null, "guardian_name": null, "guardian_mobile": null, "relationship_with_employee": null, "date_of_joining": null, "date_of_confirmation": null, "offer_letter": "", "joining_letter": "", "agreement_letter": "", "experience_letter": "", "type_of_residence": null, "residence_name": null, "residential_address": "", "residence_contact": null, "residential_zip_code": null, "permanent_address": "", "permanent_zip_code": null, "bank_name": null, "account_name": null, "account_number": null, "ifsc_code": null, "bank_branch": null, "pan_number": null, "employment_type": null, "blood_group": "a-positive", "basic_salary": null, "hra": null, "other_allowance": null, "transportation_allowance": null, "creator": 1, "branch": 1, "user": null, "department": null, "designation": null, "course": null, "history_date": "2025-03-06T09:46:21.435Z", "history_change_reason": null, "history_type": "~", "history_user": 1}}, {"model": "employees.historicalemployee", "pk": 5, "fields": {"id": 1, "created": "2025-03-06T09:36:41.260Z", "updated": "2025-03-06T09:46:31.736Z", "is_active": true, "first_name": "Muhammed", "last_name": "Mansha", "employee_id": null, "gender": "MALE", "marital_status": "MARRIED", "personal_email": "mansha@gmail.com", "mobile": "9078656432", "whatsapp": "9078656432", "date_of_birth": "1998-10-12", "religion": "Muslim", "experience": "6 Months experience as a teacher", "qualifications": "B tech", "photo": "", "official_email": null, "status": "Appointed", "resigned_date": null, "notice_date": null, "resigned_form": "", "termination_date": null, "termination_reason": null, "father_name": "Ahammed", "father_mobile": "Mansha", "mother_name": null, "guardian_name": null, "guardian_mobile": null, "relationship_with_employee": null, "date_of_joining": null, "date_of_confirmation": null, "offer_letter": "", "joining_letter": "", "agreement_letter": "", "experience_letter": "", "type_of_residence": null, "residence_name": null, "residential_address": "", "residence_contact": null, "residential_zip_code": null, "permanent_address": "", "permanent_zip_code": null, "bank_name": null, "account_name": null, "account_number": null, "ifsc_code": null, "bank_branch": null, "pan_number": null, "employment_type": null, "blood_group": "a-positive", "basic_salary": null, "hra": null, "other_allowance": null, "transportation_allowance": null, "creator": 1, "branch": 1, "user": null, "department": null, "designation": null, "course": null, "history_date": "2025-03-06T09:46:31.744Z", "history_change_reason": null, "history_type": "~", "history_user": 1}}, {"model": "employees.historicalemployee", "pk": 6, "fields": {"id": 1, "created": "2025-03-06T09:36:41.260Z", "updated": "2025-03-06T09:46:34.735Z", "is_active": true, "first_name": "Muhammed", "last_name": "Mansha", "employee_id": null, "gender": "MALE", "marital_status": "MARRIED", "personal_email": "mansha@gmail.com", "mobile": "9078656432", "whatsapp": "9078656432", "date_of_birth": "1998-10-12", "religion": "Muslim", "experience": "6 Months experience as a teacher", "qualifications": "B tech", "photo": "", "official_email": null, "status": "Appointed", "resigned_date": null, "notice_date": null, "resigned_form": "", "termination_date": null, "termination_reason": null, "father_name": "Ahammed", "father_mobile": "Mansha", "mother_name": null, "guardian_name": null, "guardian_mobile": null, "relationship_with_employee": null, "date_of_joining": null, "date_of_confirmation": null, "offer_letter": "", "joining_letter": "", "agreement_letter": "", "experience_letter": "", "type_of_residence": null, "residence_name": null, "residential_address": "", "residence_contact": null, "residential_zip_code": null, "permanent_address": "", "permanent_zip_code": null, "bank_name": null, "account_name": null, "account_number": null, "ifsc_code": null, "bank_branch": null, "pan_number": null, "employment_type": null, "blood_group": "a-positive", "basic_salary": null, "hra": null, "other_allowance": null, "transportation_allowance": null, "creator": 1, "branch": 1, "user": null, "department": null, "designation": null, "course": null, "history_date": "2025-03-06T09:46:34.740Z", "history_change_reason": null, "history_type": "~", "history_user": 1}}, {"model": "employees.historicalemployee", "pk": 7, "fields": {"id": 2, "created": "2025-03-06T10:26:22.501Z", "updated": "2025-03-06T10:26:22.501Z", "is_active": true, "first_name": "brach", "last_name": null, "employee_id": null, "gender": null, "marital_status": null, "personal_email": null, "mobile": null, "whatsapp": null, "date_of_birth": null, "religion": null, "experience": "", "qualifications": "", "photo": "", "official_email": null, "status": "Appointed", "resigned_date": null, "notice_date": null, "resigned_form": "", "termination_date": null, "termination_reason": null, "father_name": null, "father_mobile": null, "mother_name": null, "guardian_name": null, "guardian_mobile": null, "relationship_with_employee": null, "date_of_joining": null, "date_of_confirmation": null, "offer_letter": "", "joining_letter": "", "agreement_letter": "", "experience_letter": "", "type_of_residence": null, "residence_name": null, "residential_address": null, "residence_contact": null, "residential_zip_code": null, "permanent_address": null, "permanent_zip_code": null, "bank_name": null, "account_name": null, "account_number": null, "ifsc_code": null, "bank_branch": null, "pan_number": null, "employment_type": null, "blood_group": null, "basic_salary": null, "hra": null, "other_allowance": null, "transportation_allowance": null, "creator": 1, "branch": 1, "user": null, "department": null, "designation": null, "course": null, "history_date": "2025-03-06T10:26:22.518Z", "history_change_reason": null, "history_type": "+", "history_user": 1}}, {"model": "employees.historicalemployee", "pk": 8, "fields": {"id": 2, "created": "2025-03-06T10:26:22.501Z", "updated": "2025-03-06T10:26:25.475Z", "is_active": true, "first_name": "brach", "last_name": null, "employee_id": null, "gender": null, "marital_status": null, "personal_email": null, "mobile": null, "whatsapp": null, "date_of_birth": null, "religion": null, "experience": "", "qualifications": "", "photo": "", "official_email": null, "status": "Appointed", "resigned_date": null, "notice_date": null, "resigned_form": "", "termination_date": null, "termination_reason": null, "father_name": null, "father_mobile": null, "mother_name": null, "guardian_name": null, "guardian_mobile": null, "relationship_with_employee": null, "date_of_joining": null, "date_of_confirmation": null, "offer_letter": "", "joining_letter": "", "agreement_letter": "", "experience_letter": "", "type_of_residence": null, "residence_name": null, "residential_address": null, "residence_contact": null, "residential_zip_code": null, "permanent_address": null, "permanent_zip_code": null, "bank_name": null, "account_name": null, "account_number": null, "ifsc_code": null, "bank_branch": null, "pan_number": null, "employment_type": null, "blood_group": null, "basic_salary": null, "hra": null, "other_allowance": null, "transportation_allowance": null, "creator": 1, "branch": 1, "user": null, "department": null, "designation": null, "course": null, "history_date": "2025-03-06T10:26:25.487Z", "history_change_reason": null, "history_type": "~", "history_user": 1}}, {"model": "employees.historicalemployee", "pk": 9, "fields": {"id": 2, "created": "2025-03-06T10:26:22.501Z", "updated": "2025-03-06T10:26:28.658Z", "is_active": true, "first_name": "brach", "last_name": null, "employee_id": null, "gender": null, "marital_status": null, "personal_email": null, "mobile": null, "whatsapp": null, "date_of_birth": null, "religion": null, "experience": "", "qualifications": "", "photo": "", "official_email": null, "status": "Appointed", "resigned_date": null, "notice_date": null, "resigned_form": "", "termination_date": null, "termination_reason": null, "father_name": null, "father_mobile": null, "mother_name": null, "guardian_name": null, "guardian_mobile": null, "relationship_with_employee": null, "date_of_joining": null, "date_of_confirmation": null, "offer_letter": "", "joining_letter": "", "agreement_letter": "", "experience_letter": "", "type_of_residence": null, "residence_name": null, "residential_address": "", "residence_contact": null, "residential_zip_code": null, "permanent_address": "", "permanent_zip_code": null, "bank_name": null, "account_name": null, "account_number": null, "ifsc_code": null, "bank_branch": null, "pan_number": null, "employment_type": null, "blood_group": null, "basic_salary": null, "hra": null, "other_allowance": null, "transportation_allowance": null, "creator": 1, "branch": 1, "user": null, "department": null, "designation": null, "course": null, "history_date": "2025-03-06T10:26:28.669Z", "history_change_reason": null, "history_type": "~", "history_user": 1}}, {"model": "employees.historicalemployee", "pk": 10, "fields": {"id": 1, "created": "2025-03-06T09:36:41.260Z", "updated": "2025-03-10T03:46:08.752Z", "is_active": true, "first_name": "Muhammed", "last_name": "Mansha", "employee_id": null, "gender": "MALE", "marital_status": "MARRIED", "personal_email": "mansha@gmail.com", "mobile": "9078656432", "whatsapp": "9078656432", "date_of_birth": "1998-10-12", "religion": "Muslim", "experience": "6 Months experience as a teacher", "qualifications": "B tech", "photo": "", "official_email": null, "status": "Appointed", "resigned_date": null, "notice_date": null, "resigned_form": "", "termination_date": null, "termination_reason": null, "father_name": "Ahammed", "father_mobile": "Mansha", "mother_name": null, "guardian_name": null, "guardian_mobile": null, "relationship_with_employee": null, "date_of_joining": null, "date_of_confirmation": null, "offer_letter": "", "joining_letter": "", "agreement_letter": "", "experience_letter": "", "type_of_residence": null, "residence_name": null, "residential_address": "", "residence_contact": null, "residential_zip_code": null, "permanent_address": "", "permanent_zip_code": null, "bank_name": null, "account_name": null, "account_number": null, "ifsc_code": null, "bank_branch": null, "pan_number": null, "employment_type": null, "blood_group": "a-positive", "basic_salary": null, "hra": null, "other_allowance": null, "transportation_allowance": null, "creator": 1, "branch": null, "user": 2, "department": null, "designation": null, "course": null, "history_date": "2025-03-10T03:46:08.756Z", "history_change_reason": null, "history_type": "~", "history_user": 1}}, {"model": "employees.historicalemployee", "pk": 11, "fields": {"id": 1, "created": "2025-03-06T09:36:41.260Z", "updated": "2025-03-10T03:47:12.073Z", "is_active": true, "first_name": "Muhammed", "last_name": "Mansha", "employee_id": "0001", "gender": "MALE", "marital_status": "MARRIED", "personal_email": "mansha@gmail.com", "mobile": "9078656432", "whatsapp": "9078656432", "date_of_birth": "1998-10-12", "religion": "Muslim", "experience": "6 Months experience as a teacher", "qualifications": "B tech", "photo": "", "official_email": null, "status": "Appointed", "resigned_date": null, "notice_date": null, "resigned_form": "", "termination_date": null, "termination_reason": null, "father_name": "Ahammed", "father_mobile": "Mansha", "mother_name": null, "guardian_name": null, "guardian_mobile": null, "relationship_with_employee": null, "date_of_joining": null, "date_of_confirmation": null, "offer_letter": "", "joining_letter": "", "agreement_letter": "", "experience_letter": "", "type_of_residence": null, "residence_name": null, "residential_address": "", "residence_contact": null, "residential_zip_code": null, "permanent_address": "", "permanent_zip_code": null, "bank_name": null, "account_name": null, "account_number": null, "ifsc_code": null, "bank_branch": null, "pan_number": null, "employment_type": null, "blood_group": "a-positive", "basic_salary": null, "hra": null, "other_allowance": null, "transportation_allowance": null, "creator": 1, "branch": null, "user": 2, "department": 2, "designation": 1, "course": 1, "history_date": "2025-03-10T03:47:12.078Z", "history_change_reason": null, "history_type": "~", "history_user": 1}}, {"model": "employees.historicalemployee", "pk": 12, "fields": {"id": 1, "created": "2025-03-06T09:36:41.260Z", "updated": "2025-03-10T03:47:26.373Z", "is_active": true, "first_name": "Muhammed", "last_name": "Mansha", "employee_id": "0001", "gender": "MALE", "marital_status": "MARRIED", "personal_email": "mansha@gmail.com", "mobile": "9078656432", "whatsapp": "9078656432", "date_of_birth": "1998-10-12", "religion": "Muslim", "experience": "6 Months experience as a teacher", "qualifications": "B tech", "photo": "", "official_email": null, "status": "Appointed", "resigned_date": null, "notice_date": null, "resigned_form": "", "termination_date": null, "termination_reason": null, "father_name": "Ahammed", "father_mobile": "Mansha", "mother_name": null, "guardian_name": null, "guardian_mobile": null, "relationship_with_employee": null, "date_of_joining": "2025-03-12", "date_of_confirmation": "2025-03-11", "offer_letter": "", "joining_letter": "", "agreement_letter": "", "experience_letter": "", "type_of_residence": null, "residence_name": null, "residential_address": "", "residence_contact": null, "residential_zip_code": null, "permanent_address": "", "permanent_zip_code": null, "bank_name": null, "account_name": null, "account_number": null, "ifsc_code": null, "bank_branch": null, "pan_number": null, "employment_type": "PERMANENT", "blood_group": "a-positive", "basic_salary": null, "hra": null, "other_allowance": null, "transportation_allowance": null, "creator": 1, "branch": null, "user": 2, "department": 2, "designation": 1, "course": 1, "history_date": "2025-03-10T03:47:26.382Z", "history_change_reason": null, "history_type": "~", "history_user": 1}}, {"model": "employees.historicalemployee", "pk": 13, "fields": {"id": 1, "created": "2025-03-06T09:36:41.260Z", "updated": "2025-03-10T06:41:47.061Z", "is_active": true, "first_name": "Muhammed", "last_name": "Mansha", "employee_id": "0001", "gender": "MALE", "marital_status": "MARRIED", "personal_email": "mansha@gmail.com", "mobile": "9078656432", "whatsapp": "9078656432", "date_of_birth": "1998-10-12", "religion": "Muslim", "experience": "6 Months experience as a teacher", "qualifications": "B tech", "photo": "", "official_email": null, "status": "Appointed", "resigned_date": null, "notice_date": null, "resigned_form": "", "termination_date": null, "termination_reason": null, "father_name": "Ahammed", "father_mobile": "Mansha", "mother_name": null, "guardian_name": null, "guardian_mobile": null, "relationship_with_employee": null, "date_of_joining": "2025-03-12", "date_of_confirmation": "2025-03-11", "offer_letter": "", "joining_letter": "", "agreement_letter": "", "experience_letter": "", "type_of_residence": null, "residence_name": null, "residential_address": "", "residence_contact": null, "residential_zip_code": null, "permanent_address": "", "permanent_zip_code": null, "bank_name": null, "account_name": null, "account_number": null, "ifsc_code": null, "bank_branch": null, "pan_number": null, "employment_type": "PERMANENT", "blood_group": "a-positive", "basic_salary": null, "hra": null, "other_allowance": null, "transportation_allowance": null, "creator": 1, "branch": null, "user": 2, "department": 2, "designation": 1, "course": 1, "history_date": "2025-03-10T06:41:47.065Z", "history_change_reason": null, "history_type": "~", "history_user": 1}}, {"model": "employees.historicalemployee", "pk": 14, "fields": {"id": 3, "created": "2025-04-03T05:15:23.058Z", "updated": "2025-04-03T05:15:23.058Z", "is_active": true, "first_name": "aaa", "last_name": null, "employee_id": null, "gender": null, "marital_status": null, "personal_email": "test1@gmail.com", "mobile": null, "whatsapp": null, "date_of_birth": null, "religion": null, "experience": "", "qualifications": "", "photo": "", "official_email": null, "status": "Appointed", "resigned_date": null, "notice_date": null, "resigned_form": "", "termination_date": null, "termination_reason": null, "father_name": null, "father_mobile": null, "mother_name": null, "guardian_name": null, "guardian_mobile": null, "relationship_with_employee": null, "date_of_joining": null, "date_of_confirmation": null, "offer_letter": "", "joining_letter": "", "agreement_letter": "", "experience_letter": "", "type_of_residence": null, "residence_name": null, "residential_address": null, "residence_contact": null, "residential_zip_code": null, "permanent_address": null, "permanent_zip_code": null, "bank_name": null, "account_name": null, "account_number": null, "ifsc_code": null, "bank_branch": null, "pan_number": null, "employment_type": null, "blood_group": null, "basic_salary": null, "hra": null, "other_allowance": null, "transportation_allowance": null, "creator": 1, "branch": 1, "user": null, "department": null, "designation": null, "course": null, "history_date": "2025-04-03T05:15:23.064Z", "history_change_reason": null, "history_type": "+", "history_user": 1}}, {"model": "employees.historicalemployee", "pk": 15, "fields": {"id": 3, "created": "2025-04-03T05:15:23.058Z", "updated": "2025-04-03T05:15:35.350Z", "is_active": true, "first_name": "aaa", "last_name": null, "employee_id": null, "gender": null, "marital_status": null, "personal_email": "test1@gmail.com", "mobile": null, "whatsapp": null, "date_of_birth": null, "religion": null, "experience": "", "qualifications": "", "photo": "", "official_email": null, "status": "Appointed", "resigned_date": null, "notice_date": null, "resigned_form": "", "termination_date": null, "termination_reason": null, "father_name": "aa", "father_mobile": null, "mother_name": null, "guardian_name": null, "guardian_mobile": null, "relationship_with_employee": null, "date_of_joining": null, "date_of_confirmation": null, "offer_letter": "", "joining_letter": "", "agreement_letter": "", "experience_letter": "", "type_of_residence": null, "residence_name": null, "residential_address": null, "residence_contact": null, "residential_zip_code": null, "permanent_address": null, "permanent_zip_code": null, "bank_name": null, "account_name": null, "account_number": null, "ifsc_code": null, "bank_branch": null, "pan_number": null, "employment_type": null, "blood_group": null, "basic_salary": null, "hra": null, "other_allowance": null, "transportation_allowance": null, "creator": 1, "branch": 1, "user": null, "department": null, "designation": null, "course": null, "history_date": "2025-04-03T05:15:35.356Z", "history_change_reason": null, "history_type": "~", "history_user": 1}}, {"model": "employees.historicalemployee", "pk": 16, "fields": {"id": 3, "created": "2025-04-03T05:15:23.058Z", "updated": "2025-04-03T05:15:37.346Z", "is_active": true, "first_name": "aaa", "last_name": null, "employee_id": null, "gender": null, "marital_status": null, "personal_email": "test1@gmail.com", "mobile": null, "whatsapp": null, "date_of_birth": null, "religion": null, "experience": "", "qualifications": "", "photo": "", "official_email": null, "status": "Appointed", "resigned_date": null, "notice_date": null, "resigned_form": "", "termination_date": null, "termination_reason": null, "father_name": "aa", "father_mobile": null, "mother_name": null, "guardian_name": null, "guardian_mobile": null, "relationship_with_employee": null, "date_of_joining": null, "date_of_confirmation": null, "offer_letter": "", "joining_letter": "", "agreement_letter": "", "experience_letter": "", "type_of_residence": null, "residence_name": null, "residential_address": "", "residence_contact": null, "residential_zip_code": null, "permanent_address": "", "permanent_zip_code": null, "bank_name": null, "account_name": null, "account_number": null, "ifsc_code": null, "bank_branch": null, "pan_number": null, "employment_type": null, "blood_group": null, "basic_salary": null, "hra": null, "other_allowance": null, "transportation_allowance": null, "creator": 1, "branch": 1, "user": null, "department": null, "designation": null, "course": null, "history_date": "2025-04-03T05:15:37.352Z", "history_change_reason": null, "history_type": "~", "history_user": 1}}, {"model": "employees.historicalemployee", "pk": 17, "fields": {"id": 3, "created": "2025-04-03T05:15:23.058Z", "updated": "2025-04-03T05:15:46.891Z", "is_active": true, "first_name": "aaa", "last_name": null, "employee_id": "0002", "gender": null, "marital_status": null, "personal_email": "test1@gmail.com", "mobile": null, "whatsapp": null, "date_of_birth": null, "religion": null, "experience": "", "qualifications": "", "photo": "", "official_email": null, "status": "Appointed", "resigned_date": null, "notice_date": null, "resigned_form": "", "termination_date": null, "termination_reason": null, "father_name": "aa", "father_mobile": null, "mother_name": null, "guardian_name": null, "guardian_mobile": null, "relationship_with_employee": null, "date_of_joining": null, "date_of_confirmation": null, "offer_letter": "", "joining_letter": "", "agreement_letter": "", "experience_letter": "", "type_of_residence": null, "residence_name": null, "residential_address": "", "residence_contact": null, "residential_zip_code": null, "permanent_address": "", "permanent_zip_code": null, "bank_name": null, "account_name": null, "account_number": null, "ifsc_code": null, "bank_branch": null, "pan_number": null, "employment_type": null, "blood_group": null, "basic_salary": null, "hra": null, "other_allowance": null, "transportation_allowance": null, "creator": 1, "branch": 1, "user": null, "department": 2, "designation": 1, "course": 1, "history_date": "2025-04-03T05:15:46.897Z", "history_change_reason": null, "history_type": "~", "history_user": 1}}, {"model": "employees.historicalemployee", "pk": 18, "fields": {"id": 3, "created": "2025-04-03T05:15:23.058Z", "updated": "2025-04-03T05:15:48.901Z", "is_active": true, "first_name": "aaa", "last_name": null, "employee_id": "0002", "gender": null, "marital_status": null, "personal_email": "test1@gmail.com", "mobile": null, "whatsapp": null, "date_of_birth": null, "religion": null, "experience": "", "qualifications": "", "photo": "", "official_email": null, "status": "Appointed", "resigned_date": null, "notice_date": null, "resigned_form": "", "termination_date": null, "termination_reason": null, "father_name": "aa", "father_mobile": null, "mother_name": null, "guardian_name": null, "guardian_mobile": null, "relationship_with_employee": null, "date_of_joining": null, "date_of_confirmation": null, "offer_letter": "", "joining_letter": "", "agreement_letter": "", "experience_letter": "", "type_of_residence": null, "residence_name": null, "residential_address": "", "residence_contact": null, "residential_zip_code": null, "permanent_address": "", "permanent_zip_code": null, "bank_name": null, "account_name": null, "account_number": null, "ifsc_code": null, "bank_branch": null, "pan_number": null, "employment_type": null, "blood_group": null, "basic_salary": null, "hra": null, "other_allowance": null, "transportation_allowance": null, "creator": 1, "branch": 1, "user": null, "department": 2, "designation": 1, "course": 1, "history_date": "2025-04-03T05:15:48.909Z", "history_change_reason": null, "history_type": "~", "history_user": 1}}, {"model": "employees.historicalemployee", "pk": 19, "fields": {"id": 3, "created": "2025-04-03T05:15:23.058Z", "updated": "2025-04-03T05:15:57.843Z", "is_active": true, "first_name": "aaa", "last_name": null, "employee_id": "0002", "gender": null, "marital_status": null, "personal_email": "test1@gmail.com", "mobile": null, "whatsapp": null, "date_of_birth": null, "religion": null, "experience": "", "qualifications": "", "photo": "", "official_email": null, "status": "Appointed", "resigned_date": null, "notice_date": null, "resigned_form": "", "termination_date": null, "termination_reason": null, "father_name": "aa", "father_mobile": null, "mother_name": null, "guardian_name": null, "guardian_mobile": null, "relationship_with_employee": null, "date_of_joining": null, "date_of_confirmation": null, "offer_letter": "", "joining_letter": "", "agreement_letter": "", "experience_letter": "", "type_of_residence": null, "residence_name": null, "residential_address": "", "residence_contact": null, "residential_zip_code": null, "permanent_address": "", "permanent_zip_code": null, "bank_name": null, "account_name": null, "account_number": null, "ifsc_code": null, "bank_branch": null, "pan_number": null, "employment_type": null, "blood_group": null, "basic_salary": null, "hra": null, "other_allowance": null, "transportation_allowance": null, "creator": 1, "branch": null, "user": 27, "department": 2, "designation": 1, "course": 1, "history_date": "2025-04-03T05:15:57.849Z", "history_change_reason": null, "history_type": "~", "history_user": 1}}, {"model": "employees.historicalemployee", "pk": 20, "fields": {"id": 4, "created": "2025-04-03T05:17:00.400Z", "updated": "2025-04-03T05:17:00.400Z", "is_active": true, "first_name": "bb", "last_name": null, "employee_id": null, "gender": null, "marital_status": null, "personal_email": null, "mobile": null, "whatsapp": null, "date_of_birth": null, "religion": null, "experience": "", "qualifications": "", "photo": "", "official_email": null, "status": "Appointed", "resigned_date": null, "notice_date": null, "resigned_form": "", "termination_date": null, "termination_reason": null, "father_name": null, "father_mobile": null, "mother_name": null, "guardian_name": null, "guardian_mobile": null, "relationship_with_employee": null, "date_of_joining": null, "date_of_confirmation": null, "offer_letter": "", "joining_letter": "", "agreement_letter": "", "experience_letter": "", "type_of_residence": null, "residence_name": null, "residential_address": null, "residence_contact": null, "residential_zip_code": null, "permanent_address": null, "permanent_zip_code": null, "bank_name": null, "account_name": null, "account_number": null, "ifsc_code": null, "bank_branch": null, "pan_number": null, "employment_type": null, "blood_group": null, "basic_salary": null, "hra": null, "other_allowance": null, "transportation_allowance": null, "creator": 1, "branch": null, "user": null, "department": null, "designation": null, "course": null, "history_date": "2025-04-03T05:17:00.406Z", "history_change_reason": null, "history_type": "+", "history_user": 1}}, {"model": "employees.historicalemployee", "pk": 21, "fields": {"id": 4, "created": "2025-04-03T05:17:00.400Z", "updated": "2025-04-03T05:17:40.046Z", "is_active": true, "first_name": "bb", "last_name": null, "employee_id": null, "gender": null, "marital_status": null, "personal_email": null, "mobile": null, "whatsapp": null, "date_of_birth": null, "religion": null, "experience": "", "qualifications": "", "photo": "", "official_email": null, "status": "Appointed", "resigned_date": null, "notice_date": null, "resigned_form": "", "termination_date": null, "termination_reason": null, "father_name": null, "father_mobile": null, "mother_name": null, "guardian_name": null, "guardian_mobile": null, "relationship_with_employee": null, "date_of_joining": null, "date_of_confirmation": null, "offer_letter": "", "joining_letter": "", "agreement_letter": "", "experience_letter": "", "type_of_residence": null, "residence_name": null, "residential_address": null, "residence_contact": null, "residential_zip_code": null, "permanent_address": null, "permanent_zip_code": null, "bank_name": null, "account_name": null, "account_number": null, "ifsc_code": null, "bank_branch": null, "pan_number": null, "employment_type": null, "blood_group": null, "basic_salary": null, "hra": null, "other_allowance": null, "transportation_allowance": null, "creator": 1, "branch": null, "user": null, "department": null, "designation": null, "course": null, "history_date": "2025-04-03T05:17:40.055Z", "history_change_reason": null, "history_type": "~", "history_user": 1}}, {"model": "employees.historicalemployee", "pk": 22, "fields": {"id": 4, "created": "2025-04-03T05:17:00.400Z", "updated": "2025-04-03T05:17:42.193Z", "is_active": true, "first_name": "bb", "last_name": null, "employee_id": null, "gender": null, "marital_status": null, "personal_email": null, "mobile": null, "whatsapp": null, "date_of_birth": null, "religion": null, "experience": "", "qualifications": "", "photo": "", "official_email": null, "status": "Appointed", "resigned_date": null, "notice_date": null, "resigned_form": "", "termination_date": null, "termination_reason": null, "father_name": null, "father_mobile": null, "mother_name": null, "guardian_name": null, "guardian_mobile": null, "relationship_with_employee": null, "date_of_joining": null, "date_of_confirmation": null, "offer_letter": "", "joining_letter": "", "agreement_letter": "", "experience_letter": "", "type_of_residence": null, "residence_name": null, "residential_address": "", "residence_contact": null, "residential_zip_code": null, "permanent_address": "", "permanent_zip_code": null, "bank_name": null, "account_name": null, "account_number": null, "ifsc_code": null, "bank_branch": null, "pan_number": null, "employment_type": null, "blood_group": null, "basic_salary": null, "hra": null, "other_allowance": null, "transportation_allowance": null, "creator": 1, "branch": null, "user": null, "department": null, "designation": null, "course": null, "history_date": "2025-04-03T05:17:42.202Z", "history_change_reason": null, "history_type": "~", "history_user": 1}}, {"model": "employees.historicalemployee", "pk": 23, "fields": {"id": 4, "created": "2025-04-03T05:17:00.400Z", "updated": "2025-04-03T05:17:48.940Z", "is_active": true, "first_name": "bb", "last_name": null, "employee_id": "0003", "gender": null, "marital_status": null, "personal_email": null, "mobile": null, "whatsapp": null, "date_of_birth": null, "religion": null, "experience": "", "qualifications": "", "photo": "", "official_email": null, "status": "Appointed", "resigned_date": null, "notice_date": null, "resigned_form": "", "termination_date": null, "termination_reason": null, "father_name": null, "father_mobile": null, "mother_name": null, "guardian_name": null, "guardian_mobile": null, "relationship_with_employee": null, "date_of_joining": null, "date_of_confirmation": null, "offer_letter": "", "joining_letter": "", "agreement_letter": "", "experience_letter": "", "type_of_residence": null, "residence_name": null, "residential_address": "", "residence_contact": null, "residential_zip_code": null, "permanent_address": "", "permanent_zip_code": null, "bank_name": null, "account_name": null, "account_number": null, "ifsc_code": null, "bank_branch": null, "pan_number": null, "employment_type": null, "blood_group": null, "basic_salary": null, "hra": null, "other_allowance": null, "transportation_allowance": null, "creator": 1, "branch": null, "user": null, "department": 1, "designation": 1, "course": null, "history_date": "2025-04-03T05:17:48.944Z", "history_change_reason": null, "history_type": "~", "history_user": 1}}, {"model": "employees.historicalemployee", "pk": 24, "fields": {"id": 4, "created": "2025-04-03T05:17:00.400Z", "updated": "2025-04-03T05:17:50.907Z", "is_active": true, "first_name": "bb", "last_name": null, "employee_id": "0003", "gender": null, "marital_status": null, "personal_email": null, "mobile": null, "whatsapp": null, "date_of_birth": null, "religion": null, "experience": "", "qualifications": "", "photo": "", "official_email": null, "status": "Appointed", "resigned_date": null, "notice_date": null, "resigned_form": "", "termination_date": null, "termination_reason": null, "father_name": null, "father_mobile": null, "mother_name": null, "guardian_name": null, "guardian_mobile": null, "relationship_with_employee": null, "date_of_joining": null, "date_of_confirmation": null, "offer_letter": "", "joining_letter": "", "agreement_letter": "", "experience_letter": "", "type_of_residence": null, "residence_name": null, "residential_address": "", "residence_contact": null, "residential_zip_code": null, "permanent_address": "", "permanent_zip_code": null, "bank_name": null, "account_name": null, "account_number": null, "ifsc_code": null, "bank_branch": null, "pan_number": null, "employment_type": null, "blood_group": null, "basic_salary": null, "hra": null, "other_allowance": null, "transportation_allowance": null, "creator": 1, "branch": null, "user": null, "department": 1, "designation": 1, "course": null, "history_date": "2025-04-03T05:17:50.915Z", "history_change_reason": null, "history_type": "~", "history_user": 1}}, {"model": "employees.historicalemployee", "pk": 25, "fields": {"id": 4, "created": "2025-04-03T05:17:00.400Z", "updated": "2025-04-03T05:18:13.131Z", "is_active": true, "first_name": "bb", "last_name": null, "employee_id": "0003", "gender": null, "marital_status": null, "personal_email": null, "mobile": null, "whatsapp": null, "date_of_birth": null, "religion": null, "experience": "", "qualifications": "", "photo": "", "official_email": null, "status": "Appointed", "resigned_date": null, "notice_date": null, "resigned_form": "", "termination_date": null, "termination_reason": null, "father_name": null, "father_mobile": null, "mother_name": null, "guardian_name": null, "guardian_mobile": null, "relationship_with_employee": null, "date_of_joining": null, "date_of_confirmation": null, "offer_letter": "", "joining_letter": "", "agreement_letter": "", "experience_letter": "", "type_of_residence": null, "residence_name": null, "residential_address": "", "residence_contact": null, "residential_zip_code": null, "permanent_address": "", "permanent_zip_code": null, "bank_name": null, "account_name": null, "account_number": null, "ifsc_code": null, "bank_branch": null, "pan_number": null, "employment_type": null, "blood_group": null, "basic_salary": null, "hra": null, "other_allowance": null, "transportation_allowance": null, "creator": 1, "branch": null, "user": 28, "department": 1, "designation": 1, "course": null, "history_date": "2025-04-03T05:18:13.134Z", "history_change_reason": null, "history_type": "~", "history_user": 1}}, {"model": "employees.historicalemployee", "pk": 26, "fields": {"id": 2, "created": "2025-03-06T10:26:22.501Z", "updated": "2025-03-06T10:26:28.658Z", "is_active": true, "first_name": "brach", "last_name": null, "employee_id": null, "gender": null, "marital_status": null, "personal_email": null, "mobile": null, "whatsapp": null, "date_of_birth": null, "religion": null, "experience": "", "qualifications": "", "photo": "", "official_email": null, "status": "Appointed", "resigned_date": null, "notice_date": null, "resigned_form": "", "termination_date": null, "termination_reason": null, "father_name": null, "father_mobile": null, "mother_name": null, "guardian_name": null, "guardian_mobile": null, "relationship_with_employee": null, "date_of_joining": null, "date_of_confirmation": null, "offer_letter": "", "joining_letter": "", "agreement_letter": "", "experience_letter": "", "type_of_residence": null, "residence_name": null, "residential_address": "", "residence_contact": null, "residential_zip_code": null, "permanent_address": "", "permanent_zip_code": null, "bank_name": null, "account_name": null, "account_number": null, "ifsc_code": null, "bank_branch": null, "pan_number": null, "employment_type": null, "blood_group": null, "basic_salary": null, "hra": null, "other_allowance": null, "transportation_allowance": null, "creator": 1, "branch": 1, "user": null, "department": null, "designation": null, "course": null, "history_date": "2025-04-03T05:21:26.777Z", "history_change_reason": null, "history_type": "-", "history_user": 1}}, {"model": "employees.historicalemployee", "pk": 27, "fields": {"id": 4, "created": "2025-04-03T05:17:00.400Z", "updated": "2025-04-03T05:22:21.828Z", "is_active": false, "first_name": "bb", "last_name": null, "employee_id": "0003", "gender": null, "marital_status": null, "personal_email": null, "mobile": null, "whatsapp": null, "date_of_birth": null, "religion": null, "experience": "", "qualifications": "", "photo": "", "official_email": null, "status": "Appointed", "resigned_date": null, "notice_date": null, "resigned_form": "", "termination_date": null, "termination_reason": null, "father_name": null, "father_mobile": null, "mother_name": null, "guardian_name": null, "guardian_mobile": null, "relationship_with_employee": null, "date_of_joining": null, "date_of_confirmation": null, "offer_letter": "", "joining_letter": "", "agreement_letter": "", "experience_letter": "", "type_of_residence": null, "residence_name": null, "residential_address": "", "residence_contact": null, "residential_zip_code": null, "permanent_address": "", "permanent_zip_code": null, "bank_name": null, "account_name": null, "account_number": null, "ifsc_code": null, "bank_branch": null, "pan_number": null, "employment_type": null, "blood_group": null, "basic_salary": null, "hra": null, "other_allowance": null, "transportation_allowance": null, "creator": 1, "branch": null, "user": 28, "department": 1, "designation": 1, "course": null, "history_date": "2025-04-03T05:22:21.835Z", "history_change_reason": null, "history_type": "~", "history_user": 1}}, {"model": "employees.historicalemployee", "pk": 28, "fields": {"id": 3, "created": "2025-04-03T05:15:23.058Z", "updated": "2025-04-03T05:22:32.605Z", "is_active": false, "first_name": "aaa", "last_name": null, "employee_id": "0002", "gender": null, "marital_status": null, "personal_email": "test1@gmail.com", "mobile": null, "whatsapp": null, "date_of_birth": null, "religion": null, "experience": "", "qualifications": "", "photo": "", "official_email": null, "status": "Appointed", "resigned_date": null, "notice_date": null, "resigned_form": "", "termination_date": null, "termination_reason": null, "father_name": "aa", "father_mobile": null, "mother_name": null, "guardian_name": null, "guardian_mobile": null, "relationship_with_employee": null, "date_of_joining": null, "date_of_confirmation": null, "offer_letter": "", "joining_letter": "", "agreement_letter": "", "experience_letter": "", "type_of_residence": null, "residence_name": null, "residential_address": "", "residence_contact": null, "residential_zip_code": null, "permanent_address": "", "permanent_zip_code": null, "bank_name": null, "account_name": null, "account_number": null, "ifsc_code": null, "bank_branch": null, "pan_number": null, "employment_type": null, "blood_group": null, "basic_salary": null, "hra": null, "other_allowance": null, "transportation_allowance": null, "creator": 1, "branch": null, "user": 27, "department": 2, "designation": 1, "course": 1, "history_date": "2025-04-03T05:22:32.611Z", "history_change_reason": null, "history_type": "~", "history_user": 1}}, {"model": "employees.historicalemployee", "pk": 29, "fields": {"id": 5, "created": "2025-04-03T05:43:19.172Z", "updated": "2025-04-03T05:43:19.172Z", "is_active": true, "first_name": "irfan", "last_name": null, "employee_id": null, "gender": null, "marital_status": null, "personal_email": "irfan@gmail.com", "mobile": null, "whatsapp": null, "date_of_birth": null, "religion": null, "experience": "", "qualifications": "", "photo": "", "official_email": null, "status": "Appointed", "resigned_date": null, "notice_date": null, "resigned_form": "", "termination_date": null, "termination_reason": null, "father_name": null, "father_mobile": null, "mother_name": null, "guardian_name": null, "guardian_mobile": null, "relationship_with_employee": null, "date_of_joining": null, "date_of_confirmation": null, "offer_letter": "", "joining_letter": "", "agreement_letter": "", "experience_letter": "", "type_of_residence": null, "residence_name": null, "residential_address": null, "residence_contact": null, "residential_zip_code": null, "permanent_address": null, "permanent_zip_code": null, "bank_name": null, "account_name": null, "account_number": null, "ifsc_code": null, "bank_branch": null, "pan_number": null, "employment_type": null, "blood_group": null, "basic_salary": null, "hra": null, "other_allowance": null, "transportation_allowance": null, "creator": 1, "branch": 1, "user": null, "department": null, "designation": null, "course": null, "history_date": "2025-04-03T05:43:19.180Z", "history_change_reason": null, "history_type": "+", "history_user": 1}}, {"model": "employees.historicalemployee", "pk": 30, "fields": {"id": 5, "created": "2025-04-03T05:43:19.172Z", "updated": "2025-04-03T05:46:26.965Z", "is_active": true, "first_name": "irfan", "last_name": null, "employee_id": null, "gender": null, "marital_status": null, "personal_email": "irfan@gmail.com", "mobile": null, "whatsapp": null, "date_of_birth": null, "religion": null, "experience": "", "qualifications": "", "photo": "", "official_email": null, "status": "Appointed", "resigned_date": null, "notice_date": null, "resigned_form": "", "termination_date": null, "termination_reason": null, "father_name": null, "father_mobile": null, "mother_name": null, "guardian_name": null, "guardian_mobile": null, "relationship_with_employee": null, "date_of_joining": null, "date_of_confirmation": null, "offer_letter": "", "joining_letter": "", "agreement_letter": "", "experience_letter": "", "type_of_residence": null, "residence_name": null, "residential_address": null, "residence_contact": null, "residential_zip_code": null, "permanent_address": null, "permanent_zip_code": null, "bank_name": null, "account_name": null, "account_number": null, "ifsc_code": null, "bank_branch": null, "pan_number": null, "employment_type": null, "blood_group": null, "basic_salary": null, "hra": null, "other_allowance": null, "transportation_allowance": null, "creator": 1, "branch": 1, "user": null, "department": null, "designation": null, "course": null, "history_date": "2025-04-03T05:46:26.970Z", "history_change_reason": null, "history_type": "~", "history_user": 1}}, {"model": "employees.historicalemployee", "pk": 31, "fields": {"id": 5, "created": "2025-04-03T05:43:19.172Z", "updated": "2025-04-03T05:46:29.228Z", "is_active": true, "first_name": "irfan", "last_name": null, "employee_id": null, "gender": null, "marital_status": null, "personal_email": "irfan@gmail.com", "mobile": null, "whatsapp": null, "date_of_birth": null, "religion": null, "experience": "", "qualifications": "", "photo": "", "official_email": null, "status": "Appointed", "resigned_date": null, "notice_date": null, "resigned_form": "", "termination_date": null, "termination_reason": null, "father_name": null, "father_mobile": null, "mother_name": null, "guardian_name": null, "guardian_mobile": null, "relationship_with_employee": null, "date_of_joining": null, "date_of_confirmation": null, "offer_letter": "", "joining_letter": "", "agreement_letter": "", "experience_letter": "", "type_of_residence": null, "residence_name": null, "residential_address": "", "residence_contact": null, "residential_zip_code": null, "permanent_address": "", "permanent_zip_code": null, "bank_name": null, "account_name": null, "account_number": null, "ifsc_code": null, "bank_branch": null, "pan_number": null, "employment_type": null, "blood_group": null, "basic_salary": null, "hra": null, "other_allowance": null, "transportation_allowance": null, "creator": 1, "branch": 1, "user": null, "department": null, "designation": null, "course": null, "history_date": "2025-04-03T05:46:29.239Z", "history_change_reason": null, "history_type": "~", "history_user": 1}}, {"model": "employees.historicalemployee", "pk": 32, "fields": {"id": 6, "created": "2025-04-03T05:47:08.452Z", "updated": "2025-04-03T05:47:08.452Z", "is_active": true, "first_name": "shahabas", "last_name": null, "employee_id": null, "gender": null, "marital_status": null, "personal_email": "shahabas@gmail.com", "mobile": null, "whatsapp": null, "date_of_birth": null, "religion": null, "experience": "", "qualifications": "", "photo": "", "official_email": null, "status": "Appointed", "resigned_date": null, "notice_date": null, "resigned_form": "", "termination_date": null, "termination_reason": null, "father_name": null, "father_mobile": null, "mother_name": null, "guardian_name": null, "guardian_mobile": null, "relationship_with_employee": null, "date_of_joining": null, "date_of_confirmation": null, "offer_letter": "", "joining_letter": "", "agreement_letter": "", "experience_letter": "", "type_of_residence": null, "residence_name": null, "residential_address": null, "residence_contact": null, "residential_zip_code": null, "permanent_address": null, "permanent_zip_code": null, "bank_name": null, "account_name": null, "account_number": null, "ifsc_code": null, "bank_branch": null, "pan_number": null, "employment_type": null, "blood_group": null, "basic_salary": null, "hra": null, "other_allowance": null, "transportation_allowance": null, "creator": 1, "branch": 1, "user": null, "department": null, "designation": null, "course": null, "history_date": "2025-04-03T05:47:08.461Z", "history_change_reason": null, "history_type": "+", "history_user": 1}}, {"model": "employees.historicalemployee", "pk": 33, "fields": {"id": 6, "created": "2025-04-03T05:47:08.452Z", "updated": "2025-04-03T05:47:10.122Z", "is_active": true, "first_name": "shahabas", "last_name": null, "employee_id": null, "gender": null, "marital_status": null, "personal_email": "shahabas@gmail.com", "mobile": null, "whatsapp": null, "date_of_birth": null, "religion": null, "experience": "", "qualifications": "", "photo": "", "official_email": null, "status": "Appointed", "resigned_date": null, "notice_date": null, "resigned_form": "", "termination_date": null, "termination_reason": null, "father_name": null, "father_mobile": null, "mother_name": null, "guardian_name": null, "guardian_mobile": null, "relationship_with_employee": null, "date_of_joining": null, "date_of_confirmation": null, "offer_letter": "", "joining_letter": "", "agreement_letter": "", "experience_letter": "", "type_of_residence": null, "residence_name": null, "residential_address": null, "residence_contact": null, "residential_zip_code": null, "permanent_address": null, "permanent_zip_code": null, "bank_name": null, "account_name": null, "account_number": null, "ifsc_code": null, "bank_branch": null, "pan_number": null, "employment_type": null, "blood_group": null, "basic_salary": null, "hra": null, "other_allowance": null, "transportation_allowance": null, "creator": 1, "branch": 1, "user": null, "department": null, "designation": null, "course": null, "history_date": "2025-04-03T05:47:10.131Z", "history_change_reason": null, "history_type": "~", "history_user": 1}}, {"model": "employees.historicalemployee", "pk": 34, "fields": {"id": 6, "created": "2025-04-03T05:47:08.452Z", "updated": "2025-04-03T05:47:11.867Z", "is_active": true, "first_name": "shahabas", "last_name": null, "employee_id": null, "gender": null, "marital_status": null, "personal_email": "shahabas@gmail.com", "mobile": null, "whatsapp": null, "date_of_birth": null, "religion": null, "experience": "", "qualifications": "", "photo": "", "official_email": null, "status": "Appointed", "resigned_date": null, "notice_date": null, "resigned_form": "", "termination_date": null, "termination_reason": null, "father_name": null, "father_mobile": null, "mother_name": null, "guardian_name": null, "guardian_mobile": null, "relationship_with_employee": null, "date_of_joining": null, "date_of_confirmation": null, "offer_letter": "", "joining_letter": "", "agreement_letter": "", "experience_letter": "", "type_of_residence": null, "residence_name": null, "residential_address": "", "residence_contact": null, "residential_zip_code": null, "permanent_address": "", "permanent_zip_code": null, "bank_name": null, "account_name": null, "account_number": null, "ifsc_code": null, "bank_branch": null, "pan_number": null, "employment_type": null, "blood_group": null, "basic_salary": null, "hra": null, "other_allowance": null, "transportation_allowance": null, "creator": 1, "branch": 1, "user": null, "department": null, "designation": null, "course": null, "history_date": "2025-04-03T05:47:11.874Z", "history_change_reason": null, "history_type": "~", "history_user": 1}}, {"model": "employees.historicalemployee", "pk": 35, "fields": {"id": 7, "created": "2025-04-03T05:47:50.726Z", "updated": "2025-04-03T05:47:50.727Z", "is_active": true, "first_name": "rafi", "last_name": null, "employee_id": null, "gender": null, "marital_status": null, "personal_email": "rafi@gmail.com", "mobile": null, "whatsapp": null, "date_of_birth": null, "religion": null, "experience": "", "qualifications": "", "photo": "", "official_email": null, "status": "Appointed", "resigned_date": null, "notice_date": null, "resigned_form": "", "termination_date": null, "termination_reason": null, "father_name": null, "father_mobile": null, "mother_name": null, "guardian_name": null, "guardian_mobile": null, "relationship_with_employee": null, "date_of_joining": null, "date_of_confirmation": null, "offer_letter": "", "joining_letter": "", "agreement_letter": "", "experience_letter": "", "type_of_residence": null, "residence_name": null, "residential_address": null, "residence_contact": null, "residential_zip_code": null, "permanent_address": null, "permanent_zip_code": null, "bank_name": null, "account_name": null, "account_number": null, "ifsc_code": null, "bank_branch": null, "pan_number": null, "employment_type": null, "blood_group": null, "basic_salary": null, "hra": null, "other_allowance": null, "transportation_allowance": null, "creator": 1, "branch": 1, "user": null, "department": null, "designation": null, "course": null, "history_date": "2025-04-03T05:47:50.732Z", "history_change_reason": null, "history_type": "+", "history_user": 1}}, {"model": "employees.historicalemployee", "pk": 36, "fields": {"id": 7, "created": "2025-04-03T05:47:50.726Z", "updated": "2025-04-03T05:47:52.400Z", "is_active": true, "first_name": "rafi", "last_name": null, "employee_id": null, "gender": null, "marital_status": null, "personal_email": "rafi@gmail.com", "mobile": null, "whatsapp": null, "date_of_birth": null, "religion": null, "experience": "", "qualifications": "", "photo": "", "official_email": null, "status": "Appointed", "resigned_date": null, "notice_date": null, "resigned_form": "", "termination_date": null, "termination_reason": null, "father_name": null, "father_mobile": null, "mother_name": null, "guardian_name": null, "guardian_mobile": null, "relationship_with_employee": null, "date_of_joining": null, "date_of_confirmation": null, "offer_letter": "", "joining_letter": "", "agreement_letter": "", "experience_letter": "", "type_of_residence": null, "residence_name": null, "residential_address": null, "residence_contact": null, "residential_zip_code": null, "permanent_address": null, "permanent_zip_code": null, "bank_name": null, "account_name": null, "account_number": null, "ifsc_code": null, "bank_branch": null, "pan_number": null, "employment_type": null, "blood_group": null, "basic_salary": null, "hra": null, "other_allowance": null, "transportation_allowance": null, "creator": 1, "branch": 1, "user": null, "department": null, "designation": null, "course": null, "history_date": "2025-04-03T05:47:52.408Z", "history_change_reason": null, "history_type": "~", "history_user": 1}}, {"model": "employees.historicalemployee", "pk": 37, "fields": {"id": 7, "created": "2025-04-03T05:47:50.726Z", "updated": "2025-04-03T05:47:54.506Z", "is_active": true, "first_name": "rafi", "last_name": null, "employee_id": null, "gender": null, "marital_status": null, "personal_email": "rafi@gmail.com", "mobile": null, "whatsapp": null, "date_of_birth": null, "religion": null, "experience": "", "qualifications": "", "photo": "", "official_email": null, "status": "Appointed", "resigned_date": null, "notice_date": null, "resigned_form": "", "termination_date": null, "termination_reason": null, "father_name": null, "father_mobile": null, "mother_name": null, "guardian_name": null, "guardian_mobile": null, "relationship_with_employee": null, "date_of_joining": null, "date_of_confirmation": null, "offer_letter": "", "joining_letter": "", "agreement_letter": "", "experience_letter": "", "type_of_residence": null, "residence_name": null, "residential_address": "", "residence_contact": null, "residential_zip_code": null, "permanent_address": "", "permanent_zip_code": null, "bank_name": null, "account_name": null, "account_number": null, "ifsc_code": null, "bank_branch": null, "pan_number": null, "employment_type": null, "blood_group": null, "basic_salary": null, "hra": null, "other_allowance": null, "transportation_allowance": null, "creator": 1, "branch": 1, "user": null, "department": null, "designation": null, "course": null, "history_date": "2025-04-03T05:47:54.517Z", "history_change_reason": null, "history_type": "~", "history_user": 1}}, {"model": "employees.historicalemployee", "pk": 38, "fields": {"id": 7, "created": "2025-04-03T05:47:50.726Z", "updated": "2025-04-03T05:48:05.455Z", "is_active": true, "first_name": "rafi", "last_name": null, "employee_id": "0005", "gender": null, "marital_status": null, "personal_email": "rafi@gmail.com", "mobile": null, "whatsapp": null, "date_of_birth": null, "religion": null, "experience": "", "qualifications": "", "photo": "", "official_email": null, "status": "Appointed", "resigned_date": null, "notice_date": null, "resigned_form": "", "termination_date": null, "termination_reason": null, "father_name": null, "father_mobile": null, "mother_name": null, "guardian_name": null, "guardian_mobile": null, "relationship_with_employee": null, "date_of_joining": null, "date_of_confirmation": null, "offer_letter": "", "joining_letter": "", "agreement_letter": "", "experience_letter": "", "type_of_residence": null, "residence_name": null, "residential_address": "", "residence_contact": null, "residential_zip_code": null, "permanent_address": "", "permanent_zip_code": null, "bank_name": null, "account_name": null, "account_number": null, "ifsc_code": null, "bank_branch": null, "pan_number": null, "employment_type": null, "blood_group": null, "basic_salary": null, "hra": null, "other_allowance": null, "transportation_allowance": null, "creator": 1, "branch": 1, "user": null, "department": 2, "designation": 1, "course": 1, "history_date": "2025-04-03T05:48:05.462Z", "history_change_reason": null, "history_type": "~", "history_user": 1}}, {"model": "employees.historicalemployee", "pk": 39, "fields": {"id": 7, "created": "2025-04-03T05:47:50.726Z", "updated": "2025-04-03T05:48:07.696Z", "is_active": true, "first_name": "rafi", "last_name": null, "employee_id": "0005", "gender": null, "marital_status": null, "personal_email": "rafi@gmail.com", "mobile": null, "whatsapp": null, "date_of_birth": null, "religion": null, "experience": "", "qualifications": "", "photo": "", "official_email": null, "status": "Appointed", "resigned_date": null, "notice_date": null, "resigned_form": "", "termination_date": null, "termination_reason": null, "father_name": null, "father_mobile": null, "mother_name": null, "guardian_name": null, "guardian_mobile": null, "relationship_with_employee": null, "date_of_joining": null, "date_of_confirmation": null, "offer_letter": "", "joining_letter": "", "agreement_letter": "", "experience_letter": "", "type_of_residence": null, "residence_name": null, "residential_address": "", "residence_contact": null, "residential_zip_code": null, "permanent_address": "", "permanent_zip_code": null, "bank_name": null, "account_name": null, "account_number": null, "ifsc_code": null, "bank_branch": null, "pan_number": null, "employment_type": null, "blood_group": null, "basic_salary": null, "hra": null, "other_allowance": null, "transportation_allowance": null, "creator": 1, "branch": 1, "user": null, "department": 2, "designation": 1, "course": 1, "history_date": "2025-04-03T05:48:07.704Z", "history_change_reason": null, "history_type": "~", "history_user": 1}}, {"model": "employees.historicalemployee", "pk": 40, "fields": {"id": 8, "created": "2025-04-03T06:02:50.010Z", "updated": "2025-04-03T06:02:50.010Z", "is_active": true, "first_name": "java", "last_name": null, "employee_id": null, "gender": null, "marital_status": null, "personal_email": "java@gmail.com", "mobile": null, "whatsapp": null, "date_of_birth": null, "religion": null, "experience": "", "qualifications": "", "photo": "", "official_email": null, "status": "Appointed", "resigned_date": null, "notice_date": null, "resigned_form": "", "termination_date": null, "termination_reason": null, "father_name": null, "father_mobile": null, "mother_name": null, "guardian_name": null, "guardian_mobile": null, "relationship_with_employee": null, "date_of_joining": null, "date_of_confirmation": null, "offer_letter": "", "joining_letter": "", "agreement_letter": "", "experience_letter": "", "type_of_residence": null, "residence_name": null, "residential_address": null, "residence_contact": null, "residential_zip_code": null, "permanent_address": null, "permanent_zip_code": null, "bank_name": null, "account_name": null, "account_number": null, "ifsc_code": null, "bank_branch": null, "pan_number": null, "employment_type": null, "blood_group": null, "basic_salary": null, "hra": null, "other_allowance": null, "transportation_allowance": null, "creator": 1, "branch": 2, "user": null, "department": null, "designation": null, "course": null, "history_date": "2025-04-03T06:02:50.015Z", "history_change_reason": null, "history_type": "+", "history_user": 1}}, {"model": "employees.historicalemployee", "pk": 41, "fields": {"id": 8, "created": "2025-04-03T06:02:50.010Z", "updated": "2025-04-03T06:02:51.914Z", "is_active": true, "first_name": "java", "last_name": null, "employee_id": null, "gender": null, "marital_status": null, "personal_email": "java@gmail.com", "mobile": null, "whatsapp": null, "date_of_birth": null, "religion": null, "experience": "", "qualifications": "", "photo": "", "official_email": null, "status": "Appointed", "resigned_date": null, "notice_date": null, "resigned_form": "", "termination_date": null, "termination_reason": null, "father_name": null, "father_mobile": null, "mother_name": null, "guardian_name": null, "guardian_mobile": null, "relationship_with_employee": null, "date_of_joining": null, "date_of_confirmation": null, "offer_letter": "", "joining_letter": "", "agreement_letter": "", "experience_letter": "", "type_of_residence": null, "residence_name": null, "residential_address": null, "residence_contact": null, "residential_zip_code": null, "permanent_address": null, "permanent_zip_code": null, "bank_name": null, "account_name": null, "account_number": null, "ifsc_code": null, "bank_branch": null, "pan_number": null, "employment_type": null, "blood_group": null, "basic_salary": null, "hra": null, "other_allowance": null, "transportation_allowance": null, "creator": 1, "branch": 2, "user": null, "department": null, "designation": null, "course": null, "history_date": "2025-04-03T06:02:51.924Z", "history_change_reason": null, "history_type": "~", "history_user": 1}}, {"model": "employees.historicalemployee", "pk": 42, "fields": {"id": 8, "created": "2025-04-03T06:02:50.010Z", "updated": "2025-04-03T06:02:53.675Z", "is_active": true, "first_name": "java", "last_name": null, "employee_id": null, "gender": null, "marital_status": null, "personal_email": "java@gmail.com", "mobile": null, "whatsapp": null, "date_of_birth": null, "religion": null, "experience": "", "qualifications": "", "photo": "", "official_email": null, "status": "Appointed", "resigned_date": null, "notice_date": null, "resigned_form": "", "termination_date": null, "termination_reason": null, "father_name": null, "father_mobile": null, "mother_name": null, "guardian_name": null, "guardian_mobile": null, "relationship_with_employee": null, "date_of_joining": null, "date_of_confirmation": null, "offer_letter": "", "joining_letter": "", "agreement_letter": "", "experience_letter": "", "type_of_residence": null, "residence_name": null, "residential_address": "", "residence_contact": null, "residential_zip_code": null, "permanent_address": "", "permanent_zip_code": null, "bank_name": null, "account_name": null, "account_number": null, "ifsc_code": null, "bank_branch": null, "pan_number": null, "employment_type": null, "blood_group": null, "basic_salary": null, "hra": null, "other_allowance": null, "transportation_allowance": null, "creator": 1, "branch": 2, "user": null, "department": null, "designation": null, "course": null, "history_date": "2025-04-03T06:02:53.688Z", "history_change_reason": null, "history_type": "~", "history_user": 1}}, {"model": "employees.historicalemployee", "pk": 43, "fields": {"id": 8, "created": "2025-04-03T06:02:50.010Z", "updated": "2025-04-03T06:03:00.637Z", "is_active": true, "first_name": "java", "last_name": null, "employee_id": "0006", "gender": null, "marital_status": null, "personal_email": "java@gmail.com", "mobile": null, "whatsapp": null, "date_of_birth": null, "religion": null, "experience": "", "qualifications": "", "photo": "", "official_email": null, "status": "Appointed", "resigned_date": null, "notice_date": null, "resigned_form": "", "termination_date": null, "termination_reason": null, "father_name": null, "father_mobile": null, "mother_name": null, "guardian_name": null, "guardian_mobile": null, "relationship_with_employee": null, "date_of_joining": null, "date_of_confirmation": null, "offer_letter": "", "joining_letter": "", "agreement_letter": "", "experience_letter": "", "type_of_residence": null, "residence_name": null, "residential_address": "", "residence_contact": null, "residential_zip_code": null, "permanent_address": "", "permanent_zip_code": null, "bank_name": null, "account_name": null, "account_number": null, "ifsc_code": null, "bank_branch": null, "pan_number": null, "employment_type": null, "blood_group": null, "basic_salary": null, "hra": null, "other_allowance": null, "transportation_allowance": null, "creator": 1, "branch": 2, "user": null, "department": 2, "designation": 1, "course": 1, "history_date": "2025-04-03T06:03:00.642Z", "history_change_reason": null, "history_type": "~", "history_user": 1}}, {"model": "employees.historicalemployee", "pk": 44, "fields": {"id": 8, "created": "2025-04-03T06:02:50.010Z", "updated": "2025-04-03T06:03:02.654Z", "is_active": true, "first_name": "java", "last_name": null, "employee_id": "0006", "gender": null, "marital_status": null, "personal_email": "java@gmail.com", "mobile": null, "whatsapp": null, "date_of_birth": null, "religion": null, "experience": "", "qualifications": "", "photo": "", "official_email": null, "status": "Appointed", "resigned_date": null, "notice_date": null, "resigned_form": "", "termination_date": null, "termination_reason": null, "father_name": null, "father_mobile": null, "mother_name": null, "guardian_name": null, "guardian_mobile": null, "relationship_with_employee": null, "date_of_joining": null, "date_of_confirmation": null, "offer_letter": "", "joining_letter": "", "agreement_letter": "", "experience_letter": "", "type_of_residence": null, "residence_name": null, "residential_address": "", "residence_contact": null, "residential_zip_code": null, "permanent_address": "", "permanent_zip_code": null, "bank_name": null, "account_name": null, "account_number": null, "ifsc_code": null, "bank_branch": null, "pan_number": null, "employment_type": null, "blood_group": null, "basic_salary": null, "hra": null, "other_allowance": null, "transportation_allowance": null, "creator": 1, "branch": 2, "user": null, "department": 2, "designation": 1, "course": 1, "history_date": "2025-04-03T06:03:02.663Z", "history_change_reason": null, "history_type": "~", "history_user": 1}}, {"model": "employees.historicalemployee", "pk": 45, "fields": {"id": 8, "created": "2025-04-03T06:02:50.010Z", "updated": "2025-04-03T06:03:53.064Z", "is_active": true, "first_name": "java", "last_name": null, "employee_id": "0006", "gender": null, "marital_status": null, "personal_email": "java@gmail.com", "mobile": null, "whatsapp": null, "date_of_birth": null, "religion": null, "experience": "", "qualifications": "", "photo": "", "official_email": null, "status": "Appointed", "resigned_date": null, "notice_date": null, "resigned_form": "", "termination_date": null, "termination_reason": null, "father_name": null, "father_mobile": null, "mother_name": null, "guardian_name": null, "guardian_mobile": null, "relationship_with_employee": null, "date_of_joining": null, "date_of_confirmation": null, "offer_letter": "", "joining_letter": "", "agreement_letter": "", "experience_letter": "", "type_of_residence": null, "residence_name": null, "residential_address": "", "residence_contact": null, "residential_zip_code": null, "permanent_address": "", "permanent_zip_code": null, "bank_name": null, "account_name": null, "account_number": null, "ifsc_code": null, "bank_branch": null, "pan_number": null, "employment_type": null, "blood_group": null, "basic_salary": null, "hra": null, "other_allowance": null, "transportation_allowance": null, "creator": 1, "branch": 2, "user": 30, "department": 2, "designation": 1, "course": 1, "history_date": "2025-04-03T06:03:53.066Z", "history_change_reason": null, "history_type": "~", "history_user": 1}}, {"model": "employees.historicalemployee", "pk": 46, "fields": {"id": 9, "created": "2025-04-03T06:06:04.391Z", "updated": "2025-04-03T06:06:04.391Z", "is_active": true, "first_name": "mushraf", "last_name": null, "employee_id": null, "gender": null, "marital_status": null, "personal_email": "mushraf@gmail.com", "mobile": null, "whatsapp": null, "date_of_birth": null, "religion": null, "experience": "", "qualifications": "", "photo": "", "official_email": null, "status": "Appointed", "resigned_date": null, "notice_date": null, "resigned_form": "", "termination_date": null, "termination_reason": null, "father_name": null, "father_mobile": null, "mother_name": null, "guardian_name": null, "guardian_mobile": null, "relationship_with_employee": null, "date_of_joining": null, "date_of_confirmation": null, "offer_letter": "", "joining_letter": "", "agreement_letter": "", "experience_letter": "", "type_of_residence": null, "residence_name": null, "residential_address": null, "residence_contact": null, "residential_zip_code": null, "permanent_address": null, "permanent_zip_code": null, "bank_name": null, "account_name": null, "account_number": null, "ifsc_code": null, "bank_branch": null, "pan_number": null, "employment_type": null, "blood_group": null, "basic_salary": null, "hra": null, "other_allowance": null, "transportation_allowance": null, "creator": 1, "branch": 2, "user": null, "department": null, "designation": null, "course": null, "history_date": "2025-04-03T06:06:04.397Z", "history_change_reason": null, "history_type": "+", "history_user": 1}}, {"model": "employees.historicalemployee", "pk": 47, "fields": {"id": 9, "created": "2025-04-03T06:06:04.391Z", "updated": "2025-04-03T06:06:06.230Z", "is_active": true, "first_name": "mushraf", "last_name": null, "employee_id": null, "gender": null, "marital_status": null, "personal_email": "mushraf@gmail.com", "mobile": null, "whatsapp": null, "date_of_birth": null, "religion": null, "experience": "", "qualifications": "", "photo": "", "official_email": null, "status": "Appointed", "resigned_date": null, "notice_date": null, "resigned_form": "", "termination_date": null, "termination_reason": null, "father_name": null, "father_mobile": null, "mother_name": null, "guardian_name": null, "guardian_mobile": null, "relationship_with_employee": null, "date_of_joining": null, "date_of_confirmation": null, "offer_letter": "", "joining_letter": "", "agreement_letter": "", "experience_letter": "", "type_of_residence": null, "residence_name": null, "residential_address": null, "residence_contact": null, "residential_zip_code": null, "permanent_address": null, "permanent_zip_code": null, "bank_name": null, "account_name": null, "account_number": null, "ifsc_code": null, "bank_branch": null, "pan_number": null, "employment_type": null, "blood_group": null, "basic_salary": null, "hra": null, "other_allowance": null, "transportation_allowance": null, "creator": 1, "branch": 2, "user": null, "department": null, "designation": null, "course": null, "history_date": "2025-04-03T06:06:06.236Z", "history_change_reason": null, "history_type": "~", "history_user": 1}}, {"model": "employees.historicalemployee", "pk": 48, "fields": {"id": 9, "created": "2025-04-03T06:06:04.391Z", "updated": "2025-04-03T06:06:07.630Z", "is_active": true, "first_name": "mushraf", "last_name": null, "employee_id": null, "gender": null, "marital_status": null, "personal_email": "mushraf@gmail.com", "mobile": null, "whatsapp": null, "date_of_birth": null, "religion": null, "experience": "", "qualifications": "", "photo": "", "official_email": null, "status": "Appointed", "resigned_date": null, "notice_date": null, "resigned_form": "", "termination_date": null, "termination_reason": null, "father_name": null, "father_mobile": null, "mother_name": null, "guardian_name": null, "guardian_mobile": null, "relationship_with_employee": null, "date_of_joining": null, "date_of_confirmation": null, "offer_letter": "", "joining_letter": "", "agreement_letter": "", "experience_letter": "", "type_of_residence": null, "residence_name": null, "residential_address": "", "residence_contact": null, "residential_zip_code": null, "permanent_address": "", "permanent_zip_code": null, "bank_name": null, "account_name": null, "account_number": null, "ifsc_code": null, "bank_branch": null, "pan_number": null, "employment_type": null, "blood_group": null, "basic_salary": null, "hra": null, "other_allowance": null, "transportation_allowance": null, "creator": 1, "branch": 2, "user": null, "department": null, "designation": null, "course": null, "history_date": "2025-04-03T06:06:07.638Z", "history_change_reason": null, "history_type": "~", "history_user": 1}}, {"model": "employees.historicalemployee", "pk": 49, "fields": {"id": 9, "created": "2025-04-03T06:06:04.391Z", "updated": "2025-04-03T06:06:13.797Z", "is_active": true, "first_name": "mushraf", "last_name": null, "employee_id": "0007", "gender": null, "marital_status": null, "personal_email": "mushraf@gmail.com", "mobile": null, "whatsapp": null, "date_of_birth": null, "religion": null, "experience": "", "qualifications": "", "photo": "", "official_email": null, "status": "Appointed", "resigned_date": null, "notice_date": null, "resigned_form": "", "termination_date": null, "termination_reason": null, "father_name": null, "father_mobile": null, "mother_name": null, "guardian_name": null, "guardian_mobile": null, "relationship_with_employee": null, "date_of_joining": null, "date_of_confirmation": null, "offer_letter": "", "joining_letter": "", "agreement_letter": "", "experience_letter": "", "type_of_residence": null, "residence_name": null, "residential_address": "", "residence_contact": null, "residential_zip_code": null, "permanent_address": "", "permanent_zip_code": null, "bank_name": null, "account_name": null, "account_number": null, "ifsc_code": null, "bank_branch": null, "pan_number": null, "employment_type": null, "blood_group": null, "basic_salary": null, "hra": null, "other_allowance": null, "transportation_allowance": null, "creator": 1, "branch": 2, "user": null, "department": 2, "designation": 1, "course": 1, "history_date": "2025-04-03T06:06:13.803Z", "history_change_reason": null, "history_type": "~", "history_user": 1}}, {"model": "employees.historicalemployee", "pk": 50, "fields": {"id": 9, "created": "2025-04-03T06:06:04.391Z", "updated": "2025-04-03T06:06:15.221Z", "is_active": true, "first_name": "mushraf", "last_name": null, "employee_id": "0007", "gender": null, "marital_status": null, "personal_email": "mushraf@gmail.com", "mobile": null, "whatsapp": null, "date_of_birth": null, "religion": null, "experience": "", "qualifications": "", "photo": "", "official_email": null, "status": "Appointed", "resigned_date": null, "notice_date": null, "resigned_form": "", "termination_date": null, "termination_reason": null, "father_name": null, "father_mobile": null, "mother_name": null, "guardian_name": null, "guardian_mobile": null, "relationship_with_employee": null, "date_of_joining": null, "date_of_confirmation": null, "offer_letter": "", "joining_letter": "", "agreement_letter": "", "experience_letter": "", "type_of_residence": null, "residence_name": null, "residential_address": "", "residence_contact": null, "residential_zip_code": null, "permanent_address": "", "permanent_zip_code": null, "bank_name": null, "account_name": null, "account_number": null, "ifsc_code": null, "bank_branch": null, "pan_number": null, "employment_type": null, "blood_group": null, "basic_salary": null, "hra": null, "other_allowance": null, "transportation_allowance": null, "creator": 1, "branch": 2, "user": null, "department": 2, "designation": 1, "course": 1, "history_date": "2025-04-03T06:06:15.228Z", "history_change_reason": null, "history_type": "~", "history_user": 1}}, {"model": "employees.historicalemployee", "pk": 51, "fields": {"id": 10, "created": "2025-04-03T06:11:07.302Z", "updated": "2025-04-03T06:11:07.302Z", "is_active": true, "first_name": "anees", "last_name": null, "employee_id": null, "gender": null, "marital_status": null, "personal_email": "anees@gmail.com", "mobile": null, "whatsapp": null, "date_of_birth": null, "religion": null, "experience": "", "qualifications": "", "photo": "", "official_email": null, "status": "Appointed", "resigned_date": null, "notice_date": null, "resigned_form": "", "termination_date": null, "termination_reason": null, "father_name": null, "father_mobile": null, "mother_name": null, "guardian_name": null, "guardian_mobile": null, "relationship_with_employee": null, "date_of_joining": null, "date_of_confirmation": null, "offer_letter": "", "joining_letter": "", "agreement_letter": "", "experience_letter": "", "type_of_residence": null, "residence_name": null, "residential_address": null, "residence_contact": null, "residential_zip_code": null, "permanent_address": null, "permanent_zip_code": null, "bank_name": null, "account_name": null, "account_number": null, "ifsc_code": null, "bank_branch": null, "pan_number": null, "employment_type": null, "blood_group": null, "basic_salary": null, "hra": null, "other_allowance": null, "transportation_allowance": null, "creator": null, "branch": 2, "user": null, "department": null, "designation": null, "course": null, "history_date": "2025-04-03T06:11:07.312Z", "history_change_reason": null, "history_type": "+", "history_user": 1}}, {"model": "employees.historicalemployee", "pk": 52, "fields": {"id": 10, "created": "2025-04-03T06:11:07.302Z", "updated": "2025-04-03T06:11:07.330Z", "is_active": true, "first_name": "anees", "last_name": null, "employee_id": null, "gender": null, "marital_status": null, "personal_email": "anees@gmail.com", "mobile": null, "whatsapp": null, "date_of_birth": null, "religion": null, "experience": "", "qualifications": "", "photo": "", "official_email": null, "status": "Appointed", "resigned_date": null, "notice_date": null, "resigned_form": "", "termination_date": null, "termination_reason": null, "father_name": null, "father_mobile": null, "mother_name": null, "guardian_name": null, "guardian_mobile": null, "relationship_with_employee": null, "date_of_joining": null, "date_of_confirmation": null, "offer_letter": "", "joining_letter": "", "agreement_letter": "", "experience_letter": "", "type_of_residence": null, "residence_name": null, "residential_address": null, "residence_contact": null, "residential_zip_code": null, "permanent_address": null, "permanent_zip_code": null, "bank_name": null, "account_name": null, "account_number": null, "ifsc_code": null, "bank_branch": null, "pan_number": null, "employment_type": null, "blood_group": null, "basic_salary": null, "hra": null, "other_allowance": null, "transportation_allowance": null, "creator": 1, "branch": 2, "user": null, "department": null, "designation": null, "course": null, "history_date": "2025-04-03T06:11:07.339Z", "history_change_reason": null, "history_type": "~", "history_user": 1}}, {"model": "employees.historicalemployee", "pk": 53, "fields": {"id": 10, "created": "2025-04-03T06:11:07.302Z", "updated": "2025-04-03T06:11:09.345Z", "is_active": true, "first_name": "anees", "last_name": "", "employee_id": null, "gender": null, "marital_status": null, "personal_email": "anees@gmail.com", "mobile": null, "whatsapp": null, "date_of_birth": null, "religion": null, "experience": "", "qualifications": "", "photo": "", "official_email": null, "status": "Appointed", "resigned_date": null, "notice_date": null, "resigned_form": "", "termination_date": null, "termination_reason": null, "father_name": null, "father_mobile": null, "mother_name": null, "guardian_name": null, "guardian_mobile": null, "relationship_with_employee": null, "date_of_joining": null, "date_of_confirmation": null, "offer_letter": "", "joining_letter": "", "agreement_letter": "", "experience_letter": "", "type_of_residence": null, "residence_name": null, "residential_address": null, "residence_contact": null, "residential_zip_code": null, "permanent_address": null, "permanent_zip_code": null, "bank_name": null, "account_name": null, "account_number": null, "ifsc_code": null, "bank_branch": null, "pan_number": null, "employment_type": null, "blood_group": null, "basic_salary": null, "hra": null, "other_allowance": null, "transportation_allowance": null, "creator": 1, "branch": 2, "user": null, "department": null, "designation": null, "course": null, "history_date": "2025-04-03T06:11:09.356Z", "history_change_reason": null, "history_type": "~", "history_user": 1}}, {"model": "employees.historicalemployee", "pk": 54, "fields": {"id": 10, "created": "2025-04-03T06:11:07.302Z", "updated": "2025-04-03T06:11:19.458Z", "is_active": true, "first_name": "anees", "last_name": "", "employee_id": null, "gender": null, "marital_status": null, "personal_email": "anees@gmail.com", "mobile": null, "whatsapp": null, "date_of_birth": null, "religion": null, "experience": "", "qualifications": "", "photo": "", "official_email": null, "status": "Appointed", "resigned_date": null, "notice_date": null, "resigned_form": "", "termination_date": null, "termination_reason": null, "father_name": null, "father_mobile": null, "mother_name": null, "guardian_name": null, "guardian_mobile": null, "relationship_with_employee": null, "date_of_joining": null, "date_of_confirmation": null, "offer_letter": "", "joining_letter": "", "agreement_letter": "", "experience_letter": "", "type_of_residence": null, "residence_name": null, "residential_address": null, "residence_contact": null, "residential_zip_code": null, "permanent_address": null, "permanent_zip_code": null, "bank_name": null, "account_name": null, "account_number": null, "ifsc_code": null, "bank_branch": null, "pan_number": null, "employment_type": null, "blood_group": null, "basic_salary": null, "hra": null, "other_allowance": null, "transportation_allowance": null, "creator": 1, "branch": 2, "user": null, "department": null, "designation": null, "course": null, "history_date": "2025-04-03T06:11:19.470Z", "history_change_reason": null, "history_type": "~", "history_user": 1}}, {"model": "employees.historicalemployee", "pk": 55, "fields": {"id": 10, "created": "2025-04-03T06:11:07.302Z", "updated": "2025-04-03T06:12:02.556Z", "is_active": true, "first_name": "anees", "last_name": "", "employee_id": null, "gender": null, "marital_status": null, "personal_email": "anees@gmail.com", "mobile": null, "whatsapp": null, "date_of_birth": null, "religion": null, "experience": "", "qualifications": "", "photo": "", "official_email": null, "status": "Appointed", "resigned_date": null, "notice_date": null, "resigned_form": "", "termination_date": null, "termination_reason": null, "father_name": null, "father_mobile": null, "mother_name": null, "guardian_name": null, "guardian_mobile": null, "relationship_with_employee": null, "date_of_joining": null, "date_of_confirmation": null, "offer_letter": "", "joining_letter": "", "agreement_letter": "", "experience_letter": "", "type_of_residence": null, "residence_name": null, "residential_address": null, "residence_contact": null, "residential_zip_code": null, "permanent_address": null, "permanent_zip_code": null, "bank_name": null, "account_name": null, "account_number": null, "ifsc_code": null, "bank_branch": null, "pan_number": null, "employment_type": null, "blood_group": null, "basic_salary": null, "hra": null, "other_allowance": null, "transportation_allowance": null, "creator": 1, "branch": 2, "user": null, "department": null, "designation": null, "course": null, "history_date": "2025-04-03T06:12:02.566Z", "history_change_reason": null, "history_type": "~", "history_user": 1}}, {"model": "employees.historicalemployee", "pk": 56, "fields": {"id": 10, "created": "2025-04-03T06:11:07.302Z", "updated": "2025-04-03T06:12:04.680Z", "is_active": true, "first_name": "anees", "last_name": "", "employee_id": null, "gender": null, "marital_status": null, "personal_email": "anees@gmail.com", "mobile": null, "whatsapp": null, "date_of_birth": null, "religion": null, "experience": "", "qualifications": "", "photo": "", "official_email": null, "status": "Appointed", "resigned_date": null, "notice_date": null, "resigned_form": "", "termination_date": null, "termination_reason": null, "father_name": null, "father_mobile": null, "mother_name": null, "guardian_name": null, "guardian_mobile": null, "relationship_with_employee": null, "date_of_joining": null, "date_of_confirmation": null, "offer_letter": "", "joining_letter": "", "agreement_letter": "", "experience_letter": "", "type_of_residence": null, "residence_name": null, "residential_address": "", "residence_contact": null, "residential_zip_code": null, "permanent_address": "", "permanent_zip_code": null, "bank_name": null, "account_name": null, "account_number": null, "ifsc_code": null, "bank_branch": null, "pan_number": null, "employment_type": null, "blood_group": null, "basic_salary": null, "hra": null, "other_allowance": null, "transportation_allowance": null, "creator": 1, "branch": 2, "user": null, "department": null, "designation": null, "course": null, "history_date": "2025-04-03T06:12:04.686Z", "history_change_reason": null, "history_type": "~", "history_user": 1}}, {"model": "employees.historicalemployee", "pk": 57, "fields": {"id": 10, "created": "2025-04-03T06:11:07.302Z", "updated": "2025-04-03T06:12:11.144Z", "is_active": true, "first_name": "anees", "last_name": "", "employee_id": "0008", "gender": null, "marital_status": null, "personal_email": "anees@gmail.com", "mobile": null, "whatsapp": null, "date_of_birth": null, "religion": null, "experience": "", "qualifications": "", "photo": "", "official_email": null, "status": "Appointed", "resigned_date": null, "notice_date": null, "resigned_form": "", "termination_date": null, "termination_reason": null, "father_name": null, "father_mobile": null, "mother_name": null, "guardian_name": null, "guardian_mobile": null, "relationship_with_employee": null, "date_of_joining": null, "date_of_confirmation": null, "offer_letter": "", "joining_letter": "", "agreement_letter": "", "experience_letter": "", "type_of_residence": null, "residence_name": null, "residential_address": "", "residence_contact": null, "residential_zip_code": null, "permanent_address": "", "permanent_zip_code": null, "bank_name": null, "account_name": null, "account_number": null, "ifsc_code": null, "bank_branch": null, "pan_number": null, "employment_type": null, "blood_group": null, "basic_salary": null, "hra": null, "other_allowance": null, "transportation_allowance": null, "creator": 1, "branch": 2, "user": null, "department": 2, "designation": 1, "course": 1, "history_date": "2025-04-03T06:12:11.150Z", "history_change_reason": null, "history_type": "~", "history_user": 1}}, {"model": "employees.historicalemployee", "pk": 58, "fields": {"id": 10, "created": "2025-04-03T06:11:07.302Z", "updated": "2025-04-03T06:12:12.953Z", "is_active": true, "first_name": "anees", "last_name": "", "employee_id": "0008", "gender": null, "marital_status": null, "personal_email": "anees@gmail.com", "mobile": null, "whatsapp": null, "date_of_birth": null, "religion": null, "experience": "", "qualifications": "", "photo": "", "official_email": null, "status": "Appointed", "resigned_date": null, "notice_date": null, "resigned_form": "", "termination_date": null, "termination_reason": null, "father_name": null, "father_mobile": null, "mother_name": null, "guardian_name": null, "guardian_mobile": null, "relationship_with_employee": null, "date_of_joining": null, "date_of_confirmation": null, "offer_letter": "", "joining_letter": "", "agreement_letter": "", "experience_letter": "", "type_of_residence": null, "residence_name": null, "residential_address": "", "residence_contact": null, "residential_zip_code": null, "permanent_address": "", "permanent_zip_code": null, "bank_name": null, "account_name": null, "account_number": null, "ifsc_code": null, "bank_branch": null, "pan_number": null, "employment_type": null, "blood_group": null, "basic_salary": null, "hra": null, "other_allowance": null, "transportation_allowance": null, "creator": 1, "branch": 2, "user": null, "department": 2, "designation": 1, "course": 1, "history_date": "2025-04-03T06:12:12.964Z", "history_change_reason": null, "history_type": "~", "history_user": 1}}, {"model": "employees.historicalemployee", "pk": 59, "fields": {"id": 10, "created": "2025-04-03T06:11:07.302Z", "updated": "2025-04-03T06:13:00.577Z", "is_active": true, "first_name": "anees", "last_name": "", "employee_id": "0008", "gender": null, "marital_status": null, "personal_email": "anees@gmail.com", "mobile": null, "whatsapp": null, "date_of_birth": null, "religion": null, "experience": "", "qualifications": "", "photo": "", "official_email": null, "status": "Appointed", "resigned_date": null, "notice_date": null, "resigned_form": "", "termination_date": null, "termination_reason": null, "father_name": null, "father_mobile": null, "mother_name": null, "guardian_name": null, "guardian_mobile": null, "relationship_with_employee": null, "date_of_joining": null, "date_of_confirmation": null, "offer_letter": "", "joining_letter": "", "agreement_letter": "", "experience_letter": "", "type_of_residence": null, "residence_name": null, "residential_address": "", "residence_contact": null, "residential_zip_code": null, "permanent_address": "", "permanent_zip_code": null, "bank_name": null, "account_name": null, "account_number": null, "ifsc_code": null, "bank_branch": null, "pan_number": null, "employment_type": null, "blood_group": null, "basic_salary": null, "hra": null, "other_allowance": null, "transportation_allowance": null, "creator": 1, "branch": 2, "user": 32, "department": 2, "designation": 1, "course": 1, "history_date": "2025-04-03T06:13:00.582Z", "history_change_reason": null, "history_type": "~", "history_user": 1}}, {"model": "employees.employee", "pk": 1, "fields": {"created": "2025-03-06T09:36:41.260Z", "updated": "2025-03-10T06:41:47.061Z", "creator": 1, "is_active": true, "branch": 1, "user": 2, "first_name": "Muhammed", "last_name": "Mansha", "employee_id": "0001", "gender": "MALE", "marital_status": "MARRIED", "personal_email": "mansha@gmail.com", "mobile": "9078656432", "whatsapp": "9078656432", "date_of_birth": "1998-10-12", "religion": "Muslim", "experience": "6 Months experience as a teacher", "qualifications": "B tech", "photo": "", "official_email": null, "department": 2, "designation": 1, "course": 1, "status": "Appointed", "resigned_date": null, "notice_date": null, "resigned_form": "", "termination_date": null, "termination_reason": null, "father_name": "Ahammed", "father_mobile": "Mansha", "mother_name": null, "guardian_name": null, "guardian_mobile": null, "relationship_with_employee": null, "date_of_joining": "2025-03-12", "date_of_confirmation": "2025-03-11", "offer_letter": "", "joining_letter": "", "agreement_letter": "", "experience_letter": "", "type_of_residence": null, "residence_name": null, "residential_address": "", "residence_contact": null, "residential_zip_code": null, "permanent_address": "", "permanent_zip_code": null, "bank_name": null, "account_name": null, "account_number": null, "ifsc_code": null, "bank_branch": null, "pan_number": null, "employment_type": "PERMANENT", "blood_group": "a-positive", "basic_salary": null, "hra": null, "other_allowance": null, "transportation_allowance": null}}, {"model": "employees.employee", "pk": 3, "fields": {"created": "2025-04-03T05:15:23.058Z", "updated": "2025-04-03T05:22:32.605Z", "creator": 1, "is_active": false, "branch": 1, "user": 27, "first_name": "aaa", "last_name": null, "employee_id": "0002", "gender": null, "marital_status": null, "personal_email": "test1@gmail.com", "mobile": null, "whatsapp": null, "date_of_birth": null, "religion": null, "experience": "", "qualifications": "", "photo": "", "official_email": null, "department": 2, "designation": 1, "course": 1, "status": "Appointed", "resigned_date": null, "notice_date": null, "resigned_form": "", "termination_date": null, "termination_reason": null, "father_name": "aa", "father_mobile": null, "mother_name": null, "guardian_name": null, "guardian_mobile": null, "relationship_with_employee": null, "date_of_joining": null, "date_of_confirmation": null, "offer_letter": "", "joining_letter": "", "agreement_letter": "", "experience_letter": "", "type_of_residence": null, "residence_name": null, "residential_address": "", "residence_contact": null, "residential_zip_code": null, "permanent_address": "", "permanent_zip_code": null, "bank_name": null, "account_name": null, "account_number": null, "ifsc_code": null, "bank_branch": null, "pan_number": null, "employment_type": null, "blood_group": null, "basic_salary": null, "hra": null, "other_allowance": null, "transportation_allowance": null}}, {"model": "employees.employee", "pk": 4, "fields": {"created": "2025-04-03T05:17:00.400Z", "updated": "2025-04-03T05:22:21.828Z", "creator": 1, "is_active": false, "branch": 1, "user": 28, "first_name": "bb", "last_name": null, "employee_id": "0003", "gender": null, "marital_status": null, "personal_email": null, "mobile": null, "whatsapp": null, "date_of_birth": null, "religion": null, "experience": "", "qualifications": "", "photo": "", "official_email": null, "department": 1, "designation": 1, "course": null, "status": "Appointed", "resigned_date": null, "notice_date": null, "resigned_form": "", "termination_date": null, "termination_reason": null, "father_name": null, "father_mobile": null, "mother_name": null, "guardian_name": null, "guardian_mobile": null, "relationship_with_employee": null, "date_of_joining": null, "date_of_confirmation": null, "offer_letter": "", "joining_letter": "", "agreement_letter": "", "experience_letter": "", "type_of_residence": null, "residence_name": null, "residential_address": "", "residence_contact": null, "residential_zip_code": null, "permanent_address": "", "permanent_zip_code": null, "bank_name": null, "account_name": null, "account_number": null, "ifsc_code": null, "bank_branch": null, "pan_number": null, "employment_type": null, "blood_group": null, "basic_salary": null, "hra": null, "other_allowance": null, "transportation_allowance": null}}, {"model": "employees.employee", "pk": 5, "fields": {"created": "2025-04-03T05:43:19.172Z", "updated": "2025-04-03T05:46:29.228Z", "creator": 1, "is_active": true, "branch": 1, "user": null, "first_name": "irfan", "last_name": null, "employee_id": null, "gender": null, "marital_status": null, "personal_email": "irfan@gmail.com", "mobile": null, "whatsapp": null, "date_of_birth": null, "religion": null, "experience": "", "qualifications": "", "photo": "", "official_email": null, "department": null, "designation": null, "course": null, "status": "Appointed", "resigned_date": null, "notice_date": null, "resigned_form": "", "termination_date": null, "termination_reason": null, "father_name": null, "father_mobile": null, "mother_name": null, "guardian_name": null, "guardian_mobile": null, "relationship_with_employee": null, "date_of_joining": null, "date_of_confirmation": null, "offer_letter": "", "joining_letter": "", "agreement_letter": "", "experience_letter": "", "type_of_residence": null, "residence_name": null, "residential_address": "", "residence_contact": null, "residential_zip_code": null, "permanent_address": "", "permanent_zip_code": null, "bank_name": null, "account_name": null, "account_number": null, "ifsc_code": null, "bank_branch": null, "pan_number": null, "employment_type": null, "blood_group": null, "basic_salary": null, "hra": null, "other_allowance": null, "transportation_allowance": null}}, {"model": "employees.employee", "pk": 6, "fields": {"created": "2025-04-03T05:47:08.452Z", "updated": "2025-04-03T05:47:11.867Z", "creator": 1, "is_active": true, "branch": 1, "user": null, "first_name": "shahabas", "last_name": null, "employee_id": null, "gender": null, "marital_status": null, "personal_email": "shahabas@gmail.com", "mobile": null, "whatsapp": null, "date_of_birth": null, "religion": null, "experience": "", "qualifications": "", "photo": "", "official_email": null, "department": null, "designation": null, "course": null, "status": "Appointed", "resigned_date": null, "notice_date": null, "resigned_form": "", "termination_date": null, "termination_reason": null, "father_name": null, "father_mobile": null, "mother_name": null, "guardian_name": null, "guardian_mobile": null, "relationship_with_employee": null, "date_of_joining": null, "date_of_confirmation": null, "offer_letter": "", "joining_letter": "", "agreement_letter": "", "experience_letter": "", "type_of_residence": null, "residence_name": null, "residential_address": "", "residence_contact": null, "residential_zip_code": null, "permanent_address": "", "permanent_zip_code": null, "bank_name": null, "account_name": null, "account_number": null, "ifsc_code": null, "bank_branch": null, "pan_number": null, "employment_type": null, "blood_group": null, "basic_salary": null, "hra": null, "other_allowance": null, "transportation_allowance": null}}, {"model": "employees.employee", "pk": 7, "fields": {"created": "2025-04-03T05:47:50.726Z", "updated": "2025-04-03T05:48:07.696Z", "creator": 1, "is_active": true, "branch": 1, "user": null, "first_name": "rafi", "last_name": null, "employee_id": "0005", "gender": null, "marital_status": null, "personal_email": "rafi@gmail.com", "mobile": null, "whatsapp": null, "date_of_birth": null, "religion": null, "experience": "", "qualifications": "", "photo": "", "official_email": null, "department": 2, "designation": 1, "course": 1, "status": "Appointed", "resigned_date": null, "notice_date": null, "resigned_form": "", "termination_date": null, "termination_reason": null, "father_name": null, "father_mobile": null, "mother_name": null, "guardian_name": null, "guardian_mobile": null, "relationship_with_employee": null, "date_of_joining": null, "date_of_confirmation": null, "offer_letter": "", "joining_letter": "", "agreement_letter": "", "experience_letter": "", "type_of_residence": null, "residence_name": null, "residential_address": "", "residence_contact": null, "residential_zip_code": null, "permanent_address": "", "permanent_zip_code": null, "bank_name": null, "account_name": null, "account_number": null, "ifsc_code": null, "bank_branch": null, "pan_number": null, "employment_type": null, "blood_group": null, "basic_salary": null, "hra": null, "other_allowance": null, "transportation_allowance": null}}, {"model": "employees.employee", "pk": 8, "fields": {"created": "2025-04-03T06:02:50.010Z", "updated": "2025-04-03T06:03:53.064Z", "creator": 1, "is_active": true, "branch": 2, "user": 30, "first_name": "java", "last_name": null, "employee_id": "0006", "gender": null, "marital_status": null, "personal_email": "java@gmail.com", "mobile": null, "whatsapp": null, "date_of_birth": null, "religion": null, "experience": "", "qualifications": "", "photo": "", "official_email": null, "department": 2, "designation": 1, "course": 1, "status": "Appointed", "resigned_date": null, "notice_date": null, "resigned_form": "", "termination_date": null, "termination_reason": null, "father_name": null, "father_mobile": null, "mother_name": null, "guardian_name": null, "guardian_mobile": null, "relationship_with_employee": null, "date_of_joining": null, "date_of_confirmation": null, "offer_letter": "", "joining_letter": "", "agreement_letter": "", "experience_letter": "", "type_of_residence": null, "residence_name": null, "residential_address": "", "residence_contact": null, "residential_zip_code": null, "permanent_address": "", "permanent_zip_code": null, "bank_name": null, "account_name": null, "account_number": null, "ifsc_code": null, "bank_branch": null, "pan_number": null, "employment_type": null, "blood_group": null, "basic_salary": null, "hra": null, "other_allowance": null, "transportation_allowance": null}}, {"model": "employees.employee", "pk": 9, "fields": {"created": "2025-04-03T06:06:04.391Z", "updated": "2025-04-03T06:06:15.221Z", "creator": 1, "is_active": true, "branch": 2, "user": null, "first_name": "mushraf", "last_name": null, "employee_id": "0007", "gender": null, "marital_status": null, "personal_email": "mushraf@gmail.com", "mobile": null, "whatsapp": null, "date_of_birth": null, "religion": null, "experience": "", "qualifications": "", "photo": "", "official_email": null, "department": 2, "designation": 1, "course": 1, "status": "Appointed", "resigned_date": null, "notice_date": null, "resigned_form": "", "termination_date": null, "termination_reason": null, "father_name": null, "father_mobile": null, "mother_name": null, "guardian_name": null, "guardian_mobile": null, "relationship_with_employee": null, "date_of_joining": null, "date_of_confirmation": null, "offer_letter": "", "joining_letter": "", "agreement_letter": "", "experience_letter": "", "type_of_residence": null, "residence_name": null, "residential_address": "", "residence_contact": null, "residential_zip_code": null, "permanent_address": "", "permanent_zip_code": null, "bank_name": null, "account_name": null, "account_number": null, "ifsc_code": null, "bank_branch": null, "pan_number": null, "employment_type": null, "blood_group": null, "basic_salary": null, "hra": null, "other_allowance": null, "transportation_allowance": null}}, {"model": "employees.employee", "pk": 10, "fields": {"created": "2025-04-03T06:11:07.302Z", "updated": "2025-04-03T06:13:00.577Z", "creator": 1, "is_active": true, "branch": 2, "user": 32, "first_name": "anees", "last_name": "", "employee_id": "0008", "gender": null, "marital_status": null, "personal_email": "anees@gmail.com", "mobile": null, "whatsapp": null, "date_of_birth": null, "religion": null, "experience": "", "qualifications": "", "photo": "", "official_email": null, "department": 2, "designation": 1, "course": 1, "status": "Appointed", "resigned_date": null, "notice_date": null, "resigned_form": "", "termination_date": null, "termination_reason": null, "father_name": null, "father_mobile": null, "mother_name": null, "guardian_name": null, "guardian_mobile": null, "relationship_with_employee": null, "date_of_joining": null, "date_of_confirmation": null, "offer_letter": "", "joining_letter": "", "agreement_letter": "", "experience_letter": "", "type_of_residence": null, "residence_name": null, "residential_address": "", "residence_contact": null, "residential_zip_code": null, "permanent_address": "", "permanent_zip_code": null, "bank_name": null, "account_name": null, "account_number": null, "ifsc_code": null, "bank_branch": null, "pan_number": null, "employment_type": null, "blood_group": null, "basic_salary": null, "hra": null, "other_allowance": null, "transportation_allowance": null}}, {"model": "admission.historicaladmission", "pk": 1, "fields": {"id": 1, "created": "2025-03-10T04:38:05.972Z", "updated": "2025-03-10T04:38:05.972Z", "is_active": true, "first_name": "midhlaj", "last_name": null, "joining_date": null, "date_of_birth": "2025-03-10", "gender": "MALE", "blood_group": "a-positive", "religion": "Muslim", "qualifications": "", "permanent_address": null, "communication_address": null, "personal_email": "midhlaj@gmail.com", "contact_number": "9037126398", "admission_number": "0001", "admission_date": "2025-03-10", "photo": "", "other_details": null, "parent_first_name": null, "parent_last_name": null, "parent_contact_number": null, "parent_whatsapp_number": null, "parent_mail_id": null, "fee_type": null, "is_discount": null, "discount_percentage": null, "creator": 1, "user": null, "branch": 1, "academic_year": 1, "course": null, "batch": null, "history_date": "2025-03-10T04:38:05.975Z", "history_change_reason": null, "history_type": "+", "history_user": 1}}, {"model": "admission.historicaladmission", "pk": 2, "fields": {"id": 1, "created": "2025-03-10T04:38:05.972Z", "updated": "2025-03-10T04:38:14.117Z", "is_active": true, "first_name": "midhlaj", "last_name": null, "joining_date": null, "date_of_birth": "2025-03-10", "gender": "MALE", "blood_group": "a-positive", "religion": "Muslim", "qualifications": "", "permanent_address": null, "communication_address": null, "personal_email": "midhlaj@gmail.com", "contact_number": "9037126398", "admission_number": "0001", "admission_date": "2025-03-10", "photo": "", "other_details": null, "parent_first_name": "basheer", "parent_last_name": null, "parent_contact_number": null, "parent_whatsapp_number": null, "parent_mail_id": null, "fee_type": null, "is_discount": null, "discount_percentage": null, "creator": 1, "user": null, "branch": 1, "academic_year": 1, "course": null, "batch": null, "history_date": "2025-03-10T04:38:14.125Z", "history_change_reason": null, "history_type": "~", "history_user": 1}}, {"model": "admission.historicaladmission", "pk": 3, "fields": {"id": 1, "created": "2025-03-10T04:38:05.972Z", "updated": "2025-03-10T04:38:15.814Z", "is_active": true, "first_name": "midhlaj", "last_name": null, "joining_date": null, "date_of_birth": "2025-03-10", "gender": "MALE", "blood_group": "a-positive", "religion": "Muslim", "qualifications": "", "permanent_address": "", "communication_address": "", "personal_email": "midhlaj@gmail.com", "contact_number": "9037126398", "admission_number": "0001", "admission_date": "2025-03-10", "photo": "", "other_details": null, "parent_first_name": "basheer", "parent_last_name": null, "parent_contact_number": null, "parent_whatsapp_number": null, "parent_mail_id": null, "fee_type": null, "is_discount": null, "discount_percentage": null, "creator": 1, "user": null, "branch": 1, "academic_year": 1, "course": null, "batch": null, "history_date": "2025-03-10T04:38:15.824Z", "history_change_reason": null, "history_type": "~", "history_user": 1}}, {"model": "admission.historicaladmission", "pk": 4, "fields": {"id": 1, "created": "2025-03-10T04:38:05.972Z", "updated": "2025-03-10T04:38:23.476Z", "is_active": true, "first_name": "midhlaj", "last_name": null, "joining_date": "2025-03-10", "date_of_birth": "2025-03-10", "gender": "MALE", "blood_group": "a-positive", "religion": "Muslim", "qualifications": "", "permanent_address": "", "communication_address": "", "personal_email": "midhlaj@gmail.com", "contact_number": "9037126398", "admission_number": "0001", "admission_date": "2025-03-10", "photo": "", "other_details": "", "parent_first_name": "basheer", "parent_last_name": null, "parent_contact_number": null, "parent_whatsapp_number": null, "parent_mail_id": null, "fee_type": null, "is_discount": null, "discount_percentage": null, "creator": 1, "user": null, "branch": 1, "academic_year": 1, "course": 1, "batch": 2, "history_date": "2025-03-10T04:38:23.481Z", "history_change_reason": null, "history_type": "~", "history_user": 1}}, {"model": "admission.historicaladmission", "pk": 5, "fields": {"id": 1, "created": "2025-03-10T04:38:05.972Z", "updated": "2025-03-10T04:38:34.449Z", "is_active": true, "first_name": "midhlaj", "last_name": null, "joining_date": "2025-03-10", "date_of_birth": "2025-03-10", "gender": "MALE", "blood_group": "a-positive", "religion": "Muslim", "qualifications": "", "permanent_address": "", "communication_address": "", "personal_email": "midhlaj@gmail.com", "contact_number": "9037126398", "admission_number": "0001", "admission_date": "2025-03-10", "photo": "", "other_details": "", "parent_first_name": "basheer", "parent_last_name": null, "parent_contact_number": null, "parent_whatsapp_number": null, "parent_mail_id": null, "fee_type": "one_time", "is_discount": "true", "discount_percentage": 5, "creator": 1, "user": null, "branch": 1, "academic_year": 1, "course": 1, "batch": 2, "history_date": "2025-03-10T04:38:34.450Z", "history_change_reason": null, "history_type": "~", "history_user": 1}}, {"model": "admission.historicaladmission", "pk": 6, "fields": {"id": 1, "created": "2025-03-10T04:38:05.972Z", "updated": "2025-03-10T04:38:41.844Z", "is_active": true, "first_name": "midhlaj", "last_name": null, "joining_date": "2025-03-10", "date_of_birth": "2025-03-10", "gender": "MALE", "blood_group": "a-positive", "religion": "Muslim", "qualifications": "", "permanent_address": "", "communication_address": "", "personal_email": "midhlaj@gmail.com", "contact_number": "9037126398", "admission_number": "0001", "admission_date": "2025-03-10", "photo": "", "other_details": "", "parent_first_name": "basheer", "parent_last_name": null, "parent_contact_number": null, "parent_whatsapp_number": null, "parent_mail_id": null, "fee_type": "one_time", "is_discount": "true", "discount_percentage": 5, "creator": 1, "user": 3, "branch": null, "academic_year": 1, "course": 1, "batch": 2, "history_date": "2025-03-10T04:38:41.847Z", "history_change_reason": null, "history_type": "~", "history_user": 1}}, {"model": "admission.historicaladmission", "pk": 7, "fields": {"id": 2, "created": "2025-03-10T04:42:39.195Z", "updated": "2025-03-10T04:42:39.195Z", "is_active": true, "first_name": "shabeeb", "last_name": null, "joining_date": null, "date_of_birth": "2025-03-11", "gender": null, "blood_group": null, "religion": "Muslim", "qualifications": "", "permanent_address": null, "communication_address": null, "personal_email": "shabeeb@gmail.com", "contact_number": "9080808", "admission_number": "0002", "admission_date": "2025-03-10", "photo": "", "other_details": null, "parent_first_name": null, "parent_last_name": null, "parent_contact_number": null, "parent_whatsapp_number": null, "parent_mail_id": null, "fee_type": null, "is_discount": null, "discount_percentage": null, "creator": 1, "user": null, "branch": 1, "academic_year": 1, "course": null, "batch": null, "history_date": "2025-03-10T04:42:39.200Z", "history_change_reason": null, "history_type": "+", "history_user": 1}}, {"model": "admission.historicaladmission", "pk": 8, "fields": {"id": 2, "created": "2025-03-10T04:42:39.195Z", "updated": "2025-03-10T04:42:42.480Z", "is_active": true, "first_name": "shabeeb", "last_name": null, "joining_date": null, "date_of_birth": "2025-03-11", "gender": null, "blood_group": null, "religion": "Muslim", "qualifications": "", "permanent_address": null, "communication_address": null, "personal_email": "shabeeb@gmail.com", "contact_number": "9080808", "admission_number": "0002", "admission_date": "2025-03-10", "photo": "", "other_details": null, "parent_first_name": "aaa", "parent_last_name": null, "parent_contact_number": null, "parent_whatsapp_number": null, "parent_mail_id": null, "fee_type": null, "is_discount": null, "discount_percentage": null, "creator": 1, "user": null, "branch": 1, "academic_year": 1, "course": null, "batch": null, "history_date": "2025-03-10T04:42:42.486Z", "history_change_reason": null, "history_type": "~", "history_user": 1}}, {"model": "admission.historicaladmission", "pk": 9, "fields": {"id": 2, "created": "2025-03-10T04:42:39.195Z", "updated": "2025-03-10T04:42:43.783Z", "is_active": true, "first_name": "shabeeb", "last_name": null, "joining_date": null, "date_of_birth": "2025-03-11", "gender": null, "blood_group": null, "religion": "Muslim", "qualifications": "", "permanent_address": "", "communication_address": "", "personal_email": "shabeeb@gmail.com", "contact_number": "9080808", "admission_number": "0002", "admission_date": "2025-03-10", "photo": "", "other_details": null, "parent_first_name": "aaa", "parent_last_name": null, "parent_contact_number": null, "parent_whatsapp_number": null, "parent_mail_id": null, "fee_type": null, "is_discount": null, "discount_percentage": null, "creator": 1, "user": null, "branch": 1, "academic_year": 1, "course": null, "batch": null, "history_date": "2025-03-10T04:42:43.790Z", "history_change_reason": null, "history_type": "~", "history_user": 1}}, {"model": "admission.historicaladmission", "pk": 10, "fields": {"id": 2, "created": "2025-03-10T04:42:39.195Z", "updated": "2025-03-10T04:42:50.404Z", "is_active": true, "first_name": "shabeeb", "last_name": null, "joining_date": "2025-03-11", "date_of_birth": "2025-03-11", "gender": null, "blood_group": null, "religion": "Muslim", "qualifications": "", "permanent_address": "", "communication_address": "", "personal_email": "shabeeb@gmail.com", "contact_number": "9080808", "admission_number": "0002", "admission_date": "2025-03-10", "photo": "", "other_details": "", "parent_first_name": "aaa", "parent_last_name": null, "parent_contact_number": null, "parent_whatsapp_number": null, "parent_mail_id": null, "fee_type": null, "is_discount": null, "discount_percentage": null, "creator": 1, "user": null, "branch": 1, "academic_year": 1, "course": 1, "batch": 2, "history_date": "2025-03-10T04:42:50.407Z", "history_change_reason": null, "history_type": "~", "history_user": 1}}, {"model": "admission.historicaladmission", "pk": 11, "fields": {"id": 2, "created": "2025-03-10T04:42:39.195Z", "updated": "2025-03-10T04:42:53.421Z", "is_active": true, "first_name": "shabeeb", "last_name": null, "joining_date": "2025-03-11", "date_of_birth": "2025-03-11", "gender": null, "blood_group": null, "religion": "Muslim", "qualifications": "", "permanent_address": "", "communication_address": "", "personal_email": "shabeeb@gmail.com", "contact_number": "9080808", "admission_number": "0002", "admission_date": "2025-03-10", "photo": "", "other_details": "", "parent_first_name": "aaa", "parent_last_name": null, "parent_contact_number": null, "parent_whatsapp_number": null, "parent_mail_id": null, "fee_type": "installment", "is_discount": null, "discount_percentage": null, "creator": 1, "user": null, "branch": 1, "academic_year": 1, "course": 1, "batch": 2, "history_date": "2025-03-10T04:42:53.423Z", "history_change_reason": null, "history_type": "~", "history_user": 1}}, {"model": "admission.historicaladmission", "pk": 12, "fields": {"id": 2, "created": "2025-03-10T04:42:39.195Z", "updated": "2025-03-10T04:42:59.979Z", "is_active": true, "first_name": "shabeeb", "last_name": null, "joining_date": "2025-03-11", "date_of_birth": "2025-03-11", "gender": null, "blood_group": null, "religion": "Muslim", "qualifications": "", "permanent_address": "", "communication_address": "", "personal_email": "shabeeb@gmail.com", "contact_number": "9080808", "admission_number": "0002", "admission_date": "2025-03-10", "photo": "", "other_details": "", "parent_first_name": "aaa", "parent_last_name": null, "parent_contact_number": null, "parent_whatsapp_number": null, "parent_mail_id": null, "fee_type": "installment", "is_discount": null, "discount_percentage": null, "creator": 1, "user": 4, "branch": null, "academic_year": 1, "course": 1, "batch": 2, "history_date": "2025-03-10T04:42:59.982Z", "history_change_reason": null, "history_type": "~", "history_user": 1}}, {"model": "admission.historicaladmission", "pk": 13, "fields": {"id": 2, "created": "2025-03-10T04:42:39.195Z", "updated": "2025-03-10T04:54:44.660Z", "is_active": true, "first_name": "shabeeb", "last_name": null, "joining_date": "2025-03-11", "date_of_birth": "2025-03-11", "gender": null, "blood_group": null, "religion": "Muslim", "qualifications": "", "permanent_address": "", "communication_address": "", "personal_email": "shabeeb@gmail.com", "contact_number": "9080808", "admission_number": "0002", "admission_date": "2025-03-10", "photo": "", "other_details": "", "parent_first_name": "aaa", "parent_last_name": null, "parent_contact_number": null, "parent_whatsapp_number": null, "parent_mail_id": null, "fee_type": "installment", "is_discount": null, "discount_percentage": null, "creator": 1, "user": 4, "branch": 1, "academic_year": 1, "course": 1, "batch": 2, "history_date": "2025-03-10T04:54:44.667Z", "history_change_reason": null, "history_type": "~", "history_user": 1}}, {"model": "admission.historicaladmission", "pk": 14, "fields": {"id": 1, "created": "2025-03-10T04:38:05.972Z", "updated": "2025-03-10T04:54:54.958Z", "is_active": true, "first_name": "midhlaj", "last_name": null, "joining_date": "2025-03-10", "date_of_birth": "2025-03-10", "gender": "MALE", "blood_group": "a-positive", "religion": "Muslim", "qualifications": "", "permanent_address": "", "communication_address": "", "personal_email": "midhlaj@gmail.com", "contact_number": "9037126398", "admission_number": "0001", "admission_date": "2025-03-10", "photo": "", "other_details": "", "parent_first_name": "basheer", "parent_last_name": null, "parent_contact_number": null, "parent_whatsapp_number": null, "parent_mail_id": null, "fee_type": "one_time", "is_discount": "true", "discount_percentage": 5, "creator": 1, "user": 3, "branch": 1, "academic_year": 1, "course": 1, "batch": 2, "history_date": "2025-03-10T04:54:54.977Z", "history_change_reason": null, "history_type": "~", "history_user": 1}}, {"model": "admission.historicaladmission", "pk": 15, "fields": {"id": 3, "created": "2025-03-10T04:57:58.329Z", "updated": "2025-03-10T04:57:58.329Z", "is_active": true, "first_name": "irfan", "last_name": null, "joining_date": null, "date_of_birth": "2025-03-12", "gender": "MALE", "blood_group": null, "religion": "Muslim", "qualifications": "", "permanent_address": null, "communication_address": null, "personal_email": "irfan@gmail.com", "contact_number": "90909809", "admission_number": "0003", "admission_date": "2025-03-10", "photo": "", "other_details": null, "parent_first_name": null, "parent_last_name": null, "parent_contact_number": null, "parent_whatsapp_number": null, "parent_mail_id": null, "fee_type": null, "is_discount": null, "discount_percentage": null, "creator": 1, "user": null, "branch": 1, "academic_year": 1, "course": null, "batch": null, "history_date": "2025-03-10T04:57:58.335Z", "history_change_reason": null, "history_type": "+", "history_user": 1}}, {"model": "admission.historicaladmission", "pk": 16, "fields": {"id": 3, "created": "2025-03-10T04:57:58.329Z", "updated": "2025-03-10T04:58:02.380Z", "is_active": true, "first_name": "irfan", "last_name": null, "joining_date": null, "date_of_birth": "2025-03-12", "gender": "MALE", "blood_group": null, "religion": "Muslim", "qualifications": "", "permanent_address": null, "communication_address": null, "personal_email": "irfan@gmail.com", "contact_number": "90909809", "admission_number": "0003", "admission_date": "2025-03-10", "photo": "", "other_details": null, "parent_first_name": "aa", "parent_last_name": null, "parent_contact_number": null, "parent_whatsapp_number": null, "parent_mail_id": null, "fee_type": null, "is_discount": null, "discount_percentage": null, "creator": 1, "user": null, "branch": 1, "academic_year": 1, "course": null, "batch": null, "history_date": "2025-03-10T04:58:02.394Z", "history_change_reason": null, "history_type": "~", "history_user": 1}}, {"model": "admission.historicaladmission", "pk": 17, "fields": {"id": 3, "created": "2025-03-10T04:57:58.329Z", "updated": "2025-03-10T04:58:03.928Z", "is_active": true, "first_name": "irfan", "last_name": null, "joining_date": null, "date_of_birth": "2025-03-12", "gender": "MALE", "blood_group": null, "religion": "Muslim", "qualifications": "", "permanent_address": "", "communication_address": "", "personal_email": "irfan@gmail.com", "contact_number": "90909809", "admission_number": "0003", "admission_date": "2025-03-10", "photo": "", "other_details": null, "parent_first_name": "aa", "parent_last_name": null, "parent_contact_number": null, "parent_whatsapp_number": null, "parent_mail_id": null, "fee_type": null, "is_discount": null, "discount_percentage": null, "creator": 1, "user": null, "branch": 1, "academic_year": 1, "course": null, "batch": null, "history_date": "2025-03-10T04:58:03.933Z", "history_change_reason": null, "history_type": "~", "history_user": 1}}, {"model": "admission.historicaladmission", "pk": 18, "fields": {"id": 3, "created": "2025-03-10T04:57:58.329Z", "updated": "2025-03-10T04:58:13.725Z", "is_active": true, "first_name": "irfan", "last_name": null, "joining_date": "2025-03-11", "date_of_birth": "2025-03-12", "gender": "MALE", "blood_group": null, "religion": "Muslim", "qualifications": "", "permanent_address": "", "communication_address": "", "personal_email": "irfan@gmail.com", "contact_number": "90909809", "admission_number": "0003", "admission_date": "2025-03-10", "photo": "", "other_details": "", "parent_first_name": "aa", "parent_last_name": null, "parent_contact_number": null, "parent_whatsapp_number": null, "parent_mail_id": null, "fee_type": null, "is_discount": null, "discount_percentage": null, "creator": 1, "user": null, "branch": 1, "academic_year": 1, "course": 1, "batch": 2, "history_date": "2025-03-10T04:58:13.731Z", "history_change_reason": null, "history_type": "~", "history_user": 1}}, {"model": "admission.historicaladmission", "pk": 19, "fields": {"id": 3, "created": "2025-03-10T04:57:58.329Z", "updated": "2025-03-10T04:58:17.314Z", "is_active": true, "first_name": "irfan", "last_name": null, "joining_date": "2025-03-11", "date_of_birth": "2025-03-12", "gender": "MALE", "blood_group": null, "religion": "Muslim", "qualifications": "", "permanent_address": "", "communication_address": "", "personal_email": "irfan@gmail.com", "contact_number": "90909809", "admission_number": "0003", "admission_date": "2025-03-10", "photo": "", "other_details": "", "parent_first_name": "aa", "parent_last_name": null, "parent_contact_number": null, "parent_whatsapp_number": null, "parent_mail_id": null, "fee_type": "Finance", "is_discount": null, "discount_percentage": null, "creator": 1, "user": null, "branch": 1, "academic_year": 1, "course": 1, "batch": 2, "history_date": "2025-03-10T04:58:17.317Z", "history_change_reason": null, "history_type": "~", "history_user": 1}}, {"model": "admission.historicaladmission", "pk": 20, "fields": {"id": 3, "created": "2025-03-10T04:57:58.329Z", "updated": "2025-03-10T04:58:25.918Z", "is_active": true, "first_name": "irfan", "last_name": null, "joining_date": "2025-03-11", "date_of_birth": "2025-03-12", "gender": "MALE", "blood_group": null, "religion": "Muslim", "qualifications": "", "permanent_address": "", "communication_address": "", "personal_email": "irfan@gmail.com", "contact_number": "90909809", "admission_number": "0003", "admission_date": "2025-03-10", "photo": "", "other_details": "", "parent_first_name": "aa", "parent_last_name": null, "parent_contact_number": null, "parent_whatsapp_number": null, "parent_mail_id": null, "fee_type": "Finance", "is_discount": null, "discount_percentage": null, "creator": 1, "user": 5, "branch": null, "academic_year": 1, "course": 1, "batch": 2, "history_date": "2025-03-10T04:58:25.924Z", "history_change_reason": null, "history_type": "~", "history_user": 1}}, {"model": "admission.historicaladmission", "pk": 21, "fields": {"id": 3, "created": "2025-03-10T04:57:58.329Z", "updated": "2025-03-10T04:58:25.918Z", "is_active": true, "first_name": "irfan", "last_name": null, "joining_date": "2025-03-11", "date_of_birth": "2025-03-12", "gender": "MALE", "blood_group": null, "religion": "Muslim", "qualifications": "", "permanent_address": "", "communication_address": "", "personal_email": "irfan@gmail.com", "contact_number": "90909809", "admission_number": "0003", "admission_date": "2025-03-10", "photo": "", "other_details": "", "parent_first_name": "aa", "parent_last_name": null, "parent_contact_number": null, "parent_whatsapp_number": null, "parent_mail_id": null, "fee_type": "Finance", "is_discount": null, "discount_percentage": null, "creator": 1, "user": 5, "branch": null, "academic_year": 1, "course": 1, "batch": 2, "history_date": "2025-03-10T05:00:41.514Z", "history_change_reason": null, "history_type": "-", "history_user": 1}}, {"model": "admission.historicaladmission", "pk": 22, "fields": {"id": 4, "created": "2025-03-10T05:01:06.301Z", "updated": "2025-03-10T05:01:06.301Z", "is_active": true, "first_name": "irfan", "last_name": null, "joining_date": null, "date_of_birth": "2025-03-10", "gender": "MALE", "blood_group": null, "religion": null, "qualifications": "", "permanent_address": null, "communication_address": null, "personal_email": "irfan@gmail.com", "contact_number": "32323", "admission_number": "0003", "admission_date": "2025-03-10", "photo": "", "other_details": null, "parent_first_name": null, "parent_last_name": null, "parent_contact_number": null, "parent_whatsapp_number": null, "parent_mail_id": null, "fee_type": null, "is_discount": null, "discount_percentage": null, "creator": 1, "user": null, "branch": 1, "academic_year": 1, "course": null, "batch": null, "history_date": "2025-03-10T05:01:06.305Z", "history_change_reason": null, "history_type": "+", "history_user": 1}}, {"model": "admission.historicaladmission", "pk": 23, "fields": {"id": 4, "created": "2025-03-10T05:01:06.301Z", "updated": "2025-03-10T05:01:08.940Z", "is_active": true, "first_name": "irfan", "last_name": null, "joining_date": null, "date_of_birth": "2025-03-10", "gender": "MALE", "blood_group": null, "religion": null, "qualifications": "", "permanent_address": null, "communication_address": null, "personal_email": "irfan@gmail.com", "contact_number": "32323", "admission_number": "0003", "admission_date": "2025-03-10", "photo": "", "other_details": null, "parent_first_name": "aa", "parent_last_name": null, "parent_contact_number": null, "parent_whatsapp_number": null, "parent_mail_id": null, "fee_type": null, "is_discount": null, "discount_percentage": null, "creator": 1, "user": null, "branch": 1, "academic_year": 1, "course": null, "batch": null, "history_date": "2025-03-10T05:01:08.947Z", "history_change_reason": null, "history_type": "~", "history_user": 1}}, {"model": "admission.historicaladmission", "pk": 24, "fields": {"id": 4, "created": "2025-03-10T05:01:06.301Z", "updated": "2025-03-10T05:01:10.125Z", "is_active": true, "first_name": "irfan", "last_name": null, "joining_date": null, "date_of_birth": "2025-03-10", "gender": "MALE", "blood_group": null, "religion": null, "qualifications": "", "permanent_address": "", "communication_address": "", "personal_email": "irfan@gmail.com", "contact_number": "32323", "admission_number": "0003", "admission_date": "2025-03-10", "photo": "", "other_details": null, "parent_first_name": "aa", "parent_last_name": null, "parent_contact_number": null, "parent_whatsapp_number": null, "parent_mail_id": null, "fee_type": null, "is_discount": null, "discount_percentage": null, "creator": 1, "user": null, "branch": 1, "academic_year": 1, "course": null, "batch": null, "history_date": "2025-03-10T05:01:10.130Z", "history_change_reason": null, "history_type": "~", "history_user": 1}}, {"model": "admission.historicaladmission", "pk": 25, "fields": {"id": 4, "created": "2025-03-10T05:01:06.301Z", "updated": "2025-03-10T05:01:16.611Z", "is_active": true, "first_name": "irfan", "last_name": null, "joining_date": "2025-03-10", "date_of_birth": "2025-03-10", "gender": "MALE", "blood_group": null, "religion": null, "qualifications": "", "permanent_address": "", "communication_address": "", "personal_email": "irfan@gmail.com", "contact_number": "32323", "admission_number": "0003", "admission_date": "2025-03-10", "photo": "", "other_details": "", "parent_first_name": "aa", "parent_last_name": null, "parent_contact_number": null, "parent_whatsapp_number": null, "parent_mail_id": null, "fee_type": null, "is_discount": null, "discount_percentage": null, "creator": 1, "user": null, "branch": 1, "academic_year": 1, "course": 1, "batch": 2, "history_date": "2025-03-10T05:01:16.619Z", "history_change_reason": null, "history_type": "~", "history_user": 1}}, {"model": "admission.historicaladmission", "pk": 26, "fields": {"id": 4, "created": "2025-03-10T05:01:06.301Z", "updated": "2025-03-10T05:01:19.448Z", "is_active": true, "first_name": "irfan", "last_name": null, "joining_date": "2025-03-10", "date_of_birth": "2025-03-10", "gender": "MALE", "blood_group": null, "religion": null, "qualifications": "", "permanent_address": "", "communication_address": "", "personal_email": "irfan@gmail.com", "contact_number": "32323", "admission_number": "0003", "admission_date": "2025-03-10", "photo": "", "other_details": "", "parent_first_name": "aa", "parent_last_name": null, "parent_contact_number": null, "parent_whatsapp_number": null, "parent_mail_id": null, "fee_type": "Finance", "is_discount": null, "discount_percentage": null, "creator": 1, "user": null, "branch": 1, "academic_year": 1, "course": 1, "batch": 2, "history_date": "2025-03-10T05:01:19.450Z", "history_change_reason": null, "history_type": "~", "history_user": 1}}, {"model": "admission.historicaladmission", "pk": 27, "fields": {"id": 4, "created": "2025-03-10T05:01:06.301Z", "updated": "2025-03-10T05:01:33.809Z", "is_active": true, "first_name": "irfan", "last_name": null, "joining_date": "2025-03-10", "date_of_birth": "2025-03-10", "gender": "MALE", "blood_group": null, "religion": null, "qualifications": "", "permanent_address": "", "communication_address": "", "personal_email": "irfan@gmail.com", "contact_number": "32323", "admission_number": "0003", "admission_date": "2025-03-10", "photo": "", "other_details": "", "parent_first_name": "aa", "parent_last_name": null, "parent_contact_number": null, "parent_whatsapp_number": null, "parent_mail_id": null, "fee_type": "Finance", "is_discount": null, "discount_percentage": null, "creator": 1, "user": 6, "branch": null, "academic_year": 1, "course": 1, "batch": 2, "history_date": "2025-03-10T05:01:33.813Z", "history_change_reason": null, "history_type": "~", "history_user": 1}}, {"model": "admission.historicaladmission", "pk": 28, "fields": {"id": 5, "created": "2025-03-10T05:04:37.732Z", "updated": "2025-03-10T05:04:37.732Z", "is_active": true, "first_name": "salman", "last_name": null, "joining_date": null, "date_of_birth": "2025-03-11", "gender": null, "blood_group": null, "religion": null, "qualifications": "", "permanent_address": null, "communication_address": null, "personal_email": "salman@gmail.com", "contact_number": "90786564", "admission_number": "0004", "admission_date": "2025-03-10", "photo": "", "other_details": null, "parent_first_name": null, "parent_last_name": null, "parent_contact_number": null, "parent_whatsapp_number": null, "parent_mail_id": null, "fee_type": null, "is_discount": null, "discount_percentage": null, "creator": 1, "user": null, "branch": 1, "academic_year": 1, "course": null, "batch": null, "history_date": "2025-03-10T05:04:37.737Z", "history_change_reason": null, "history_type": "+", "history_user": 1}}, {"model": "admission.historicaladmission", "pk": 29, "fields": {"id": 5, "created": "2025-03-10T05:04:37.732Z", "updated": "2025-03-10T05:04:40.935Z", "is_active": true, "first_name": "salman", "last_name": null, "joining_date": null, "date_of_birth": "2025-03-11", "gender": null, "blood_group": null, "religion": null, "qualifications": "", "permanent_address": null, "communication_address": null, "personal_email": "salman@gmail.com", "contact_number": "90786564", "admission_number": "0004", "admission_date": "2025-03-10", "photo": "", "other_details": null, "parent_first_name": "aa", "parent_last_name": null, "parent_contact_number": null, "parent_whatsapp_number": null, "parent_mail_id": null, "fee_type": null, "is_discount": null, "discount_percentage": null, "creator": 1, "user": null, "branch": 1, "academic_year": 1, "course": null, "batch": null, "history_date": "2025-03-10T05:04:40.945Z", "history_change_reason": null, "history_type": "~", "history_user": 1}}, {"model": "admission.historicaladmission", "pk": 30, "fields": {"id": 5, "created": "2025-03-10T05:04:37.732Z", "updated": "2025-03-10T05:04:42.336Z", "is_active": true, "first_name": "salman", "last_name": null, "joining_date": null, "date_of_birth": "2025-03-11", "gender": null, "blood_group": null, "religion": null, "qualifications": "", "permanent_address": "", "communication_address": "", "personal_email": "salman@gmail.com", "contact_number": "90786564", "admission_number": "0004", "admission_date": "2025-03-10", "photo": "", "other_details": null, "parent_first_name": "aa", "parent_last_name": null, "parent_contact_number": null, "parent_whatsapp_number": null, "parent_mail_id": null, "fee_type": null, "is_discount": null, "discount_percentage": null, "creator": 1, "user": null, "branch": 1, "academic_year": 1, "course": null, "batch": null, "history_date": "2025-03-10T05:04:42.341Z", "history_change_reason": null, "history_type": "~", "history_user": 1}}, {"model": "admission.historicaladmission", "pk": 31, "fields": {"id": 5, "created": "2025-03-10T05:04:37.732Z", "updated": "2025-03-10T05:04:48.632Z", "is_active": true, "first_name": "salman", "last_name": null, "joining_date": "2025-03-11", "date_of_birth": "2025-03-11", "gender": null, "blood_group": null, "religion": null, "qualifications": "", "permanent_address": "", "communication_address": "", "personal_email": "salman@gmail.com", "contact_number": "90786564", "admission_number": "0004", "admission_date": "2025-03-10", "photo": "", "other_details": "", "parent_first_name": "aa", "parent_last_name": null, "parent_contact_number": null, "parent_whatsapp_number": null, "parent_mail_id": null, "fee_type": null, "is_discount": null, "discount_percentage": null, "creator": 1, "user": null, "branch": 1, "academic_year": 1, "course": 1, "batch": 2, "history_date": "2025-03-10T05:04:48.635Z", "history_change_reason": null, "history_type": "~", "history_user": 1}}, {"model": "admission.historicaladmission", "pk": 32, "fields": {"id": 5, "created": "2025-03-10T05:04:37.732Z", "updated": "2025-03-10T05:04:51.512Z", "is_active": true, "first_name": "salman", "last_name": null, "joining_date": "2025-03-11", "date_of_birth": "2025-03-11", "gender": null, "blood_group": null, "religion": null, "qualifications": "", "permanent_address": "", "communication_address": "", "personal_email": "salman@gmail.com", "contact_number": "90786564", "admission_number": "0004", "admission_date": "2025-03-10", "photo": "", "other_details": "", "parent_first_name": "aa", "parent_last_name": null, "parent_contact_number": null, "parent_whatsapp_number": null, "parent_mail_id": null, "fee_type": "installment", "is_discount": null, "discount_percentage": null, "creator": 1, "user": null, "branch": 1, "academic_year": 1, "course": 1, "batch": 2, "history_date": "2025-03-10T05:04:51.515Z", "history_change_reason": null, "history_type": "~", "history_user": 1}}, {"model": "admission.historicaladmission", "pk": 33, "fields": {"id": 5, "created": "2025-03-10T05:04:37.732Z", "updated": "2025-03-10T05:04:57.700Z", "is_active": true, "first_name": "salman", "last_name": null, "joining_date": "2025-03-11", "date_of_birth": "2025-03-11", "gender": null, "blood_group": null, "religion": null, "qualifications": "", "permanent_address": "", "communication_address": "", "personal_email": "salman@gmail.com", "contact_number": "90786564", "admission_number": "0004", "admission_date": "2025-03-10", "photo": "", "other_details": "", "parent_first_name": "aa", "parent_last_name": null, "parent_contact_number": null, "parent_whatsapp_number": null, "parent_mail_id": null, "fee_type": "installment", "is_discount": null, "discount_percentage": null, "creator": 1, "user": 7, "branch": null, "academic_year": 1, "course": 1, "batch": 2, "history_date": "2025-03-10T05:04:57.708Z", "history_change_reason": null, "history_type": "~", "history_user": 1}}, {"model": "admission.historicaladmission", "pk": 34, "fields": {"id": 6, "created": "2025-03-10T05:07:46.561Z", "updated": "2025-03-10T05:07:46.561Z", "is_active": true, "first_name": "munshir", "last_name": null, "joining_date": null, "date_of_birth": "2025-03-18", "gender": null, "blood_group": null, "religion": null, "qualifications": "", "permanent_address": null, "communication_address": null, "personal_email": "munshir@gmail.com", "contact_number": "2232323", "admission_number": "0005", "admission_date": "2025-03-10", "photo": "", "other_details": null, "parent_first_name": null, "parent_last_name": null, "parent_contact_number": null, "parent_whatsapp_number": null, "parent_mail_id": null, "fee_type": null, "is_discount": null, "discount_percentage": null, "creator": 1, "user": null, "branch": null, "academic_year": null, "course": null, "batch": null, "history_date": "2025-03-10T05:07:46.566Z", "history_change_reason": null, "history_type": "+", "history_user": 1}}, {"model": "admission.historicaladmission", "pk": 35, "fields": {"id": 6, "created": "2025-03-10T05:07:46.561Z", "updated": "2025-03-10T05:07:46.574Z", "is_active": true, "first_name": "munshir", "last_name": null, "joining_date": null, "date_of_birth": "2025-03-18", "gender": null, "blood_group": null, "religion": null, "qualifications": "", "permanent_address": null, "communication_address": null, "personal_email": "munshir@gmail.com", "contact_number": "2232323", "admission_number": "0005", "admission_date": "2025-03-10", "photo": "", "other_details": null, "parent_first_name": null, "parent_last_name": null, "parent_contact_number": null, "parent_whatsapp_number": null, "parent_mail_id": null, "fee_type": null, "is_discount": null, "discount_percentage": null, "creator": 1, "user": null, "branch": 1, "academic_year": 1, "course": null, "batch": null, "history_date": "2025-03-10T05:07:46.580Z", "history_change_reason": null, "history_type": "~", "history_user": 1}}, {"model": "admission.historicaladmission", "pk": 36, "fields": {"id": 6, "created": "2025-03-10T05:07:46.561Z", "updated": "2025-03-10T05:07:51.243Z", "is_active": true, "first_name": "munshir", "last_name": null, "joining_date": null, "date_of_birth": "2025-03-18", "gender": null, "blood_group": null, "religion": null, "qualifications": "", "permanent_address": null, "communication_address": null, "personal_email": "munshir@gmail.com", "contact_number": "2232323", "admission_number": "0005", "admission_date": "2025-03-10", "photo": "", "other_details": null, "parent_first_name": "aa", "parent_last_name": null, "parent_contact_number": null, "parent_whatsapp_number": null, "parent_mail_id": null, "fee_type": null, "is_discount": null, "discount_percentage": null, "creator": 1, "user": null, "branch": 1, "academic_year": 1, "course": null, "batch": null, "history_date": "2025-03-10T05:07:51.248Z", "history_change_reason": null, "history_type": "~", "history_user": 1}}, {"model": "admission.historicaladmission", "pk": 37, "fields": {"id": 6, "created": "2025-03-10T05:07:46.561Z", "updated": "2025-03-10T05:07:52.806Z", "is_active": true, "first_name": "munshir", "last_name": null, "joining_date": null, "date_of_birth": "2025-03-18", "gender": null, "blood_group": null, "religion": null, "qualifications": "", "permanent_address": "", "communication_address": "", "personal_email": "munshir@gmail.com", "contact_number": "2232323", "admission_number": "0005", "admission_date": "2025-03-10", "photo": "", "other_details": null, "parent_first_name": "aa", "parent_last_name": null, "parent_contact_number": null, "parent_whatsapp_number": null, "parent_mail_id": null, "fee_type": null, "is_discount": null, "discount_percentage": null, "creator": 1, "user": null, "branch": 1, "academic_year": 1, "course": null, "batch": null, "history_date": "2025-03-10T05:07:52.811Z", "history_change_reason": null, "history_type": "~", "history_user": 1}}, {"model": "admission.historicaladmission", "pk": 38, "fields": {"id": 6, "created": "2025-03-10T05:07:46.561Z", "updated": "2025-03-10T05:08:00.330Z", "is_active": true, "first_name": "munshir", "last_name": null, "joining_date": "2025-03-26", "date_of_birth": "2025-03-18", "gender": null, "blood_group": null, "religion": null, "qualifications": "", "permanent_address": "", "communication_address": "", "personal_email": "munshir@gmail.com", "contact_number": "2232323", "admission_number": "0005", "admission_date": "2025-03-10", "photo": "", "other_details": "", "parent_first_name": "aa", "parent_last_name": null, "parent_contact_number": null, "parent_whatsapp_number": null, "parent_mail_id": null, "fee_type": null, "is_discount": null, "discount_percentage": null, "creator": 1, "user": null, "branch": 1, "academic_year": 1, "course": 1, "batch": 2, "history_date": "2025-03-10T05:08:00.341Z", "history_change_reason": null, "history_type": "~", "history_user": 1}}, {"model": "admission.historicaladmission", "pk": 39, "fields": {"id": 6, "created": "2025-03-10T05:07:46.561Z", "updated": "2025-03-10T05:08:03.254Z", "is_active": true, "first_name": "munshir", "last_name": null, "joining_date": "2025-03-26", "date_of_birth": "2025-03-18", "gender": null, "blood_group": null, "religion": null, "qualifications": "", "permanent_address": "", "communication_address": "", "personal_email": "munshir@gmail.com", "contact_number": "2232323", "admission_number": "0005", "admission_date": "2025-03-10", "photo": "", "other_details": "", "parent_first_name": "aa", "parent_last_name": null, "parent_contact_number": null, "parent_whatsapp_number": null, "parent_mail_id": null, "fee_type": "Finance", "is_discount": null, "discount_percentage": null, "creator": 1, "user": null, "branch": 1, "academic_year": 1, "course": 1, "batch": 2, "history_date": "2025-03-10T05:08:03.257Z", "history_change_reason": null, "history_type": "~", "history_user": 1}}, {"model": "admission.historicaladmission", "pk": 40, "fields": {"id": 6, "created": "2025-03-10T05:07:46.561Z", "updated": "2025-03-10T05:08:09.535Z", "is_active": true, "first_name": "munshir", "last_name": null, "joining_date": "2025-03-26", "date_of_birth": "2025-03-18", "gender": null, "blood_group": null, "religion": null, "qualifications": "", "permanent_address": "", "communication_address": "", "personal_email": "munshir@gmail.com", "contact_number": "2232323", "admission_number": "0005", "admission_date": "2025-03-10", "photo": "", "other_details": "", "parent_first_name": "aa", "parent_last_name": null, "parent_contact_number": null, "parent_whatsapp_number": null, "parent_mail_id": null, "fee_type": "Finance", "is_discount": null, "discount_percentage": null, "creator": 1, "user": 8, "branch": null, "academic_year": 1, "course": 1, "batch": 2, "history_date": "2025-03-10T05:08:09.538Z", "history_change_reason": null, "history_type": "~", "history_user": 1}}, {"model": "admission.historicaladmission", "pk": 41, "fields": {"id": 7, "created": "2025-03-10T05:09:21.634Z", "updated": "2025-03-10T05:09:21.634Z", "is_active": true, "first_name": "mushraf", "last_name": null, "joining_date": null, "date_of_birth": "2025-03-24", "gender": null, "blood_group": null, "religion": null, "qualifications": "", "permanent_address": null, "communication_address": null, "personal_email": "mushraf@gmail.com", "contact_number": "1212", "admission_number": "0006", "admission_date": "2025-03-10", "photo": "", "other_details": null, "parent_first_name": null, "parent_last_name": null, "parent_contact_number": null, "parent_whatsapp_number": null, "parent_mail_id": null, "fee_type": null, "is_discount": null, "discount_percentage": null, "creator": 1, "user": null, "branch": null, "academic_year": null, "course": null, "batch": null, "history_date": "2025-03-10T05:09:21.640Z", "history_change_reason": null, "history_type": "+", "history_user": 1}}, {"model": "admission.historicaladmission", "pk": 42, "fields": {"id": 7, "created": "2025-03-10T05:09:21.634Z", "updated": "2025-03-10T05:09:21.651Z", "is_active": true, "first_name": "mushraf", "last_name": null, "joining_date": null, "date_of_birth": "2025-03-24", "gender": null, "blood_group": null, "religion": null, "qualifications": "", "permanent_address": null, "communication_address": null, "personal_email": "mushraf@gmail.com", "contact_number": "1212", "admission_number": "0006", "admission_date": "2025-03-10", "photo": "", "other_details": null, "parent_first_name": null, "parent_last_name": null, "parent_contact_number": null, "parent_whatsapp_number": null, "parent_mail_id": null, "fee_type": null, "is_discount": null, "discount_percentage": null, "creator": 1, "user": null, "branch": 1, "academic_year": 1, "course": null, "batch": null, "history_date": "2025-03-10T05:09:21.655Z", "history_change_reason": null, "history_type": "~", "history_user": 1}}, {"model": "admission.historicaladmission", "pk": 43, "fields": {"id": 7, "created": "2025-03-10T05:09:21.634Z", "updated": "2025-03-10T05:09:25.462Z", "is_active": true, "first_name": "mushraf", "last_name": null, "joining_date": null, "date_of_birth": "2025-03-24", "gender": null, "blood_group": null, "religion": null, "qualifications": "", "permanent_address": null, "communication_address": null, "personal_email": "mushraf@gmail.com", "contact_number": "1212", "admission_number": "0006", "admission_date": "2025-03-10", "photo": "", "other_details": null, "parent_first_name": "aa", "parent_last_name": null, "parent_contact_number": null, "parent_whatsapp_number": null, "parent_mail_id": null, "fee_type": null, "is_discount": null, "discount_percentage": null, "creator": 1, "user": null, "branch": 1, "academic_year": 1, "course": null, "batch": null, "history_date": "2025-03-10T05:09:25.466Z", "history_change_reason": null, "history_type": "~", "history_user": 1}}, {"model": "admission.historicaladmission", "pk": 44, "fields": {"id": 7, "created": "2025-03-10T05:09:21.634Z", "updated": "2025-03-10T05:09:27.015Z", "is_active": true, "first_name": "mushraf", "last_name": null, "joining_date": null, "date_of_birth": "2025-03-24", "gender": null, "blood_group": null, "religion": null, "qualifications": "", "permanent_address": "", "communication_address": "", "personal_email": "mushraf@gmail.com", "contact_number": "1212", "admission_number": "0006", "admission_date": "2025-03-10", "photo": "", "other_details": null, "parent_first_name": "aa", "parent_last_name": null, "parent_contact_number": null, "parent_whatsapp_number": null, "parent_mail_id": null, "fee_type": null, "is_discount": null, "discount_percentage": null, "creator": 1, "user": null, "branch": 1, "academic_year": 1, "course": null, "batch": null, "history_date": "2025-03-10T05:09:27.019Z", "history_change_reason": null, "history_type": "~", "history_user": 1}}, {"model": "admission.historicaladmission", "pk": 45, "fields": {"id": 7, "created": "2025-03-10T05:09:21.634Z", "updated": "2025-03-10T05:09:34.406Z", "is_active": true, "first_name": "mushraf", "last_name": null, "joining_date": "2025-03-12", "date_of_birth": "2025-03-24", "gender": null, "blood_group": null, "religion": null, "qualifications": "", "permanent_address": "", "communication_address": "", "personal_email": "mushraf@gmail.com", "contact_number": "1212", "admission_number": "0006", "admission_date": "2025-03-10", "photo": "", "other_details": "", "parent_first_name": "aa", "parent_last_name": null, "parent_contact_number": null, "parent_whatsapp_number": null, "parent_mail_id": null, "fee_type": null, "is_discount": null, "discount_percentage": null, "creator": 1, "user": null, "branch": 1, "academic_year": 1, "course": 1, "batch": 2, "history_date": "2025-03-10T05:09:34.410Z", "history_change_reason": null, "history_type": "~", "history_user": 1}}, {"model": "admission.historicaladmission", "pk": 46, "fields": {"id": 7, "created": "2025-03-10T05:09:21.634Z", "updated": "2025-03-10T05:09:37.103Z", "is_active": true, "first_name": "mushraf", "last_name": null, "joining_date": "2025-03-12", "date_of_birth": "2025-03-24", "gender": null, "blood_group": null, "religion": null, "qualifications": "", "permanent_address": "", "communication_address": "", "personal_email": "mushraf@gmail.com", "contact_number": "1212", "admission_number": "0006", "admission_date": "2025-03-10", "photo": "", "other_details": "", "parent_first_name": "aa", "parent_last_name": null, "parent_contact_number": null, "parent_whatsapp_number": null, "parent_mail_id": null, "fee_type": "installment", "is_discount": null, "discount_percentage": null, "creator": 1, "user": null, "branch": 1, "academic_year": 1, "course": 1, "batch": 2, "history_date": "2025-03-10T05:09:37.105Z", "history_change_reason": null, "history_type": "~", "history_user": 1}}, {"model": "admission.historicaladmission", "pk": 47, "fields": {"id": 7, "created": "2025-03-10T05:09:21.634Z", "updated": "2025-03-10T05:09:44.049Z", "is_active": true, "first_name": "mushraf", "last_name": null, "joining_date": "2025-03-12", "date_of_birth": "2025-03-24", "gender": null, "blood_group": null, "religion": null, "qualifications": "", "permanent_address": "", "communication_address": "", "personal_email": "mushraf@gmail.com", "contact_number": "1212", "admission_number": "0006", "admission_date": "2025-03-10", "photo": "", "other_details": "", "parent_first_name": "aa", "parent_last_name": null, "parent_contact_number": null, "parent_whatsapp_number": null, "parent_mail_id": null, "fee_type": "installment", "is_discount": null, "discount_percentage": null, "creator": 1, "user": 9, "branch": null, "academic_year": 1, "course": 1, "batch": 2, "history_date": "2025-03-10T05:09:44.055Z", "history_change_reason": null, "history_type": "~", "history_user": 1}}, {"model": "admission.historicaladmission", "pk": 48, "fields": {"id": 8, "created": "2025-03-10T05:11:38.168Z", "updated": "2025-03-10T05:11:38.169Z", "is_active": true, "first_name": "sadiq", "last_name": null, "joining_date": null, "date_of_birth": "2025-03-17", "gender": null, "blood_group": "a-positive", "religion": null, "qualifications": "", "permanent_address": null, "communication_address": null, "personal_email": "sadiq@gmail.com", "contact_number": "23232", "admission_number": "0007", "admission_date": "2025-03-10", "photo": "", "other_details": null, "parent_first_name": null, "parent_last_name": null, "parent_contact_number": null, "parent_whatsapp_number": null, "parent_mail_id": null, "fee_type": null, "is_discount": null, "discount_percentage": null, "creator": 1, "user": null, "branch": 1, "academic_year": 1, "course": null, "batch": null, "history_date": "2025-03-10T05:11:38.174Z", "history_change_reason": null, "history_type": "+", "history_user": 1}}, {"model": "admission.historicaladmission", "pk": 49, "fields": {"id": 8, "created": "2025-03-10T05:11:38.168Z", "updated": "2025-03-10T05:11:41.095Z", "is_active": true, "first_name": "sadiq", "last_name": null, "joining_date": null, "date_of_birth": "2025-03-17", "gender": null, "blood_group": "a-positive", "religion": null, "qualifications": "", "permanent_address": null, "communication_address": null, "personal_email": "sadiq@gmail.com", "contact_number": "23232", "admission_number": "0007", "admission_date": "2025-03-10", "photo": "", "other_details": null, "parent_first_name": "aa", "parent_last_name": null, "parent_contact_number": null, "parent_whatsapp_number": null, "parent_mail_id": null, "fee_type": null, "is_discount": null, "discount_percentage": null, "creator": 1, "user": null, "branch": 1, "academic_year": 1, "course": null, "batch": null, "history_date": "2025-03-10T05:11:41.101Z", "history_change_reason": null, "history_type": "~", "history_user": 1}}, {"model": "admission.historicaladmission", "pk": 50, "fields": {"id": 8, "created": "2025-03-10T05:11:38.168Z", "updated": "2025-03-10T05:11:42.665Z", "is_active": true, "first_name": "sadiq", "last_name": null, "joining_date": null, "date_of_birth": "2025-03-17", "gender": null, "blood_group": "a-positive", "religion": null, "qualifications": "", "permanent_address": "", "communication_address": "", "personal_email": "sadiq@gmail.com", "contact_number": "23232", "admission_number": "0007", "admission_date": "2025-03-10", "photo": "", "other_details": null, "parent_first_name": "aa", "parent_last_name": null, "parent_contact_number": null, "parent_whatsapp_number": null, "parent_mail_id": null, "fee_type": null, "is_discount": null, "discount_percentage": null, "creator": 1, "user": null, "branch": 1, "academic_year": 1, "course": null, "batch": null, "history_date": "2025-03-10T05:11:42.670Z", "history_change_reason": null, "history_type": "~", "history_user": 1}}, {"model": "admission.historicaladmission", "pk": 51, "fields": {"id": 8, "created": "2025-03-10T05:11:38.168Z", "updated": "2025-03-10T05:11:49.804Z", "is_active": true, "first_name": "sadiq", "last_name": null, "joining_date": "2025-03-11", "date_of_birth": "2025-03-17", "gender": null, "blood_group": "a-positive", "religion": null, "qualifications": "", "permanent_address": "", "communication_address": "", "personal_email": "sadiq@gmail.com", "contact_number": "23232", "admission_number": "0007", "admission_date": "2025-03-10", "photo": "", "other_details": "", "parent_first_name": "aa", "parent_last_name": null, "parent_contact_number": null, "parent_whatsapp_number": null, "parent_mail_id": null, "fee_type": null, "is_discount": null, "discount_percentage": null, "creator": 1, "user": null, "branch": 1, "academic_year": 1, "course": 1, "batch": 2, "history_date": "2025-03-10T05:11:49.807Z", "history_change_reason": null, "history_type": "~", "history_user": 1}}, {"model": "admission.historicaladmission", "pk": 52, "fields": {"id": 8, "created": "2025-03-10T05:11:38.168Z", "updated": "2025-03-10T05:11:52.127Z", "is_active": true, "first_name": "sadiq", "last_name": null, "joining_date": "2025-03-11", "date_of_birth": "2025-03-17", "gender": null, "blood_group": "a-positive", "religion": null, "qualifications": "", "permanent_address": "", "communication_address": "", "personal_email": "sadiq@gmail.com", "contact_number": "23232", "admission_number": "0007", "admission_date": "2025-03-10", "photo": "", "other_details": "", "parent_first_name": "aa", "parent_last_name": null, "parent_contact_number": null, "parent_whatsapp_number": null, "parent_mail_id": null, "fee_type": "one_time", "is_discount": null, "discount_percentage": null, "creator": 1, "user": null, "branch": 1, "academic_year": 1, "course": 1, "batch": 2, "history_date": "2025-03-10T05:11:52.129Z", "history_change_reason": null, "history_type": "~", "history_user": 1}}, {"model": "admission.historicaladmission", "pk": 53, "fields": {"id": 8, "created": "2025-03-10T05:11:38.168Z", "updated": "2025-03-10T05:12:02.928Z", "is_active": true, "first_name": "sadiq", "last_name": null, "joining_date": "2025-03-11", "date_of_birth": "2025-03-17", "gender": null, "blood_group": "a-positive", "religion": null, "qualifications": "", "permanent_address": "", "communication_address": "", "personal_email": "sadiq@gmail.com", "contact_number": "23232", "admission_number": "0007", "admission_date": "2025-03-10", "photo": "", "other_details": "", "parent_first_name": "aa", "parent_last_name": null, "parent_contact_number": null, "parent_whatsapp_number": null, "parent_mail_id": null, "fee_type": "one_time", "is_discount": null, "discount_percentage": null, "creator": 1, "user": 10, "branch": null, "academic_year": 1, "course": 1, "batch": 2, "history_date": "2025-03-10T05:12:02.932Z", "history_change_reason": null, "history_type": "~", "history_user": 1}}, {"model": "admission.historicaladmission", "pk": 54, "fields": {"id": 9, "created": "2025-03-10T05:14:52.689Z", "updated": "2025-03-10T05:14:52.689Z", "is_active": true, "first_name": "raheem", "last_name": null, "joining_date": null, "date_of_birth": "2025-03-10", "gender": null, "blood_group": null, "religion": null, "qualifications": "", "permanent_address": null, "communication_address": null, "personal_email": "raheem@gmail.com", "contact_number": "1221", "admission_number": "0008", "admission_date": "2025-03-10", "photo": "", "other_details": null, "parent_first_name": null, "parent_last_name": null, "parent_contact_number": null, "parent_whatsapp_number": null, "parent_mail_id": null, "fee_type": null, "is_discount": null, "discount_percentage": null, "creator": 1, "user": null, "branch": 1, "academic_year": 1, "course": null, "batch": null, "history_date": "2025-03-10T05:14:52.693Z", "history_change_reason": null, "history_type": "+", "history_user": 1}}, {"model": "admission.historicaladmission", "pk": 55, "fields": {"id": 9, "created": "2025-03-10T05:14:52.689Z", "updated": "2025-03-10T05:14:56.491Z", "is_active": true, "first_name": "raheem", "last_name": null, "joining_date": null, "date_of_birth": "2025-03-10", "gender": null, "blood_group": null, "religion": null, "qualifications": "", "permanent_address": null, "communication_address": null, "personal_email": "raheem@gmail.com", "contact_number": "1221", "admission_number": "0008", "admission_date": "2025-03-10", "photo": "", "other_details": null, "parent_first_name": "aa", "parent_last_name": null, "parent_contact_number": null, "parent_whatsapp_number": null, "parent_mail_id": null, "fee_type": null, "is_discount": null, "discount_percentage": null, "creator": 1, "user": null, "branch": 1, "academic_year": 1, "course": null, "batch": null, "history_date": "2025-03-10T05:14:56.497Z", "history_change_reason": null, "history_type": "~", "history_user": 1}}, {"model": "admission.historicaladmission", "pk": 56, "fields": {"id": 9, "created": "2025-03-10T05:14:52.689Z", "updated": "2025-03-10T05:14:58.057Z", "is_active": true, "first_name": "raheem", "last_name": null, "joining_date": null, "date_of_birth": "2025-03-10", "gender": null, "blood_group": null, "religion": null, "qualifications": "", "permanent_address": "", "communication_address": "", "personal_email": "raheem@gmail.com", "contact_number": "1221", "admission_number": "0008", "admission_date": "2025-03-10", "photo": "", "other_details": null, "parent_first_name": "aa", "parent_last_name": null, "parent_contact_number": null, "parent_whatsapp_number": null, "parent_mail_id": null, "fee_type": null, "is_discount": null, "discount_percentage": null, "creator": 1, "user": null, "branch": 1, "academic_year": 1, "course": null, "batch": null, "history_date": "2025-03-10T05:14:58.063Z", "history_change_reason": null, "history_type": "~", "history_user": 1}}, {"model": "admission.historicaladmission", "pk": 57, "fields": {"id": 9, "created": "2025-03-10T05:14:52.689Z", "updated": "2025-03-10T05:15:06.722Z", "is_active": true, "first_name": "raheem", "last_name": null, "joining_date": "2025-03-11", "date_of_birth": "2025-03-10", "gender": null, "blood_group": null, "religion": null, "qualifications": "", "permanent_address": "", "communication_address": "", "personal_email": "raheem@gmail.com", "contact_number": "1221", "admission_number": "0008", "admission_date": "2025-03-10", "photo": "", "other_details": "", "parent_first_name": "aa", "parent_last_name": null, "parent_contact_number": null, "parent_whatsapp_number": null, "parent_mail_id": null, "fee_type": null, "is_discount": null, "discount_percentage": null, "creator": 1, "user": null, "branch": 1, "academic_year": 1, "course": 1, "batch": 2, "history_date": "2025-03-10T05:15:06.726Z", "history_change_reason": null, "history_type": "~", "history_user": 1}}, {"model": "admission.historicaladmission", "pk": 58, "fields": {"id": 9, "created": "2025-03-10T05:14:52.689Z", "updated": "2025-03-10T05:15:08.154Z", "is_active": true, "first_name": "raheem", "last_name": null, "joining_date": "2025-03-11", "date_of_birth": "2025-03-10", "gender": null, "blood_group": null, "religion": null, "qualifications": "", "permanent_address": "", "communication_address": "", "personal_email": "raheem@gmail.com", "contact_number": "1221", "admission_number": "0008", "admission_date": "2025-03-10", "photo": "", "other_details": "", "parent_first_name": "aa", "parent_last_name": null, "parent_contact_number": null, "parent_whatsapp_number": null, "parent_mail_id": null, "fee_type": null, "is_discount": null, "discount_percentage": null, "creator": 1, "user": null, "branch": 1, "academic_year": 1, "course": 1, "batch": 2, "history_date": "2025-03-10T05:15:08.155Z", "history_change_reason": null, "history_type": "~", "history_user": 1}}, {"model": "admission.historicaladmission", "pk": 59, "fields": {"id": 9, "created": "2025-03-10T05:14:52.689Z", "updated": "2025-03-10T05:15:15.110Z", "is_active": true, "first_name": "raheem", "last_name": null, "joining_date": "2025-03-11", "date_of_birth": "2025-03-10", "gender": null, "blood_group": null, "religion": null, "qualifications": "", "permanent_address": "", "communication_address": "", "personal_email": "raheem@gmail.com", "contact_number": "1221", "admission_number": "0008", "admission_date": "2025-03-10", "photo": "", "other_details": "", "parent_first_name": "aa", "parent_last_name": null, "parent_contact_number": null, "parent_whatsapp_number": null, "parent_mail_id": null, "fee_type": null, "is_discount": null, "discount_percentage": null, "creator": 1, "user": 11, "branch": null, "academic_year": 1, "course": 1, "batch": 2, "history_date": "2025-03-10T05:15:15.114Z", "history_change_reason": null, "history_type": "~", "history_user": 1}}, {"model": "admission.historicaladmission", "pk": 60, "fields": {"id": 10, "created": "2025-03-10T05:18:26.157Z", "updated": "2025-03-10T05:18:26.157Z", "is_active": true, "first_name": "aswandh", "last_name": null, "joining_date": null, "date_of_birth": "2025-03-24", "gender": "MALE", "blood_group": null, "religion": null, "qualifications": "", "permanent_address": null, "communication_address": null, "personal_email": "aswandh@gmail.com", "contact_number": "aa", "admission_number": "0009", "admission_date": "2025-03-10", "photo": "", "other_details": null, "parent_first_name": null, "parent_last_name": null, "parent_contact_number": null, "parent_whatsapp_number": null, "parent_mail_id": null, "fee_type": null, "is_discount": null, "discount_percentage": null, "creator": 1, "user": null, "branch": 1, "academic_year": 1, "course": null, "batch": null, "history_date": "2025-03-10T05:18:26.162Z", "history_change_reason": null, "history_type": "+", "history_user": 1}}, {"model": "admission.historicaladmission", "pk": 61, "fields": {"id": 10, "created": "2025-03-10T05:18:26.157Z", "updated": "2025-03-10T05:18:30.742Z", "is_active": true, "first_name": "aswandh", "last_name": null, "joining_date": null, "date_of_birth": "2025-03-24", "gender": "MALE", "blood_group": null, "religion": null, "qualifications": "", "permanent_address": null, "communication_address": null, "personal_email": "aswandh@gmail.com", "contact_number": "aa", "admission_number": "0009", "admission_date": "2025-03-10", "photo": "", "other_details": null, "parent_first_name": "aa", "parent_last_name": null, "parent_contact_number": null, "parent_whatsapp_number": null, "parent_mail_id": null, "fee_type": null, "is_discount": null, "discount_percentage": null, "creator": 1, "user": null, "branch": 1, "academic_year": 1, "course": null, "batch": null, "history_date": "2025-03-10T05:18:30.746Z", "history_change_reason": null, "history_type": "~", "history_user": 1}}, {"model": "admission.historicaladmission", "pk": 62, "fields": {"id": 10, "created": "2025-03-10T05:18:26.157Z", "updated": "2025-03-10T05:18:32.043Z", "is_active": true, "first_name": "aswandh", "last_name": null, "joining_date": null, "date_of_birth": "2025-03-24", "gender": "MALE", "blood_group": null, "religion": null, "qualifications": "", "permanent_address": "", "communication_address": "", "personal_email": "aswandh@gmail.com", "contact_number": "aa", "admission_number": "0009", "admission_date": "2025-03-10", "photo": "", "other_details": null, "parent_first_name": "aa", "parent_last_name": null, "parent_contact_number": null, "parent_whatsapp_number": null, "parent_mail_id": null, "fee_type": null, "is_discount": null, "discount_percentage": null, "creator": 1, "user": null, "branch": 1, "academic_year": 1, "course": null, "batch": null, "history_date": "2025-03-10T05:18:32.049Z", "history_change_reason": null, "history_type": "~", "history_user": 1}}, {"model": "admission.historicaladmission", "pk": 63, "fields": {"id": 10, "created": "2025-03-10T05:18:26.157Z", "updated": "2025-03-10T05:18:38.386Z", "is_active": true, "first_name": "aswandh", "last_name": null, "joining_date": "2025-03-25", "date_of_birth": "2025-03-24", "gender": "MALE", "blood_group": null, "religion": null, "qualifications": "", "permanent_address": "", "communication_address": "", "personal_email": "aswandh@gmail.com", "contact_number": "aa", "admission_number": "0009", "admission_date": "2025-03-10", "photo": "", "other_details": "", "parent_first_name": "aa", "parent_last_name": null, "parent_contact_number": null, "parent_whatsapp_number": null, "parent_mail_id": null, "fee_type": null, "is_discount": null, "discount_percentage": null, "creator": 1, "user": null, "branch": 1, "academic_year": 1, "course": 1, "batch": 2, "history_date": "2025-03-10T05:18:38.391Z", "history_change_reason": null, "history_type": "~", "history_user": 1}}, {"model": "admission.historicaladmission", "pk": 64, "fields": {"id": 10, "created": "2025-03-10T05:18:26.157Z", "updated": "2025-03-10T05:18:40.394Z", "is_active": true, "first_name": "aswandh", "last_name": null, "joining_date": "2025-03-25", "date_of_birth": "2025-03-24", "gender": "MALE", "blood_group": null, "religion": null, "qualifications": "", "permanent_address": "", "communication_address": "", "personal_email": "aswandh@gmail.com", "contact_number": "aa", "admission_number": "0009", "admission_date": "2025-03-10", "photo": "", "other_details": "", "parent_first_name": "aa", "parent_last_name": null, "parent_contact_number": null, "parent_whatsapp_number": null, "parent_mail_id": null, "fee_type": "Finance", "is_discount": null, "discount_percentage": null, "creator": 1, "user": null, "branch": 1, "academic_year": 1, "course": 1, "batch": 2, "history_date": "2025-03-10T05:18:40.396Z", "history_change_reason": null, "history_type": "~", "history_user": 1}}, {"model": "admission.historicaladmission", "pk": 65, "fields": {"id": 10, "created": "2025-03-10T05:18:26.157Z", "updated": "2025-03-10T05:18:50.989Z", "is_active": true, "first_name": "aswandh", "last_name": null, "joining_date": "2025-03-25", "date_of_birth": "2025-03-24", "gender": "MALE", "blood_group": null, "religion": null, "qualifications": "", "permanent_address": "", "communication_address": "", "personal_email": "aswandh@gmail.com", "contact_number": "aa", "admission_number": "0009", "admission_date": "2025-03-10", "photo": "", "other_details": "", "parent_first_name": "aa", "parent_last_name": null, "parent_contact_number": null, "parent_whatsapp_number": null, "parent_mail_id": null, "fee_type": "Finance", "is_discount": null, "discount_percentage": null, "creator": 1, "user": 12, "branch": null, "academic_year": 1, "course": 1, "batch": 2, "history_date": "2025-03-10T05:18:50.993Z", "history_change_reason": null, "history_type": "~", "history_user": 1}}, {"model": "admission.historicaladmission", "pk": 66, "fields": {"id": 11, "created": "2025-03-10T05:25:35.026Z", "updated": "2025-03-10T05:25:35.026Z", "is_active": true, "first_name": "fida", "last_name": null, "joining_date": null, "date_of_birth": "2025-03-18", "gender": null, "blood_group": null, "religion": null, "qualifications": "", "permanent_address": null, "communication_address": null, "personal_email": "fida@gmail.com", "contact_number": "343434", "admission_number": "0010", "admission_date": "2025-03-10", "photo": "", "other_details": null, "parent_first_name": null, "parent_last_name": null, "parent_contact_number": null, "parent_whatsapp_number": null, "parent_mail_id": null, "fee_type": null, "is_discount": null, "discount_percentage": null, "creator": 1, "user": null, "branch": 1, "academic_year": 1, "course": null, "batch": null, "history_date": "2025-03-10T05:25:35.031Z", "history_change_reason": null, "history_type": "+", "history_user": 1}}, {"model": "admission.historicaladmission", "pk": 67, "fields": {"id": 11, "created": "2025-03-10T05:25:35.026Z", "updated": "2025-03-10T05:25:37.490Z", "is_active": true, "first_name": "fida", "last_name": null, "joining_date": null, "date_of_birth": "2025-03-18", "gender": null, "blood_group": null, "religion": null, "qualifications": "", "permanent_address": null, "communication_address": null, "personal_email": "fida@gmail.com", "contact_number": "343434", "admission_number": "0010", "admission_date": "2025-03-10", "photo": "", "other_details": null, "parent_first_name": "aa", "parent_last_name": null, "parent_contact_number": null, "parent_whatsapp_number": null, "parent_mail_id": null, "fee_type": null, "is_discount": null, "discount_percentage": null, "creator": 1, "user": null, "branch": 1, "academic_year": 1, "course": null, "batch": null, "history_date": "2025-03-10T05:25:37.497Z", "history_change_reason": null, "history_type": "~", "history_user": 1}}, {"model": "admission.historicaladmission", "pk": 68, "fields": {"id": 11, "created": "2025-03-10T05:25:35.026Z", "updated": "2025-03-10T05:25:38.794Z", "is_active": true, "first_name": "fida", "last_name": null, "joining_date": null, "date_of_birth": "2025-03-18", "gender": null, "blood_group": null, "religion": null, "qualifications": "", "permanent_address": "", "communication_address": "", "personal_email": "fida@gmail.com", "contact_number": "343434", "admission_number": "0010", "admission_date": "2025-03-10", "photo": "", "other_details": null, "parent_first_name": "aa", "parent_last_name": null, "parent_contact_number": null, "parent_whatsapp_number": null, "parent_mail_id": null, "fee_type": null, "is_discount": null, "discount_percentage": null, "creator": 1, "user": null, "branch": 1, "academic_year": 1, "course": null, "batch": null, "history_date": "2025-03-10T05:25:38.799Z", "history_change_reason": null, "history_type": "~", "history_user": 1}}, {"model": "admission.historicaladmission", "pk": 69, "fields": {"id": 11, "created": "2025-03-10T05:25:35.026Z", "updated": "2025-03-10T05:25:44.382Z", "is_active": true, "first_name": "fida", "last_name": null, "joining_date": "2025-03-19", "date_of_birth": "2025-03-18", "gender": null, "blood_group": null, "religion": null, "qualifications": "", "permanent_address": "", "communication_address": "", "personal_email": "fida@gmail.com", "contact_number": "343434", "admission_number": "0010", "admission_date": "2025-03-10", "photo": "", "other_details": "", "parent_first_name": "aa", "parent_last_name": null, "parent_contact_number": null, "parent_whatsapp_number": null, "parent_mail_id": null, "fee_type": null, "is_discount": null, "discount_percentage": null, "creator": 1, "user": null, "branch": 1, "academic_year": 1, "course": 1, "batch": 2, "history_date": "2025-03-10T05:25:44.387Z", "history_change_reason": null, "history_type": "~", "history_user": 1}}, {"model": "admission.historicaladmission", "pk": 70, "fields": {"id": 11, "created": "2025-03-10T05:25:35.026Z", "updated": "2025-03-10T05:25:45.581Z", "is_active": true, "first_name": "fida", "last_name": null, "joining_date": "2025-03-19", "date_of_birth": "2025-03-18", "gender": null, "blood_group": null, "religion": null, "qualifications": "", "permanent_address": "", "communication_address": "", "personal_email": "fida@gmail.com", "contact_number": "343434", "admission_number": "0010", "admission_date": "2025-03-10", "photo": "", "other_details": "", "parent_first_name": "aa", "parent_last_name": null, "parent_contact_number": null, "parent_whatsapp_number": null, "parent_mail_id": null, "fee_type": null, "is_discount": null, "discount_percentage": null, "creator": 1, "user": null, "branch": 1, "academic_year": 1, "course": 1, "batch": 2, "history_date": "2025-03-10T05:25:45.584Z", "history_change_reason": null, "history_type": "~", "history_user": 1}}, {"model": "admission.historicaladmission", "pk": 71, "fields": {"id": 11, "created": "2025-03-10T05:25:35.026Z", "updated": "2025-03-10T05:25:53.743Z", "is_active": true, "first_name": "fida", "last_name": null, "joining_date": "2025-03-19", "date_of_birth": "2025-03-18", "gender": null, "blood_group": null, "religion": null, "qualifications": "", "permanent_address": "", "communication_address": "", "personal_email": "fida@gmail.com", "contact_number": "343434", "admission_number": "0010", "admission_date": "2025-03-10", "photo": "", "other_details": "", "parent_first_name": "aa", "parent_last_name": null, "parent_contact_number": null, "parent_whatsapp_number": null, "parent_mail_id": null, "fee_type": null, "is_discount": null, "discount_percentage": null, "creator": 1, "user": 13, "branch": null, "academic_year": 1, "course": 1, "batch": 2, "history_date": "2025-03-10T05:25:53.746Z", "history_change_reason": null, "history_type": "~", "history_user": 1}}, {"model": "admission.historicaladmission", "pk": 72, "fields": {"id": 12, "created": "2025-03-10T05:34:00.050Z", "updated": "2025-03-10T05:34:00.051Z", "is_active": true, "first_name": "ziyad", "last_name": null, "joining_date": null, "date_of_birth": "2025-03-11", "gender": null, "blood_group": null, "religion": null, "qualifications": "", "permanent_address": null, "communication_address": null, "personal_email": "ziyad@gmail.com", "contact_number": "9098090", "admission_number": "0011", "admission_date": "2025-03-10", "photo": "", "other_details": null, "parent_first_name": null, "parent_last_name": null, "parent_contact_number": null, "parent_whatsapp_number": null, "parent_mail_id": null, "fee_type": null, "is_discount": null, "discount_percentage": null, "creator": 1, "user": null, "branch": 1, "academic_year": 1, "course": null, "batch": null, "history_date": "2025-03-10T05:34:00.058Z", "history_change_reason": null, "history_type": "+", "history_user": 1}}, {"model": "admission.historicaladmission", "pk": 73, "fields": {"id": 12, "created": "2025-03-10T05:34:00.050Z", "updated": "2025-03-10T05:34:03.089Z", "is_active": true, "first_name": "ziyad", "last_name": null, "joining_date": null, "date_of_birth": "2025-03-11", "gender": null, "blood_group": null, "religion": null, "qualifications": "", "permanent_address": null, "communication_address": null, "personal_email": "ziyad@gmail.com", "contact_number": "9098090", "admission_number": "0011", "admission_date": "2025-03-10", "photo": "", "other_details": null, "parent_first_name": "aa", "parent_last_name": null, "parent_contact_number": null, "parent_whatsapp_number": null, "parent_mail_id": null, "fee_type": null, "is_discount": null, "discount_percentage": null, "creator": 1, "user": null, "branch": 1, "academic_year": 1, "course": null, "batch": null, "history_date": "2025-03-10T05:34:03.094Z", "history_change_reason": null, "history_type": "~", "history_user": 1}}, {"model": "admission.historicaladmission", "pk": 74, "fields": {"id": 12, "created": "2025-03-10T05:34:00.050Z", "updated": "2025-03-10T05:34:04.662Z", "is_active": true, "first_name": "ziyad", "last_name": null, "joining_date": null, "date_of_birth": "2025-03-11", "gender": null, "blood_group": null, "religion": null, "qualifications": "", "permanent_address": "", "communication_address": "", "personal_email": "ziyad@gmail.com", "contact_number": "9098090", "admission_number": "0011", "admission_date": "2025-03-10", "photo": "", "other_details": null, "parent_first_name": "aa", "parent_last_name": null, "parent_contact_number": null, "parent_whatsapp_number": null, "parent_mail_id": null, "fee_type": null, "is_discount": null, "discount_percentage": null, "creator": 1, "user": null, "branch": 1, "academic_year": 1, "course": null, "batch": null, "history_date": "2025-03-10T05:34:04.669Z", "history_change_reason": null, "history_type": "~", "history_user": 1}}, {"model": "admission.historicaladmission", "pk": 75, "fields": {"id": 12, "created": "2025-03-10T05:34:00.050Z", "updated": "2025-03-10T05:34:10.498Z", "is_active": true, "first_name": "ziyad", "last_name": null, "joining_date": "2025-03-13", "date_of_birth": "2025-03-11", "gender": null, "blood_group": null, "religion": null, "qualifications": "", "permanent_address": "", "communication_address": "", "personal_email": "ziyad@gmail.com", "contact_number": "9098090", "admission_number": "0011", "admission_date": "2025-03-10", "photo": "", "other_details": "", "parent_first_name": "aa", "parent_last_name": null, "parent_contact_number": null, "parent_whatsapp_number": null, "parent_mail_id": null, "fee_type": null, "is_discount": null, "discount_percentage": null, "creator": 1, "user": null, "branch": 1, "academic_year": 1, "course": 1, "batch": 2, "history_date": "2025-03-10T05:34:10.502Z", "history_change_reason": null, "history_type": "~", "history_user": 1}}, {"model": "admission.historicaladmission", "pk": 76, "fields": {"id": 12, "created": "2025-03-10T05:34:00.050Z", "updated": "2025-03-10T05:34:11.843Z", "is_active": true, "first_name": "ziyad", "last_name": null, "joining_date": "2025-03-13", "date_of_birth": "2025-03-11", "gender": null, "blood_group": null, "religion": null, "qualifications": "", "permanent_address": "", "communication_address": "", "personal_email": "ziyad@gmail.com", "contact_number": "9098090", "admission_number": "0011", "admission_date": "2025-03-10", "photo": "", "other_details": "", "parent_first_name": "aa", "parent_last_name": null, "parent_contact_number": null, "parent_whatsapp_number": null, "parent_mail_id": null, "fee_type": null, "is_discount": null, "discount_percentage": null, "creator": 1, "user": null, "branch": 1, "academic_year": 1, "course": 1, "batch": 2, "history_date": "2025-03-10T05:34:11.845Z", "history_change_reason": null, "history_type": "~", "history_user": 1}}, {"model": "admission.historicaladmission", "pk": 77, "fields": {"id": 12, "created": "2025-03-10T05:34:00.050Z", "updated": "2025-03-10T05:34:22.039Z", "is_active": true, "first_name": "ziyad", "last_name": null, "joining_date": "2025-03-13", "date_of_birth": "2025-03-11", "gender": null, "blood_group": null, "religion": null, "qualifications": "", "permanent_address": "", "communication_address": "", "personal_email": "ziyad@gmail.com", "contact_number": "9098090", "admission_number": "0011", "admission_date": "2025-03-10", "photo": "", "other_details": "", "parent_first_name": "aa", "parent_last_name": null, "parent_contact_number": null, "parent_whatsapp_number": null, "parent_mail_id": null, "fee_type": null, "is_discount": null, "discount_percentage": null, "creator": 1, "user": 14, "branch": null, "academic_year": 1, "course": 1, "batch": 2, "history_date": "2025-03-10T05:34:22.042Z", "history_change_reason": null, "history_type": "~", "history_user": 1}}, {"model": "admission.historicaladmission", "pk": 78, "fields": {"id": 2, "created": "2025-03-10T04:42:39.195Z", "updated": "2025-03-10T05:36:36.134Z", "is_active": true, "first_name": "shabeeb", "last_name": null, "joining_date": "2025-03-11", "date_of_birth": "2025-03-11", "gender": null, "blood_group": null, "religion": "Muslim", "qualifications": "", "permanent_address": "", "communication_address": "", "personal_email": "shabeeb@gmail.com", "contact_number": "9080808", "admission_number": "0002", "admission_date": "2025-03-10", "photo": "", "other_details": "", "parent_first_name": "aaa", "parent_last_name": null, "parent_contact_number": null, "parent_whatsapp_number": null, "parent_mail_id": null, "fee_type": "installment", "is_discount": null, "discount_percentage": null, "creator": 1, "user": 4, "branch": 2, "academic_year": 1, "course": 1, "batch": 2, "history_date": "2025-03-10T05:36:36.140Z", "history_change_reason": null, "history_type": "~", "history_user": 1}}, {"model": "admission.historicaladmission", "pk": 79, "fields": {"id": 2, "created": "2025-03-10T04:42:39.195Z", "updated": "2025-03-10T05:37:09.627Z", "is_active": true, "first_name": "shabeeb", "last_name": null, "joining_date": "2025-03-11", "date_of_birth": "2025-03-11", "gender": null, "blood_group": null, "religion": "Muslim", "qualifications": "", "permanent_address": "", "communication_address": "", "personal_email": "shabeeb@gmail.com", "contact_number": "9080808", "admission_number": "0002", "admission_date": "2025-03-10", "photo": "", "other_details": "", "parent_first_name": "aaa", "parent_last_name": null, "parent_contact_number": null, "parent_whatsapp_number": null, "parent_mail_id": null, "fee_type": "installment", "is_discount": null, "discount_percentage": null, "creator": 1, "user": 4, "branch": 1, "academic_year": 1, "course": 1, "batch": 2, "history_date": "2025-03-10T05:37:09.631Z", "history_change_reason": null, "history_type": "~", "history_user": 1}}, {"model": "admission.historicaladmission", "pk": 80, "fields": {"id": 13, "created": "2025-03-10T05:38:43.537Z", "updated": "2025-03-10T05:38:43.537Z", "is_active": true, "first_name": "anfal", "last_name": null, "joining_date": null, "date_of_birth": "2025-03-17", "gender": null, "blood_group": null, "religion": null, "qualifications": "", "permanent_address": null, "communication_address": null, "personal_email": "anfal@gmail.com", "contact_number": "56565656", "admission_number": "0012", "admission_date": "2025-03-10", "photo": "", "other_details": null, "parent_first_name": null, "parent_last_name": null, "parent_contact_number": null, "parent_whatsapp_number": null, "parent_mail_id": null, "fee_type": null, "is_discount": null, "discount_percentage": null, "creator": 1, "user": null, "branch": 1, "academic_year": 1, "course": null, "batch": null, "history_date": "2025-03-10T05:38:43.546Z", "history_change_reason": null, "history_type": "+", "history_user": 1}}, {"model": "admission.historicaladmission", "pk": 81, "fields": {"id": 13, "created": "2025-03-10T05:38:43.537Z", "updated": "2025-03-10T05:38:45.703Z", "is_active": true, "first_name": "anfal", "last_name": null, "joining_date": null, "date_of_birth": "2025-03-17", "gender": null, "blood_group": null, "religion": null, "qualifications": "", "permanent_address": null, "communication_address": null, "personal_email": "anfal@gmail.com", "contact_number": "56565656", "admission_number": "0012", "admission_date": "2025-03-10", "photo": "", "other_details": null, "parent_first_name": "aa", "parent_last_name": null, "parent_contact_number": null, "parent_whatsapp_number": null, "parent_mail_id": null, "fee_type": null, "is_discount": null, "discount_percentage": null, "creator": 1, "user": null, "branch": 1, "academic_year": 1, "course": null, "batch": null, "history_date": "2025-03-10T05:38:45.714Z", "history_change_reason": null, "history_type": "~", "history_user": 1}}, {"model": "admission.historicaladmission", "pk": 82, "fields": {"id": 13, "created": "2025-03-10T05:38:43.537Z", "updated": "2025-03-10T05:38:47.017Z", "is_active": true, "first_name": "anfal", "last_name": null, "joining_date": null, "date_of_birth": "2025-03-17", "gender": null, "blood_group": null, "religion": null, "qualifications": "", "permanent_address": "", "communication_address": "", "personal_email": "anfal@gmail.com", "contact_number": "56565656", "admission_number": "0012", "admission_date": "2025-03-10", "photo": "", "other_details": null, "parent_first_name": "aa", "parent_last_name": null, "parent_contact_number": null, "parent_whatsapp_number": null, "parent_mail_id": null, "fee_type": null, "is_discount": null, "discount_percentage": null, "creator": 1, "user": null, "branch": 1, "academic_year": 1, "course": null, "batch": null, "history_date": "2025-03-10T05:38:47.023Z", "history_change_reason": null, "history_type": "~", "history_user": 1}}, {"model": "admission.historicaladmission", "pk": 83, "fields": {"id": 13, "created": "2025-03-10T05:38:43.537Z", "updated": "2025-03-10T05:38:53.568Z", "is_active": true, "first_name": "anfal", "last_name": null, "joining_date": "2025-03-10", "date_of_birth": "2025-03-17", "gender": null, "blood_group": null, "religion": null, "qualifications": "", "permanent_address": "", "communication_address": "", "personal_email": "anfal@gmail.com", "contact_number": "56565656", "admission_number": "0012", "admission_date": "2025-03-10", "photo": "", "other_details": "", "parent_first_name": "aa", "parent_last_name": null, "parent_contact_number": null, "parent_whatsapp_number": null, "parent_mail_id": null, "fee_type": null, "is_discount": null, "discount_percentage": null, "creator": 1, "user": null, "branch": 1, "academic_year": 1, "course": 1, "batch": 1, "history_date": "2025-03-10T05:38:53.573Z", "history_change_reason": null, "history_type": "~", "history_user": 1}}, {"model": "admission.historicaladmission", "pk": 84, "fields": {"id": 13, "created": "2025-03-10T05:38:43.537Z", "updated": "2025-03-10T05:38:55.130Z", "is_active": true, "first_name": "anfal", "last_name": null, "joining_date": "2025-03-10", "date_of_birth": "2025-03-17", "gender": null, "blood_group": null, "religion": null, "qualifications": "", "permanent_address": "", "communication_address": "", "personal_email": "anfal@gmail.com", "contact_number": "56565656", "admission_number": "0012", "admission_date": "2025-03-10", "photo": "", "other_details": "", "parent_first_name": "aa", "parent_last_name": null, "parent_contact_number": null, "parent_whatsapp_number": null, "parent_mail_id": null, "fee_type": null, "is_discount": null, "discount_percentage": null, "creator": 1, "user": null, "branch": 1, "academic_year": 1, "course": 1, "batch": 1, "history_date": "2025-03-10T05:38:55.132Z", "history_change_reason": null, "history_type": "~", "history_user": 1}}, {"model": "admission.historicaladmission", "pk": 85, "fields": {"id": 13, "created": "2025-03-10T05:38:43.537Z", "updated": "2025-03-10T05:39:05.459Z", "is_active": true, "first_name": "anfal", "last_name": null, "joining_date": "2025-03-10", "date_of_birth": "2025-03-17", "gender": null, "blood_group": null, "religion": null, "qualifications": "", "permanent_address": "", "communication_address": "", "personal_email": "anfal@gmail.com", "contact_number": "56565656", "admission_number": "0012", "admission_date": "2025-03-10", "photo": "", "other_details": "", "parent_first_name": "aa", "parent_last_name": null, "parent_contact_number": null, "parent_whatsapp_number": null, "parent_mail_id": null, "fee_type": null, "is_discount": null, "discount_percentage": null, "creator": 1, "user": 15, "branch": null, "academic_year": 1, "course": 1, "batch": 1, "history_date": "2025-03-10T05:39:05.462Z", "history_change_reason": null, "history_type": "~", "history_user": 1}}, {"model": "admission.historicaladmission", "pk": 86, "fields": {"id": 14, "created": "2025-03-10T05:44:19.733Z", "updated": "2025-03-10T05:44:19.733Z", "is_active": true, "first_name": "saja", "last_name": null, "joining_date": null, "date_of_birth": "2025-03-11", "gender": null, "blood_group": null, "religion": null, "qualifications": "", "permanent_address": null, "communication_address": null, "personal_email": "saja@gmail.com", "contact_number": "4334344", "admission_number": "0013", "admission_date": "2025-03-10", "photo": "", "other_details": null, "parent_first_name": null, "parent_last_name": null, "parent_contact_number": null, "parent_whatsapp_number": null, "parent_mail_id": null, "fee_type": null, "is_discount": null, "discount_percentage": null, "creator": 1, "user": null, "branch": 1, "academic_year": 1, "course": null, "batch": null, "history_date": "2025-03-10T05:44:19.736Z", "history_change_reason": null, "history_type": "+", "history_user": 1}}, {"model": "admission.historicaladmission", "pk": 87, "fields": {"id": 14, "created": "2025-03-10T05:44:19.733Z", "updated": "2025-03-10T05:44:22.562Z", "is_active": true, "first_name": "saja", "last_name": null, "joining_date": null, "date_of_birth": "2025-03-11", "gender": null, "blood_group": null, "religion": null, "qualifications": "", "permanent_address": null, "communication_address": null, "personal_email": "saja@gmail.com", "contact_number": "4334344", "admission_number": "0013", "admission_date": "2025-03-10", "photo": "", "other_details": null, "parent_first_name": "aa", "parent_last_name": null, "parent_contact_number": null, "parent_whatsapp_number": null, "parent_mail_id": null, "fee_type": null, "is_discount": null, "discount_percentage": null, "creator": 1, "user": null, "branch": 1, "academic_year": 1, "course": null, "batch": null, "history_date": "2025-03-10T05:44:22.567Z", "history_change_reason": null, "history_type": "~", "history_user": 1}}, {"model": "admission.historicaladmission", "pk": 88, "fields": {"id": 14, "created": "2025-03-10T05:44:19.733Z", "updated": "2025-03-10T05:44:24.045Z", "is_active": true, "first_name": "saja", "last_name": null, "joining_date": null, "date_of_birth": "2025-03-11", "gender": null, "blood_group": null, "religion": null, "qualifications": "", "permanent_address": "", "communication_address": "", "personal_email": "saja@gmail.com", "contact_number": "4334344", "admission_number": "0013", "admission_date": "2025-03-10", "photo": "", "other_details": null, "parent_first_name": "aa", "parent_last_name": null, "parent_contact_number": null, "parent_whatsapp_number": null, "parent_mail_id": null, "fee_type": null, "is_discount": null, "discount_percentage": null, "creator": 1, "user": null, "branch": 1, "academic_year": 1, "course": null, "batch": null, "history_date": "2025-03-10T05:44:24.054Z", "history_change_reason": null, "history_type": "~", "history_user": 1}}, {"model": "admission.historicaladmission", "pk": 89, "fields": {"id": 14, "created": "2025-03-10T05:44:19.733Z", "updated": "2025-03-10T05:44:31.341Z", "is_active": true, "first_name": "saja", "last_name": null, "joining_date": "2025-03-11", "date_of_birth": "2025-03-11", "gender": null, "blood_group": null, "religion": null, "qualifications": "", "permanent_address": "", "communication_address": "", "personal_email": "saja@gmail.com", "contact_number": "4334344", "admission_number": "0013", "admission_date": "2025-03-10", "photo": "", "other_details": "", "parent_first_name": "aa", "parent_last_name": null, "parent_contact_number": null, "parent_whatsapp_number": null, "parent_mail_id": null, "fee_type": null, "is_discount": null, "discount_percentage": null, "creator": 1, "user": null, "branch": 1, "academic_year": 1, "course": 1, "batch": 2, "history_date": "2025-03-10T05:44:31.347Z", "history_change_reason": null, "history_type": "~", "history_user": 1}}, {"model": "admission.historicaladmission", "pk": 90, "fields": {"id": 14, "created": "2025-03-10T05:44:19.733Z", "updated": "2025-03-10T05:44:32.639Z", "is_active": true, "first_name": "saja", "last_name": null, "joining_date": "2025-03-11", "date_of_birth": "2025-03-11", "gender": null, "blood_group": null, "religion": null, "qualifications": "", "permanent_address": "", "communication_address": "", "personal_email": "saja@gmail.com", "contact_number": "4334344", "admission_number": "0013", "admission_date": "2025-03-10", "photo": "", "other_details": "", "parent_first_name": "aa", "parent_last_name": null, "parent_contact_number": null, "parent_whatsapp_number": null, "parent_mail_id": null, "fee_type": null, "is_discount": null, "discount_percentage": null, "creator": 1, "user": null, "branch": 1, "academic_year": 1, "course": 1, "batch": 2, "history_date": "2025-03-10T05:44:32.640Z", "history_change_reason": null, "history_type": "~", "history_user": 1}}, {"model": "admission.historicaladmission", "pk": 91, "fields": {"id": 14, "created": "2025-03-10T05:44:19.733Z", "updated": "2025-03-10T05:44:40.899Z", "is_active": true, "first_name": "saja", "last_name": null, "joining_date": "2025-03-11", "date_of_birth": "2025-03-11", "gender": null, "blood_group": null, "religion": null, "qualifications": "", "permanent_address": "", "communication_address": "", "personal_email": "saja@gmail.com", "contact_number": "4334344", "admission_number": "0013", "admission_date": "2025-03-10", "photo": "", "other_details": "", "parent_first_name": "aa", "parent_last_name": null, "parent_contact_number": null, "parent_whatsapp_number": null, "parent_mail_id": null, "fee_type": null, "is_discount": null, "discount_percentage": null, "creator": 1, "user": 16, "branch": null, "academic_year": 1, "course": 1, "batch": 2, "history_date": "2025-03-10T05:44:40.903Z", "history_change_reason": null, "history_type": "~", "history_user": 1}}, {"model": "admission.historicaladmission", "pk": 92, "fields": {"id": 15, "created": "2025-03-10T05:47:07.094Z", "updated": "2025-03-10T05:47:07.094Z", "is_active": true, "first_name": "aa", "last_name": null, "joining_date": null, "date_of_birth": "2025-03-17", "gender": null, "blood_group": null, "religion": null, "qualifications": "", "permanent_address": null, "communication_address": null, "personal_email": "a@gmail.com", "contact_number": "323233", "admission_number": "0014", "admission_date": "2025-03-10", "photo": "", "other_details": null, "parent_first_name": null, "parent_last_name": null, "parent_contact_number": null, "parent_whatsapp_number": null, "parent_mail_id": null, "fee_type": null, "is_discount": null, "discount_percentage": null, "creator": 1, "user": null, "branch": 1, "academic_year": 1, "course": null, "batch": null, "history_date": "2025-03-10T05:47:07.099Z", "history_change_reason": null, "history_type": "+", "history_user": 1}}, {"model": "admission.historicaladmission", "pk": 93, "fields": {"id": 15, "created": "2025-03-10T05:47:07.094Z", "updated": "2025-03-10T05:47:10.601Z", "is_active": true, "first_name": "aa", "last_name": null, "joining_date": null, "date_of_birth": "2025-03-17", "gender": null, "blood_group": null, "religion": null, "qualifications": "", "permanent_address": null, "communication_address": null, "personal_email": "a@gmail.com", "contact_number": "323233", "admission_number": "0014", "admission_date": "2025-03-10", "photo": "", "other_details": null, "parent_first_name": "aa", "parent_last_name": null, "parent_contact_number": null, "parent_whatsapp_number": null, "parent_mail_id": null, "fee_type": null, "is_discount": null, "discount_percentage": null, "creator": 1, "user": null, "branch": 1, "academic_year": 1, "course": null, "batch": null, "history_date": "2025-03-10T05:47:10.609Z", "history_change_reason": null, "history_type": "~", "history_user": 1}}, {"model": "admission.historicaladmission", "pk": 94, "fields": {"id": 15, "created": "2025-03-10T05:47:07.094Z", "updated": "2025-03-10T05:47:11.894Z", "is_active": true, "first_name": "aa", "last_name": null, "joining_date": null, "date_of_birth": "2025-03-17", "gender": null, "blood_group": null, "religion": null, "qualifications": "", "permanent_address": "", "communication_address": "", "personal_email": "a@gmail.com", "contact_number": "323233", "admission_number": "0014", "admission_date": "2025-03-10", "photo": "", "other_details": null, "parent_first_name": "aa", "parent_last_name": null, "parent_contact_number": null, "parent_whatsapp_number": null, "parent_mail_id": null, "fee_type": null, "is_discount": null, "discount_percentage": null, "creator": 1, "user": null, "branch": 1, "academic_year": 1, "course": null, "batch": null, "history_date": "2025-03-10T05:47:11.898Z", "history_change_reason": null, "history_type": "~", "history_user": 1}}, {"model": "admission.historicaladmission", "pk": 95, "fields": {"id": 15, "created": "2025-03-10T05:47:07.094Z", "updated": "2025-03-10T05:47:19.650Z", "is_active": true, "first_name": "aa", "last_name": null, "joining_date": "2025-03-19", "date_of_birth": "2025-03-17", "gender": null, "blood_group": null, "religion": null, "qualifications": "", "permanent_address": "", "communication_address": "", "personal_email": "a@gmail.com", "contact_number": "323233", "admission_number": "0014", "admission_date": "2025-03-10", "photo": "", "other_details": "", "parent_first_name": "aa", "parent_last_name": null, "parent_contact_number": null, "parent_whatsapp_number": null, "parent_mail_id": null, "fee_type": null, "is_discount": null, "discount_percentage": null, "creator": 1, "user": null, "branch": 1, "academic_year": 1, "course": 1, "batch": 1, "history_date": "2025-03-10T05:47:19.654Z", "history_change_reason": null, "history_type": "~", "history_user": 1}}, {"model": "admission.historicaladmission", "pk": 96, "fields": {"id": 15, "created": "2025-03-10T05:47:07.094Z", "updated": "2025-03-10T05:47:20.998Z", "is_active": true, "first_name": "aa", "last_name": null, "joining_date": "2025-03-19", "date_of_birth": "2025-03-17", "gender": null, "blood_group": null, "religion": null, "qualifications": "", "permanent_address": "", "communication_address": "", "personal_email": "a@gmail.com", "contact_number": "323233", "admission_number": "0014", "admission_date": "2025-03-10", "photo": "", "other_details": "", "parent_first_name": "aa", "parent_last_name": null, "parent_contact_number": null, "parent_whatsapp_number": null, "parent_mail_id": null, "fee_type": null, "is_discount": null, "discount_percentage": null, "creator": 1, "user": null, "branch": 1, "academic_year": 1, "course": 1, "batch": 1, "history_date": "2025-03-10T05:47:21.001Z", "history_change_reason": null, "history_type": "~", "history_user": 1}}, {"model": "admission.historicaladmission", "pk": 97, "fields": {"id": 15, "created": "2025-03-10T05:47:07.094Z", "updated": "2025-03-10T05:53:05.962Z", "is_active": true, "first_name": "aa", "last_name": null, "joining_date": "2025-03-19", "date_of_birth": "2025-03-17", "gender": null, "blood_group": null, "religion": null, "qualifications": "", "permanent_address": "", "communication_address": "", "personal_email": "a@gmail.com", "contact_number": "323233", "admission_number": "0014", "admission_date": "2025-03-10", "photo": "", "other_details": "", "parent_first_name": "aa", "parent_last_name": null, "parent_contact_number": null, "parent_whatsapp_number": null, "parent_mail_id": null, "fee_type": null, "is_discount": null, "discount_percentage": null, "creator": 1, "user": null, "branch": 1, "academic_year": 1, "course": 1, "batch": 1, "history_date": "2025-03-10T05:53:05.966Z", "history_change_reason": null, "history_type": "~", "history_user": 1}}, {"model": "admission.historicaladmission", "pk": 98, "fields": {"id": 16, "created": "2025-03-10T05:55:03.012Z", "updated": "2025-03-10T05:55:03.012Z", "is_active": true, "first_name": "qq", "last_name": null, "joining_date": null, "date_of_birth": "2025-03-05", "gender": null, "blood_group": null, "religion": null, "qualifications": "", "permanent_address": null, "communication_address": null, "personal_email": "a2@fg.com", "contact_number": "345", "admission_number": "0015", "admission_date": "2025-03-10", "photo": "", "other_details": null, "parent_first_name": null, "parent_last_name": null, "parent_contact_number": null, "parent_whatsapp_number": null, "parent_mail_id": null, "fee_type": null, "is_discount": null, "discount_percentage": null, "creator": 1, "user": null, "branch": 1, "academic_year": 1, "course": null, "batch": null, "history_date": "2025-03-10T05:55:03.022Z", "history_change_reason": null, "history_type": "+", "history_user": 1}}, {"model": "admission.historicaladmission", "pk": 99, "fields": {"id": 16, "created": "2025-03-10T05:55:03.012Z", "updated": "2025-03-10T05:55:53.476Z", "is_active": true, "first_name": "qq", "last_name": null, "joining_date": null, "date_of_birth": "2025-03-05", "gender": null, "blood_group": null, "religion": null, "qualifications": "", "permanent_address": null, "communication_address": null, "personal_email": "a2@fg.com", "contact_number": "345", "admission_number": "0015", "admission_date": "2025-03-10", "photo": "", "other_details": null, "parent_first_name": "sdf", "parent_last_name": null, "parent_contact_number": null, "parent_whatsapp_number": null, "parent_mail_id": null, "fee_type": null, "is_discount": null, "discount_percentage": null, "creator": 1, "user": null, "branch": 1, "academic_year": 1, "course": null, "batch": null, "history_date": "2025-03-10T05:55:53.481Z", "history_change_reason": null, "history_type": "~", "history_user": 1}}, {"model": "admission.historicaladmission", "pk": 100, "fields": {"id": 16, "created": "2025-03-10T05:55:03.012Z", "updated": "2025-03-10T05:56:02.683Z", "is_active": true, "first_name": "qq", "last_name": null, "joining_date": null, "date_of_birth": "2025-03-05", "gender": null, "blood_group": null, "religion": null, "qualifications": "", "permanent_address": "", "communication_address": "", "personal_email": "a2@fg.com", "contact_number": "345", "admission_number": "0015", "admission_date": "2025-03-10", "photo": "", "other_details": null, "parent_first_name": "sdf", "parent_last_name": null, "parent_contact_number": null, "parent_whatsapp_number": null, "parent_mail_id": null, "fee_type": null, "is_discount": null, "discount_percentage": null, "creator": 1, "user": null, "branch": 1, "academic_year": 1, "course": null, "batch": null, "history_date": "2025-03-10T05:56:02.689Z", "history_change_reason": null, "history_type": "~", "history_user": 1}}, {"model": "admission.historicaladmission", "pk": 101, "fields": {"id": 16, "created": "2025-03-10T05:55:03.012Z", "updated": "2025-03-10T05:56:14.182Z", "is_active": true, "first_name": "qq", "last_name": null, "joining_date": "2025-03-10", "date_of_birth": "2025-03-05", "gender": null, "blood_group": null, "religion": null, "qualifications": "", "permanent_address": "", "communication_address": "", "personal_email": "a2@fg.com", "contact_number": "345", "admission_number": "0015", "admission_date": "2025-03-10", "photo": "", "other_details": "", "parent_first_name": "sdf", "parent_last_name": null, "parent_contact_number": null, "parent_whatsapp_number": null, "parent_mail_id": null, "fee_type": null, "is_discount": null, "discount_percentage": null, "creator": 1, "user": null, "branch": 1, "academic_year": 1, "course": 1, "batch": 2, "history_date": "2025-03-10T05:56:14.187Z", "history_change_reason": null, "history_type": "~", "history_user": 1}}, {"model": "admission.historicaladmission", "pk": 102, "fields": {"id": 16, "created": "2025-03-10T05:55:03.012Z", "updated": "2025-03-10T05:56:19.098Z", "is_active": true, "first_name": "qq", "last_name": null, "joining_date": "2025-03-10", "date_of_birth": "2025-03-05", "gender": null, "blood_group": null, "religion": null, "qualifications": "", "permanent_address": "", "communication_address": "", "personal_email": "a2@fg.com", "contact_number": "345", "admission_number": "0015", "admission_date": "2025-03-10", "photo": "", "other_details": "", "parent_first_name": "sdf", "parent_last_name": null, "parent_contact_number": null, "parent_whatsapp_number": null, "parent_mail_id": null, "fee_type": null, "is_discount": null, "discount_percentage": null, "creator": 1, "user": null, "branch": 1, "academic_year": 1, "course": 1, "batch": 2, "history_date": "2025-03-10T05:56:19.099Z", "history_change_reason": null, "history_type": "~", "history_user": 1}}, {"model": "admission.historicaladmission", "pk": 103, "fields": {"id": 17, "created": "2025-03-10T06:03:39.385Z", "updated": "2025-03-10T06:03:39.385Z", "is_active": true, "first_name": "bb", "last_name": null, "joining_date": null, "date_of_birth": "2025-03-16", "gender": null, "blood_group": null, "religion": null, "qualifications": "", "permanent_address": null, "communication_address": null, "personal_email": "bb@gmail.com", "contact_number": "4343434", "admission_number": "0016", "admission_date": "2025-03-10", "photo": "", "other_details": null, "parent_first_name": null, "parent_last_name": null, "parent_contact_number": null, "parent_whatsapp_number": null, "parent_mail_id": null, "fee_type": null, "is_discount": null, "discount_percentage": null, "creator": 1, "user": null, "branch": 1, "academic_year": 1, "course": null, "batch": null, "history_date": "2025-03-10T06:03:39.391Z", "history_change_reason": null, "history_type": "+", "history_user": 1}}, {"model": "admission.historicaladmission", "pk": 104, "fields": {"id": 17, "created": "2025-03-10T06:03:39.385Z", "updated": "2025-03-10T06:03:42.131Z", "is_active": true, "first_name": "bb", "last_name": null, "joining_date": null, "date_of_birth": "2025-03-16", "gender": null, "blood_group": null, "religion": null, "qualifications": "", "permanent_address": null, "communication_address": null, "personal_email": "bb@gmail.com", "contact_number": "4343434", "admission_number": "0016", "admission_date": "2025-03-10", "photo": "", "other_details": null, "parent_first_name": "aa", "parent_last_name": null, "parent_contact_number": null, "parent_whatsapp_number": null, "parent_mail_id": null, "fee_type": null, "is_discount": null, "discount_percentage": null, "creator": 1, "user": null, "branch": 1, "academic_year": 1, "course": null, "batch": null, "history_date": "2025-03-10T06:03:42.139Z", "history_change_reason": null, "history_type": "~", "history_user": 1}}, {"model": "admission.historicaladmission", "pk": 105, "fields": {"id": 17, "created": "2025-03-10T06:03:39.385Z", "updated": "2025-03-10T06:03:43.552Z", "is_active": true, "first_name": "bb", "last_name": null, "joining_date": null, "date_of_birth": "2025-03-16", "gender": null, "blood_group": null, "religion": null, "qualifications": "", "permanent_address": "", "communication_address": "", "personal_email": "bb@gmail.com", "contact_number": "4343434", "admission_number": "0016", "admission_date": "2025-03-10", "photo": "", "other_details": null, "parent_first_name": "aa", "parent_last_name": null, "parent_contact_number": null, "parent_whatsapp_number": null, "parent_mail_id": null, "fee_type": null, "is_discount": null, "discount_percentage": null, "creator": 1, "user": null, "branch": 1, "academic_year": 1, "course": null, "batch": null, "history_date": "2025-03-10T06:03:43.564Z", "history_change_reason": null, "history_type": "~", "history_user": 1}}, {"model": "admission.historicaladmission", "pk": 106, "fields": {"id": 17, "created": "2025-03-10T06:03:39.385Z", "updated": "2025-03-10T06:03:48.038Z", "is_active": true, "first_name": "bb", "last_name": null, "joining_date": null, "date_of_birth": "2025-03-16", "gender": null, "blood_group": null, "religion": null, "qualifications": "", "permanent_address": "", "communication_address": "", "personal_email": "bb@gmail.com", "contact_number": "4343434", "admission_number": "0016", "admission_date": "2025-03-10", "photo": "", "other_details": "", "parent_first_name": "aa", "parent_last_name": null, "parent_contact_number": null, "parent_whatsapp_number": null, "parent_mail_id": null, "fee_type": null, "is_discount": null, "discount_percentage": null, "creator": 1, "user": null, "branch": 1, "academic_year": 1, "course": 1, "batch": 2, "history_date": "2025-03-10T06:03:48.044Z", "history_change_reason": null, "history_type": "~", "history_user": 1}}, {"model": "admission.historicaladmission", "pk": 107, "fields": {"id": 17, "created": "2025-03-10T06:03:39.385Z", "updated": "2025-03-10T06:03:49.278Z", "is_active": true, "first_name": "bb", "last_name": null, "joining_date": null, "date_of_birth": "2025-03-16", "gender": null, "blood_group": null, "religion": null, "qualifications": "", "permanent_address": "", "communication_address": "", "personal_email": "bb@gmail.com", "contact_number": "4343434", "admission_number": "0016", "admission_date": "2025-03-10", "photo": "", "other_details": "", "parent_first_name": "aa", "parent_last_name": null, "parent_contact_number": null, "parent_whatsapp_number": null, "parent_mail_id": null, "fee_type": null, "is_discount": null, "discount_percentage": null, "creator": 1, "user": null, "branch": 1, "academic_year": 1, "course": 1, "batch": 2, "history_date": "2025-03-10T06:03:49.282Z", "history_change_reason": null, "history_type": "~", "history_user": 1}}, {"model": "admission.historicaladmission", "pk": 108, "fields": {"id": 17, "created": "2025-03-10T06:03:39.385Z", "updated": "2025-03-10T06:03:56.361Z", "is_active": true, "first_name": "bb", "last_name": null, "joining_date": null, "date_of_birth": "2025-03-16", "gender": null, "blood_group": null, "religion": null, "qualifications": "", "permanent_address": "", "communication_address": "", "personal_email": "bb@gmail.com", "contact_number": "4343434", "admission_number": "0016", "admission_date": "2025-03-10", "photo": "", "other_details": "", "parent_first_name": "aa", "parent_last_name": null, "parent_contact_number": null, "parent_whatsapp_number": null, "parent_mail_id": null, "fee_type": null, "is_discount": null, "discount_percentage": null, "creator": 1, "user": 20, "branch": null, "academic_year": 1, "course": 1, "batch": 2, "history_date": "2025-03-10T06:03:56.364Z", "history_change_reason": null, "history_type": "~", "history_user": 1}}, {"model": "admission.historicaladmission", "pk": 109, "fields": {"id": 18, "created": "2025-03-10T06:05:01.121Z", "updated": "2025-03-10T06:05:01.121Z", "is_active": true, "first_name": "cc", "last_name": null, "joining_date": null, "date_of_birth": "2025-03-18", "gender": null, "blood_group": null, "religion": null, "qualifications": "", "permanent_address": null, "communication_address": null, "personal_email": "cc@gmail.com", "contact_number": "32323", "admission_number": "0017", "admission_date": "2025-03-10", "photo": "", "other_details": null, "parent_first_name": null, "parent_last_name": null, "parent_contact_number": null, "parent_whatsapp_number": null, "parent_mail_id": null, "fee_type": null, "is_discount": null, "discount_percentage": null, "creator": 1, "user": null, "branch": 1, "academic_year": 1, "course": null, "batch": null, "history_date": "2025-03-10T06:05:01.128Z", "history_change_reason": null, "history_type": "+", "history_user": 1}}, {"model": "admission.historicaladmission", "pk": 110, "fields": {"id": 18, "created": "2025-03-10T06:05:01.121Z", "updated": "2025-03-10T06:05:05.772Z", "is_active": true, "first_name": "cc", "last_name": null, "joining_date": null, "date_of_birth": "2025-03-18", "gender": null, "blood_group": null, "religion": null, "qualifications": "", "permanent_address": null, "communication_address": null, "personal_email": "cc@gmail.com", "contact_number": "32323", "admission_number": "0017", "admission_date": "2025-03-10", "photo": "", "other_details": null, "parent_first_name": "aa", "parent_last_name": null, "parent_contact_number": null, "parent_whatsapp_number": null, "parent_mail_id": null, "fee_type": null, "is_discount": null, "discount_percentage": null, "creator": 1, "user": null, "branch": 1, "academic_year": 1, "course": null, "batch": null, "history_date": "2025-03-10T06:05:05.780Z", "history_change_reason": null, "history_type": "~", "history_user": 1}}, {"model": "admission.historicaladmission", "pk": 111, "fields": {"id": 18, "created": "2025-03-10T06:05:01.121Z", "updated": "2025-03-10T06:05:07.066Z", "is_active": true, "first_name": "cc", "last_name": null, "joining_date": null, "date_of_birth": "2025-03-18", "gender": null, "blood_group": null, "religion": null, "qualifications": "", "permanent_address": "", "communication_address": "", "personal_email": "cc@gmail.com", "contact_number": "32323", "admission_number": "0017", "admission_date": "2025-03-10", "photo": "", "other_details": null, "parent_first_name": "aa", "parent_last_name": null, "parent_contact_number": null, "parent_whatsapp_number": null, "parent_mail_id": null, "fee_type": null, "is_discount": null, "discount_percentage": null, "creator": 1, "user": null, "branch": 1, "academic_year": 1, "course": null, "batch": null, "history_date": "2025-03-10T06:05:07.074Z", "history_change_reason": null, "history_type": "~", "history_user": 1}}, {"model": "admission.historicaladmission", "pk": 112, "fields": {"id": 18, "created": "2025-03-10T06:05:01.121Z", "updated": "2025-03-10T06:05:11.708Z", "is_active": true, "first_name": "cc", "last_name": null, "joining_date": null, "date_of_birth": "2025-03-18", "gender": null, "blood_group": null, "religion": null, "qualifications": "", "permanent_address": "", "communication_address": "", "personal_email": "cc@gmail.com", "contact_number": "32323", "admission_number": "0017", "admission_date": "2025-03-10", "photo": "", "other_details": "", "parent_first_name": "aa", "parent_last_name": null, "parent_contact_number": null, "parent_whatsapp_number": null, "parent_mail_id": null, "fee_type": null, "is_discount": null, "discount_percentage": null, "creator": 1, "user": null, "branch": 1, "academic_year": 1, "course": 1, "batch": 2, "history_date": "2025-03-10T06:05:11.712Z", "history_change_reason": null, "history_type": "~", "history_user": 1}}, {"model": "admission.historicaladmission", "pk": 113, "fields": {"id": 18, "created": "2025-03-10T06:05:01.121Z", "updated": "2025-03-10T06:05:13.159Z", "is_active": true, "first_name": "cc", "last_name": null, "joining_date": null, "date_of_birth": "2025-03-18", "gender": null, "blood_group": null, "religion": null, "qualifications": "", "permanent_address": "", "communication_address": "", "personal_email": "cc@gmail.com", "contact_number": "32323", "admission_number": "0017", "admission_date": "2025-03-10", "photo": "", "other_details": "", "parent_first_name": "aa", "parent_last_name": null, "parent_contact_number": null, "parent_whatsapp_number": null, "parent_mail_id": null, "fee_type": null, "is_discount": null, "discount_percentage": null, "creator": 1, "user": null, "branch": 1, "academic_year": 1, "course": 1, "batch": 2, "history_date": "2025-03-10T06:05:13.162Z", "history_change_reason": null, "history_type": "~", "history_user": 1}}, {"model": "admission.historicaladmission", "pk": 114, "fields": {"id": 19, "created": "2025-03-10T06:10:57.856Z", "updated": "2025-03-10T06:10:57.856Z", "is_active": true, "first_name": "www", "last_name": null, "joining_date": null, "date_of_birth": "2025-03-05", "gender": null, "blood_group": null, "religion": null, "qualifications": "", "permanent_address": null, "communication_address": null, "personal_email": "ww@fdg.co", "contact_number": "2", "admission_number": "0018", "admission_date": "2025-03-10", "photo": "", "other_details": null, "parent_first_name": null, "parent_last_name": null, "parent_contact_number": null, "parent_whatsapp_number": null, "parent_mail_id": null, "fee_type": null, "is_discount": null, "discount_percentage": null, "creator": 1, "user": null, "branch": 1, "academic_year": 1, "course": null, "batch": null, "history_date": "2025-03-10T06:10:57.872Z", "history_change_reason": null, "history_type": "+", "history_user": 1}}, {"model": "admission.historicaladmission", "pk": 115, "fields": {"id": 19, "created": "2025-03-10T06:10:57.856Z", "updated": "2025-03-10T06:11:16.898Z", "is_active": true, "first_name": "www", "last_name": null, "joining_date": null, "date_of_birth": "2025-03-05", "gender": null, "blood_group": null, "religion": null, "qualifications": "", "permanent_address": null, "communication_address": null, "personal_email": "ww@fdg.co", "contact_number": "2", "admission_number": "0018", "admission_date": "2025-03-10", "photo": "", "other_details": null, "parent_first_name": "11", "parent_last_name": null, "parent_contact_number": null, "parent_whatsapp_number": null, "parent_mail_id": null, "fee_type": null, "is_discount": null, "discount_percentage": null, "creator": 1, "user": null, "branch": 1, "academic_year": 1, "course": null, "batch": null, "history_date": "2025-03-10T06:11:16.906Z", "history_change_reason": null, "history_type": "~", "history_user": 1}}, {"model": "admission.historicaladmission", "pk": 116, "fields": {"id": 19, "created": "2025-03-10T06:10:57.856Z", "updated": "2025-03-10T06:11:23.999Z", "is_active": true, "first_name": "www", "last_name": null, "joining_date": null, "date_of_birth": "2025-03-05", "gender": null, "blood_group": null, "religion": null, "qualifications": "", "permanent_address": "", "communication_address": "", "personal_email": "ww@fdg.co", "contact_number": "2", "admission_number": "0018", "admission_date": "2025-03-10", "photo": "", "other_details": null, "parent_first_name": "11", "parent_last_name": null, "parent_contact_number": null, "parent_whatsapp_number": null, "parent_mail_id": null, "fee_type": null, "is_discount": null, "discount_percentage": null, "creator": 1, "user": null, "branch": 1, "academic_year": 1, "course": null, "batch": null, "history_date": "2025-03-10T06:11:24.012Z", "history_change_reason": null, "history_type": "~", "history_user": 1}}, {"model": "admission.historicaladmission", "pk": 117, "fields": {"id": 19, "created": "2025-03-10T06:10:57.856Z", "updated": "2025-03-10T06:12:03.646Z", "is_active": true, "first_name": "www", "last_name": null, "joining_date": null, "date_of_birth": "2025-03-05", "gender": null, "blood_group": null, "religion": null, "qualifications": "", "permanent_address": "", "communication_address": "", "personal_email": "ww@fdg.co", "contact_number": "2", "admission_number": "0018", "admission_date": "2025-03-10", "photo": "", "other_details": "", "parent_first_name": "11", "parent_last_name": null, "parent_contact_number": null, "parent_whatsapp_number": null, "parent_mail_id": null, "fee_type": null, "is_discount": null, "discount_percentage": null, "creator": 1, "user": null, "branch": 1, "academic_year": 1, "course": 1, "batch": null, "history_date": "2025-03-10T06:12:03.662Z", "history_change_reason": null, "history_type": "~", "history_user": 1}}, {"model": "admission.historicaladmission", "pk": 118, "fields": {"id": 19, "created": "2025-03-10T06:10:57.856Z", "updated": "2025-03-10T06:12:14.364Z", "is_active": true, "first_name": "www", "last_name": null, "joining_date": null, "date_of_birth": "2025-03-05", "gender": null, "blood_group": null, "religion": null, "qualifications": "", "permanent_address": "", "communication_address": "", "personal_email": "ww@fdg.co", "contact_number": "2", "admission_number": "0018", "admission_date": "2025-03-10", "photo": "", "other_details": "", "parent_first_name": "11", "parent_last_name": null, "parent_contact_number": null, "parent_whatsapp_number": null, "parent_mail_id": null, "fee_type": "one_time", "is_discount": null, "discount_percentage": null, "creator": 1, "user": null, "branch": 1, "academic_year": 1, "course": 1, "batch": null, "history_date": "2025-03-10T06:12:14.367Z", "history_change_reason": null, "history_type": "~", "history_user": 1}}, {"model": "admission.historicaladmission", "pk": 119, "fields": {"id": 19, "created": "2025-03-10T06:10:57.856Z", "updated": "2025-03-10T06:18:07.387Z", "is_active": true, "first_name": "www", "last_name": null, "joining_date": null, "date_of_birth": "2025-03-05", "gender": null, "blood_group": null, "religion": null, "qualifications": "", "permanent_address": "", "communication_address": "", "personal_email": "ww@fdg.co", "contact_number": "2", "admission_number": "0018", "admission_date": "2025-03-10", "photo": "", "other_details": "", "parent_first_name": "11", "parent_last_name": null, "parent_contact_number": null, "parent_whatsapp_number": null, "parent_mail_id": null, "fee_type": "one_time", "is_discount": null, "discount_percentage": null, "creator": 1, "user": 25, "branch": 1, "academic_year": 1, "course": 1, "batch": null, "history_date": "2025-03-10T06:18:07.393Z", "history_change_reason": null, "history_type": "~", "history_user": 1}}, {"model": "admission.historicaladmission", "pk": 120, "fields": {"id": 20, "created": "2025-03-10T06:18:57.779Z", "updated": "2025-03-10T06:18:57.779Z", "is_active": true, "first_name": "wweeee", "last_name": null, "joining_date": null, "date_of_birth": "2025-03-17", "gender": null, "blood_group": null, "religion": null, "qualifications": "", "permanent_address": null, "communication_address": null, "personal_email": "wda@dfg.tfhf", "contact_number": "5345", "admission_number": "0019", "admission_date": "2025-03-10", "photo": "", "other_details": null, "parent_first_name": null, "parent_last_name": null, "parent_contact_number": null, "parent_whatsapp_number": null, "parent_mail_id": null, "fee_type": null, "is_discount": null, "discount_percentage": null, "creator": 1, "user": null, "branch": 1, "academic_year": 1, "course": null, "batch": null, "history_date": "2025-03-10T06:18:57.787Z", "history_change_reason": null, "history_type": "+", "history_user": 1}}, {"model": "admission.historicaladmission", "pk": 121, "fields": {"id": 20, "created": "2025-03-10T06:18:57.779Z", "updated": "2025-03-10T06:19:02.078Z", "is_active": true, "first_name": "wweeee", "last_name": null, "joining_date": null, "date_of_birth": "2025-03-17", "gender": null, "blood_group": null, "religion": null, "qualifications": "", "permanent_address": null, "communication_address": null, "personal_email": "wda@dfg.tfhf", "contact_number": "5345", "admission_number": "0019", "admission_date": "2025-03-10", "photo": "", "other_details": null, "parent_first_name": "gdds", "parent_last_name": null, "parent_contact_number": null, "parent_whatsapp_number": null, "parent_mail_id": null, "fee_type": null, "is_discount": null, "discount_percentage": null, "creator": 1, "user": null, "branch": 1, "academic_year": 1, "course": null, "batch": null, "history_date": "2025-03-10T06:19:02.095Z", "history_change_reason": null, "history_type": "~", "history_user": 1}}, {"model": "admission.historicaladmission", "pk": 122, "fields": {"id": 20, "created": "2025-03-10T06:18:57.779Z", "updated": "2025-03-10T06:19:05.117Z", "is_active": true, "first_name": "wweeee", "last_name": null, "joining_date": null, "date_of_birth": "2025-03-17", "gender": null, "blood_group": null, "religion": null, "qualifications": "", "permanent_address": "", "communication_address": "", "personal_email": "wda@dfg.tfhf", "contact_number": "5345", "admission_number": "0019", "admission_date": "2025-03-10", "photo": "", "other_details": null, "parent_first_name": "gdds", "parent_last_name": null, "parent_contact_number": null, "parent_whatsapp_number": null, "parent_mail_id": null, "fee_type": null, "is_discount": null, "discount_percentage": null, "creator": 1, "user": null, "branch": 1, "academic_year": 1, "course": null, "batch": null, "history_date": "2025-03-10T06:19:05.123Z", "history_change_reason": null, "history_type": "~", "history_user": 1}}, {"model": "admission.historicaladmission", "pk": 123, "fields": {"id": 20, "created": "2025-03-10T06:18:57.779Z", "updated": "2025-03-10T06:19:14.606Z", "is_active": true, "first_name": "wweeee", "last_name": null, "joining_date": null, "date_of_birth": "2025-03-17", "gender": null, "blood_group": null, "religion": null, "qualifications": "", "permanent_address": "", "communication_address": "", "personal_email": "wda@dfg.tfhf", "contact_number": "5345", "admission_number": "0019", "admission_date": "2025-03-10", "photo": "", "other_details": "", "parent_first_name": "gdds", "parent_last_name": null, "parent_contact_number": null, "parent_whatsapp_number": null, "parent_mail_id": null, "fee_type": null, "is_discount": null, "discount_percentage": null, "creator": 1, "user": null, "branch": 1, "academic_year": 1, "course": 1, "batch": 1, "history_date": "2025-03-10T06:19:14.619Z", "history_change_reason": null, "history_type": "~", "history_user": 1}}, {"model": "admission.historicaladmission", "pk": 124, "fields": {"id": 20, "created": "2025-03-10T06:18:57.779Z", "updated": "2025-03-10T06:19:17.694Z", "is_active": true, "first_name": "wweeee", "last_name": null, "joining_date": null, "date_of_birth": "2025-03-17", "gender": null, "blood_group": null, "religion": null, "qualifications": "", "permanent_address": "", "communication_address": "", "personal_email": "wda@dfg.tfhf", "contact_number": "5345", "admission_number": "0019", "admission_date": "2025-03-10", "photo": "", "other_details": "", "parent_first_name": "gdds", "parent_last_name": null, "parent_contact_number": null, "parent_whatsapp_number": null, "parent_mail_id": null, "fee_type": null, "is_discount": null, "discount_percentage": null, "creator": 1, "user": null, "branch": 1, "academic_year": 1, "course": 1, "batch": 1, "history_date": "2025-03-10T06:19:17.699Z", "history_change_reason": null, "history_type": "~", "history_user": 1}}, {"model": "admission.historicaladmission", "pk": 125, "fields": {"id": 20, "created": "2025-03-10T06:18:57.779Z", "updated": "2025-03-10T06:19:33.769Z", "is_active": true, "first_name": "wweeee", "last_name": null, "joining_date": null, "date_of_birth": "2025-03-17", "gender": null, "blood_group": null, "religion": null, "qualifications": "", "permanent_address": "", "communication_address": "", "personal_email": "wda@dfg.tfhf", "contact_number": "5345", "admission_number": "0019", "admission_date": "2025-03-10", "photo": "", "other_details": "", "parent_first_name": "gdds", "parent_last_name": null, "parent_contact_number": null, "parent_whatsapp_number": null, "parent_mail_id": null, "fee_type": null, "is_discount": null, "discount_percentage": null, "creator": 1, "user": 26, "branch": 1, "academic_year": 1, "course": 1, "batch": 1, "history_date": "2025-03-10T06:19:33.773Z", "history_change_reason": null, "history_type": "~", "history_user": 1}}, {"model": "admission.historicaladmission", "pk": 126, "fields": {"id": 21, "created": "2025-03-15T04:26:12.017Z", "updated": "2025-03-15T04:26:12.017Z", "is_active": true, "first_name": "aa", "last_name": null, "joining_date": null, "date_of_birth": "2025-03-18", "gender": "MALE", "blood_group": null, "religion": null, "qualifications": "", "permanent_address": null, "communication_address": null, "personal_email": "ss@gmail.com", "contact_number": "ss", "admission_number": "0020", "admission_date": "2025-03-15", "photo": "", "other_details": null, "parent_first_name": null, "parent_last_name": null, "parent_contact_number": null, "parent_whatsapp_number": null, "parent_mail_id": null, "fee_type": null, "is_discount": null, "discount_percentage": null, "creator": 1, "user": null, "branch": 2, "academic_year": 1, "course": null, "batch": null, "history_date": "2025-03-15T04:26:12.021Z", "history_change_reason": null, "history_type": "+", "history_user": 1}}, {"model": "admission.historicaladmission", "pk": 127, "fields": {"id": 21, "created": "2025-03-15T04:26:12.017Z", "updated": "2025-03-15T04:26:14.899Z", "is_active": true, "first_name": "aa", "last_name": null, "joining_date": null, "date_of_birth": "2025-03-18", "gender": "MALE", "blood_group": null, "religion": null, "qualifications": "", "permanent_address": null, "communication_address": null, "personal_email": "ss@gmail.com", "contact_number": "ss", "admission_number": "0020", "admission_date": "2025-03-15", "photo": "", "other_details": null, "parent_first_name": "aa", "parent_last_name": null, "parent_contact_number": null, "parent_whatsapp_number": null, "parent_mail_id": null, "fee_type": null, "is_discount": null, "discount_percentage": null, "creator": 1, "user": null, "branch": 2, "academic_year": 1, "course": null, "batch": null, "history_date": "2025-03-15T04:26:14.903Z", "history_change_reason": null, "history_type": "~", "history_user": 1}}, {"model": "admission.historicaladmission", "pk": 128, "fields": {"id": 21, "created": "2025-03-15T04:26:12.017Z", "updated": "2025-03-15T04:26:16.426Z", "is_active": true, "first_name": "aa", "last_name": null, "joining_date": null, "date_of_birth": "2025-03-18", "gender": "MALE", "blood_group": null, "religion": null, "qualifications": "", "permanent_address": "", "communication_address": "", "personal_email": "ss@gmail.com", "contact_number": "ss", "admission_number": "0020", "admission_date": "2025-03-15", "photo": "", "other_details": null, "parent_first_name": "aa", "parent_last_name": null, "parent_contact_number": null, "parent_whatsapp_number": null, "parent_mail_id": null, "fee_type": null, "is_discount": null, "discount_percentage": null, "creator": 1, "user": null, "branch": 2, "academic_year": 1, "course": null, "batch": null, "history_date": "2025-03-15T04:26:16.438Z", "history_change_reason": null, "history_type": "~", "history_user": 1}}, {"model": "admission.historicaladmission", "pk": 129, "fields": {"id": 21, "created": "2025-03-15T04:26:12.017Z", "updated": "2025-03-15T04:27:15.452Z", "is_active": true, "first_name": "aa", "last_name": null, "joining_date": null, "date_of_birth": "2025-03-18", "gender": "MALE", "blood_group": null, "religion": null, "qualifications": "", "permanent_address": "", "communication_address": "", "personal_email": "ss@gmail.com", "contact_number": "ss", "admission_number": "0020", "admission_date": "2025-03-15", "photo": "", "other_details": "", "parent_first_name": "aa", "parent_last_name": null, "parent_contact_number": null, "parent_whatsapp_number": null, "parent_mail_id": null, "fee_type": null, "is_discount": null, "discount_percentage": null, "creator": 1, "user": null, "branch": 2, "academic_year": 1, "course": 1, "batch": null, "history_date": "2025-03-15T04:27:15.461Z", "history_change_reason": null, "history_type": "~", "history_user": 1}}, {"model": "admission.historicaladmission", "pk": 130, "fields": {"id": 22, "created": "2025-04-03T04:29:22.940Z", "updated": "2025-04-03T04:29:22.940Z", "is_active": true, "first_name": "Midhlaj", "last_name": "Rahman", "joining_date": null, "date_of_birth": "2000-04-22", "gender": "FEMALE", "blood_group": null, "religion": null, "qualifications": "", "permanent_address": null, "communication_address": null, "personal_email": "midhlajrahman016@gmail.com", "contact_number": "+919037126305", "admission_number": "0021", "admission_date": "2025-04-03", "photo": "", "other_details": null, "parent_first_name": null, "parent_last_name": null, "parent_contact_number": null, "parent_whatsapp_number": null, "parent_mail_id": null, "fee_type": null, "is_discount": null, "discount_percentage": null, "creator": 1, "user": null, "branch": 2, "academic_year": 1, "course": null, "batch": null, "history_date": "2025-04-03T04:29:22.960Z", "history_change_reason": null, "history_type": "+", "history_user": 1}}, {"model": "admission.admission", "pk": 1, "fields": {"created": "2025-03-10T04:38:05.972Z", "updated": "2025-03-10T04:54:54.958Z", "creator": 1, "is_active": true, "user": 3, "branch": 1, "first_name": "midhlaj", "last_name": null, "joining_date": "2025-03-10", "date_of_birth": "2025-03-10", "gender": "MALE", "blood_group": "a-positive", "religion": "Muslim", "qualifications": "", "permanent_address": "", "communication_address": "", "personal_email": "midhlaj@gmail.com", "contact_number": "9037126398", "admission_number": "0001", "admission_date": "2025-03-10", "academic_year": 1, "photo": "", "course": 1, "batch": 2, "other_details": "", "parent_first_name": "basheer", "parent_last_name": null, "parent_contact_number": null, "parent_whatsapp_number": null, "parent_mail_id": null, "fee_type": "one_time", "is_discount": "true", "discount_percentage": 5}}, {"model": "admission.admission", "pk": 2, "fields": {"created": "2025-03-10T04:42:39.195Z", "updated": "2025-03-10T05:37:09.627Z", "creator": 1, "is_active": true, "user": 4, "branch": 1, "first_name": "shabeeb", "last_name": null, "joining_date": "2025-03-11", "date_of_birth": "2025-03-11", "gender": null, "blood_group": null, "religion": "Muslim", "qualifications": "", "permanent_address": "", "communication_address": "", "personal_email": "shabeeb@gmail.com", "contact_number": "9080808", "admission_number": "0002", "admission_date": "2025-03-10", "academic_year": 1, "photo": "", "course": 1, "batch": 2, "other_details": "", "parent_first_name": "aaa", "parent_last_name": null, "parent_contact_number": null, "parent_whatsapp_number": null, "parent_mail_id": null, "fee_type": "installment", "is_discount": null, "discount_percentage": null}}, {"model": "admission.admission", "pk": 4, "fields": {"created": "2025-03-10T05:01:06.301Z", "updated": "2025-03-10T05:01:33.809Z", "creator": 1, "is_active": true, "user": 6, "branch": 1, "first_name": "irfan", "last_name": null, "joining_date": "2025-03-10", "date_of_birth": "2025-03-10", "gender": "MALE", "blood_group": null, "religion": null, "qualifications": "", "permanent_address": "", "communication_address": "", "personal_email": "irfan@gmail.com", "contact_number": "32323", "admission_number": "0003", "admission_date": "2025-03-10", "academic_year": 1, "photo": "", "course": 1, "batch": 2, "other_details": "", "parent_first_name": "aa", "parent_last_name": null, "parent_contact_number": null, "parent_whatsapp_number": null, "parent_mail_id": null, "fee_type": "Finance", "is_discount": null, "discount_percentage": null}}, {"model": "admission.admission", "pk": 5, "fields": {"created": "2025-03-10T05:04:37.732Z", "updated": "2025-03-10T05:04:57.700Z", "creator": 1, "is_active": true, "user": 7, "branch": 1, "first_name": "salman", "last_name": null, "joining_date": "2025-03-11", "date_of_birth": "2025-03-11", "gender": null, "blood_group": null, "religion": null, "qualifications": "", "permanent_address": "", "communication_address": "", "personal_email": "salman@gmail.com", "contact_number": "90786564", "admission_number": "0004", "admission_date": "2025-03-10", "academic_year": 1, "photo": "", "course": 1, "batch": 2, "other_details": "", "parent_first_name": "aa", "parent_last_name": null, "parent_contact_number": null, "parent_whatsapp_number": null, "parent_mail_id": null, "fee_type": "installment", "is_discount": null, "discount_percentage": null}}, {"model": "admission.admission", "pk": 6, "fields": {"created": "2025-03-10T05:07:46.561Z", "updated": "2025-03-10T05:08:09.535Z", "creator": 1, "is_active": true, "user": 8, "branch": 1, "first_name": "munshir", "last_name": null, "joining_date": "2025-03-26", "date_of_birth": "2025-03-18", "gender": null, "blood_group": null, "religion": null, "qualifications": "", "permanent_address": "", "communication_address": "", "personal_email": "munshir@gmail.com", "contact_number": "2232323", "admission_number": "0005", "admission_date": "2025-03-10", "academic_year": 1, "photo": "", "course": 1, "batch": 2, "other_details": "", "parent_first_name": "aa", "parent_last_name": null, "parent_contact_number": null, "parent_whatsapp_number": null, "parent_mail_id": null, "fee_type": "Finance", "is_discount": null, "discount_percentage": null}}, {"model": "admission.admission", "pk": 7, "fields": {"created": "2025-03-10T05:09:21.634Z", "updated": "2025-03-10T05:09:44.049Z", "creator": 1, "is_active": true, "user": 9, "branch": 1, "first_name": "mushraf", "last_name": null, "joining_date": "2025-03-12", "date_of_birth": "2025-03-24", "gender": null, "blood_group": null, "religion": null, "qualifications": "", "permanent_address": "", "communication_address": "", "personal_email": "mushraf@gmail.com", "contact_number": "1212", "admission_number": "0006", "admission_date": "2025-03-10", "academic_year": 1, "photo": "", "course": 1, "batch": 2, "other_details": "", "parent_first_name": "aa", "parent_last_name": null, "parent_contact_number": null, "parent_whatsapp_number": null, "parent_mail_id": null, "fee_type": "installment", "is_discount": null, "discount_percentage": null}}, {"model": "admission.admission", "pk": 8, "fields": {"created": "2025-03-10T05:11:38.168Z", "updated": "2025-03-10T05:12:02.928Z", "creator": 1, "is_active": true, "user": 10, "branch": 1, "first_name": "sadiq", "last_name": null, "joining_date": "2025-03-11", "date_of_birth": "2025-03-17", "gender": null, "blood_group": "a-positive", "religion": null, "qualifications": "", "permanent_address": "", "communication_address": "", "personal_email": "sadiq@gmail.com", "contact_number": "23232", "admission_number": "0007", "admission_date": "2025-03-10", "academic_year": 1, "photo": "", "course": 1, "batch": 2, "other_details": "", "parent_first_name": "aa", "parent_last_name": null, "parent_contact_number": null, "parent_whatsapp_number": null, "parent_mail_id": null, "fee_type": "one_time", "is_discount": null, "discount_percentage": null}}, {"model": "admission.admission", "pk": 9, "fields": {"created": "2025-03-10T05:14:52.689Z", "updated": "2025-03-10T05:15:15.110Z", "creator": 1, "is_active": true, "user": 11, "branch": 1, "first_name": "raheem", "last_name": null, "joining_date": "2025-03-11", "date_of_birth": "2025-03-10", "gender": null, "blood_group": null, "religion": null, "qualifications": "", "permanent_address": "", "communication_address": "", "personal_email": "raheem@gmail.com", "contact_number": "1221", "admission_number": "0008", "admission_date": "2025-03-10", "academic_year": 1, "photo": "", "course": 1, "batch": 2, "other_details": "", "parent_first_name": "aa", "parent_last_name": null, "parent_contact_number": null, "parent_whatsapp_number": null, "parent_mail_id": null, "fee_type": null, "is_discount": null, "discount_percentage": null}}, {"model": "admission.admission", "pk": 10, "fields": {"created": "2025-03-10T05:18:26.157Z", "updated": "2025-03-10T05:18:50.989Z", "creator": 1, "is_active": true, "user": 12, "branch": 1, "first_name": "aswandh", "last_name": null, "joining_date": "2025-03-25", "date_of_birth": "2025-03-24", "gender": "MALE", "blood_group": null, "religion": null, "qualifications": "", "permanent_address": "", "communication_address": "", "personal_email": "aswandh@gmail.com", "contact_number": "aa", "admission_number": "0009", "admission_date": "2025-03-10", "academic_year": 1, "photo": "", "course": 1, "batch": 2, "other_details": "", "parent_first_name": "aa", "parent_last_name": null, "parent_contact_number": null, "parent_whatsapp_number": null, "parent_mail_id": null, "fee_type": "Finance", "is_discount": null, "discount_percentage": null}}, {"model": "admission.admission", "pk": 11, "fields": {"created": "2025-03-10T05:25:35.026Z", "updated": "2025-03-10T05:25:53.743Z", "creator": 1, "is_active": true, "user": 13, "branch": 1, "first_name": "fida", "last_name": null, "joining_date": "2025-03-19", "date_of_birth": "2025-03-18", "gender": null, "blood_group": null, "religion": null, "qualifications": "", "permanent_address": "", "communication_address": "", "personal_email": "fida@gmail.com", "contact_number": "343434", "admission_number": "0010", "admission_date": "2025-03-10", "academic_year": 1, "photo": "", "course": 1, "batch": 2, "other_details": "", "parent_first_name": "aa", "parent_last_name": null, "parent_contact_number": null, "parent_whatsapp_number": null, "parent_mail_id": null, "fee_type": null, "is_discount": null, "discount_percentage": null}}, {"model": "admission.admission", "pk": 12, "fields": {"created": "2025-03-10T05:34:00.050Z", "updated": "2025-03-10T05:34:22.039Z", "creator": 1, "is_active": true, "user": 14, "branch": 1, "first_name": "ziyad", "last_name": null, "joining_date": "2025-03-13", "date_of_birth": "2025-03-11", "gender": null, "blood_group": null, "religion": null, "qualifications": "", "permanent_address": "", "communication_address": "", "personal_email": "ziyad@gmail.com", "contact_number": "9098090", "admission_number": "0011", "admission_date": "2025-03-10", "academic_year": 1, "photo": "", "course": 1, "batch": 2, "other_details": "", "parent_first_name": "aa", "parent_last_name": null, "parent_contact_number": null, "parent_whatsapp_number": null, "parent_mail_id": null, "fee_type": null, "is_discount": null, "discount_percentage": null}}, {"model": "admission.admission", "pk": 13, "fields": {"created": "2025-03-10T05:38:43.537Z", "updated": "2025-03-10T05:39:05.459Z", "creator": 1, "is_active": true, "user": 15, "branch": 1, "first_name": "anfal", "last_name": null, "joining_date": "2025-03-10", "date_of_birth": "2025-03-17", "gender": null, "blood_group": null, "religion": null, "qualifications": "", "permanent_address": "", "communication_address": "", "personal_email": "anfal@gmail.com", "contact_number": "56565656", "admission_number": "0012", "admission_date": "2025-03-10", "academic_year": 1, "photo": "", "course": 1, "batch": 1, "other_details": "", "parent_first_name": "aa", "parent_last_name": null, "parent_contact_number": null, "parent_whatsapp_number": null, "parent_mail_id": null, "fee_type": null, "is_discount": null, "discount_percentage": null}}, {"model": "admission.admission", "pk": 14, "fields": {"created": "2025-03-10T05:44:19.733Z", "updated": "2025-03-10T05:44:40.899Z", "creator": 1, "is_active": true, "user": 16, "branch": 1, "first_name": "saja", "last_name": null, "joining_date": "2025-03-11", "date_of_birth": "2025-03-11", "gender": null, "blood_group": null, "religion": null, "qualifications": "", "permanent_address": "", "communication_address": "", "personal_email": "saja@gmail.com", "contact_number": "4334344", "admission_number": "0013", "admission_date": "2025-03-10", "academic_year": 1, "photo": "", "course": 1, "batch": 2, "other_details": "", "parent_first_name": "aa", "parent_last_name": null, "parent_contact_number": null, "parent_whatsapp_number": null, "parent_mail_id": null, "fee_type": null, "is_discount": null, "discount_percentage": null}}, {"model": "admission.admission", "pk": 15, "fields": {"created": "2025-03-10T05:47:07.094Z", "updated": "2025-03-10T05:53:05.962Z", "creator": 1, "is_active": true, "user": null, "branch": 1, "first_name": "aa", "last_name": null, "joining_date": "2025-03-19", "date_of_birth": "2025-03-17", "gender": null, "blood_group": null, "religion": null, "qualifications": "", "permanent_address": "", "communication_address": "", "personal_email": "a@gmail.com", "contact_number": "323233", "admission_number": "0014", "admission_date": "2025-03-10", "academic_year": 1, "photo": "", "course": 1, "batch": 1, "other_details": "", "parent_first_name": "aa", "parent_last_name": null, "parent_contact_number": null, "parent_whatsapp_number": null, "parent_mail_id": null, "fee_type": null, "is_discount": null, "discount_percentage": null}}, {"model": "admission.admission", "pk": 16, "fields": {"created": "2025-03-10T05:55:03.012Z", "updated": "2025-03-10T05:56:19.098Z", "creator": 1, "is_active": true, "user": null, "branch": 1, "first_name": "qq", "last_name": null, "joining_date": "2025-03-10", "date_of_birth": "2025-03-05", "gender": null, "blood_group": null, "religion": null, "qualifications": "", "permanent_address": "", "communication_address": "", "personal_email": "a2@fg.com", "contact_number": "345", "admission_number": "0015", "admission_date": "2025-03-10", "academic_year": 1, "photo": "", "course": 1, "batch": 2, "other_details": "", "parent_first_name": "sdf", "parent_last_name": null, "parent_contact_number": null, "parent_whatsapp_number": null, "parent_mail_id": null, "fee_type": null, "is_discount": null, "discount_percentage": null}}, {"model": "admission.admission", "pk": 17, "fields": {"created": "2025-03-10T06:03:39.385Z", "updated": "2025-03-10T06:03:56.361Z", "creator": 1, "is_active": true, "user": 20, "branch": 1, "first_name": "bb", "last_name": null, "joining_date": null, "date_of_birth": "2025-03-16", "gender": null, "blood_group": null, "religion": null, "qualifications": "", "permanent_address": "", "communication_address": "", "personal_email": "bb@gmail.com", "contact_number": "4343434", "admission_number": "0016", "admission_date": "2025-03-10", "academic_year": 1, "photo": "", "course": 1, "batch": 2, "other_details": "", "parent_first_name": "aa", "parent_last_name": null, "parent_contact_number": null, "parent_whatsapp_number": null, "parent_mail_id": null, "fee_type": null, "is_discount": null, "discount_percentage": null}}, {"model": "admission.admission", "pk": 18, "fields": {"created": "2025-03-10T06:05:01.121Z", "updated": "2025-03-10T06:05:13.159Z", "creator": 1, "is_active": true, "user": null, "branch": 1, "first_name": "cc", "last_name": null, "joining_date": null, "date_of_birth": "2025-03-18", "gender": null, "blood_group": null, "religion": null, "qualifications": "", "permanent_address": "", "communication_address": "", "personal_email": "cc@gmail.com", "contact_number": "32323", "admission_number": "0017", "admission_date": "2025-03-10", "academic_year": 1, "photo": "", "course": 1, "batch": 2, "other_details": "", "parent_first_name": "aa", "parent_last_name": null, "parent_contact_number": null, "parent_whatsapp_number": null, "parent_mail_id": null, "fee_type": null, "is_discount": null, "discount_percentage": null}}, {"model": "admission.admission", "pk": 19, "fields": {"created": "2025-03-10T06:10:57.856Z", "updated": "2025-03-10T06:18:07.387Z", "creator": 1, "is_active": true, "user": 25, "branch": 1, "first_name": "www", "last_name": null, "joining_date": null, "date_of_birth": "2025-03-05", "gender": null, "blood_group": null, "religion": null, "qualifications": "", "permanent_address": "", "communication_address": "", "personal_email": "ww@fdg.co", "contact_number": "2", "admission_number": "0018", "admission_date": "2025-03-10", "academic_year": 1, "photo": "", "course": 1, "batch": null, "other_details": "", "parent_first_name": "11", "parent_last_name": null, "parent_contact_number": null, "parent_whatsapp_number": null, "parent_mail_id": null, "fee_type": "one_time", "is_discount": null, "discount_percentage": null}}, {"model": "admission.admission", "pk": 20, "fields": {"created": "2025-03-10T06:18:57.779Z", "updated": "2025-03-10T06:19:33.769Z", "creator": 1, "is_active": true, "user": 26, "branch": 1, "first_name": "wweeee", "last_name": null, "joining_date": null, "date_of_birth": "2025-03-17", "gender": null, "blood_group": null, "religion": null, "qualifications": "", "permanent_address": "", "communication_address": "", "personal_email": "wda@dfg.tfhf", "contact_number": "5345", "admission_number": "0019", "admission_date": "2025-03-10", "academic_year": 1, "photo": "", "course": 1, "batch": 1, "other_details": "", "parent_first_name": "gdds", "parent_last_name": null, "parent_contact_number": null, "parent_whatsapp_number": null, "parent_mail_id": null, "fee_type": null, "is_discount": null, "discount_percentage": null}}, {"model": "admission.admission", "pk": 21, "fields": {"created": "2025-03-15T04:26:12.017Z", "updated": "2025-03-15T04:27:15.452Z", "creator": 1, "is_active": true, "user": null, "branch": 2, "first_name": "aa", "last_name": null, "joining_date": null, "date_of_birth": "2025-03-18", "gender": "MALE", "blood_group": null, "religion": null, "qualifications": "", "permanent_address": "", "communication_address": "", "personal_email": "ss@gmail.com", "contact_number": "ss", "admission_number": "0020", "admission_date": "2025-03-15", "academic_year": 1, "photo": "", "course": 1, "batch": null, "other_details": "", "parent_first_name": "aa", "parent_last_name": null, "parent_contact_number": null, "parent_whatsapp_number": null, "parent_mail_id": null, "fee_type": null, "is_discount": null, "discount_percentage": null}}, {"model": "admission.admission", "pk": 22, "fields": {"created": "2025-04-03T04:29:22.940Z", "updated": "2025-04-03T04:29:22.940Z", "creator": 1, "is_active": true, "user": null, "branch": 2, "first_name": "Midhlaj", "last_name": "Rahman", "joining_date": null, "date_of_birth": "2000-04-22", "gender": "FEMALE", "blood_group": null, "religion": null, "qualifications": "", "permanent_address": null, "communication_address": null, "personal_email": "midhlajrahman016@gmail.com", "contact_number": "+919037126305", "admission_number": "0021", "admission_date": "2025-04-03", "academic_year": 1, "photo": "", "course": null, "batch": null, "other_details": null, "parent_first_name": null, "parent_last_name": null, "parent_contact_number": null, "parent_whatsapp_number": null, "parent_mail_id": null, "fee_type": null, "is_discount": null, "discount_percentage": null}}, {"model": "admission.historicalattendanceregister", "pk": 1, "fields": {"id": 1, "created": "2025-03-10T06:30:17.751Z", "updated": "2025-03-10T06:30:17.751Z", "is_active": true, "date": "2025-03-10", "creator": null, "branch": 1, "batch": 2, "course": 1, "history_date": "2025-03-10T06:30:17.751Z", "history_change_reason": null, "history_type": "+", "history_user": 2}}, {"model": "admission.historicalattendanceregister", "pk": 2, "fields": {"id": 2, "created": "2025-04-03T07:30:33.379Z", "updated": "2025-04-03T07:30:33.379Z", "is_active": true, "date": "2025-04-03", "creator": null, "branch": 1, "batch": 2, "course": 1, "history_date": "2025-04-03T07:30:33.382Z", "history_change_reason": null, "history_type": "+", "history_user": 2}}, {"model": "admission.historicalattendanceregister", "pk": 3, "fields": {"id": 3, "created": "2025-04-03T07:33:15.931Z", "updated": "2025-04-03T07:33:15.932Z", "is_active": true, "date": "2025-04-04", "creator": null, "branch": 1, "batch": 2, "course": 1, "history_date": "2025-04-03T07:33:15.933Z", "history_change_reason": null, "history_type": "+", "history_user": 2}}, {"model": "admission.attendanceregister", "pk": 1, "fields": {"created": "2025-03-10T06:30:17.751Z", "updated": "2025-03-10T06:30:17.751Z", "creator": null, "is_active": true, "branch": 1, "batch": 2, "date": "2025-03-10", "course": 1}}, {"model": "admission.attendanceregister", "pk": 2, "fields": {"created": "2025-04-03T07:30:33.379Z", "updated": "2025-04-03T07:30:33.379Z", "creator": null, "is_active": true, "branch": 1, "batch": 2, "date": "2025-04-03", "course": 1}}, {"model": "admission.attendanceregister", "pk": 3, "fields": {"created": "2025-04-03T07:33:15.931Z", "updated": "2025-04-03T07:33:15.932Z", "creator": null, "is_active": true, "branch": 1, "batch": 2, "date": "2025-04-04", "course": 1}}, {"model": "admission.historicalattendance", "pk": 1, "fields": {"id": 1, "created": "2025-03-10T06:30:17.763Z", "updated": "2025-03-10T06:30:17.763Z", "is_active": true, "status": "Present", "creator": null, "register": 1, "student": 18, "history_date": "2025-03-10T06:30:17.764Z", "history_change_reason": null, "history_type": "+", "history_user": 2}}, {"model": "admission.historicalattendance", "pk": 2, "fields": {"id": 2, "created": "2025-03-10T06:30:17.767Z", "updated": "2025-03-10T06:30:17.767Z", "is_active": true, "status": "Present", "creator": null, "register": 1, "student": 17, "history_date": "2025-03-10T06:30:17.767Z", "history_change_reason": null, "history_type": "+", "history_user": 2}}, {"model": "admission.historicalattendance", "pk": 3, "fields": {"id": 3, "created": "2025-03-10T06:30:17.771Z", "updated": "2025-03-10T06:30:17.771Z", "is_active": true, "status": "Present", "creator": null, "register": 1, "student": 16, "history_date": "2025-03-10T06:30:17.771Z", "history_change_reason": null, "history_type": "+", "history_user": 2}}, {"model": "admission.historicalattendance", "pk": 4, "fields": {"id": 4, "created": "2025-03-10T06:30:17.772Z", "updated": "2025-03-10T06:30:17.772Z", "is_active": true, "status": "Present", "creator": null, "register": 1, "student": 14, "history_date": "2025-03-10T06:30:17.773Z", "history_change_reason": null, "history_type": "+", "history_user": 2}}, {"model": "admission.historicalattendance", "pk": 5, "fields": {"id": 5, "created": "2025-03-10T06:30:17.776Z", "updated": "2025-03-10T06:30:17.776Z", "is_active": true, "status": "Present", "creator": null, "register": 1, "student": 12, "history_date": "2025-03-10T06:30:17.776Z", "history_change_reason": null, "history_type": "+", "history_user": 2}}, {"model": "admission.historicalattendance", "pk": 6, "fields": {"id": 6, "created": "2025-03-10T06:30:17.779Z", "updated": "2025-03-10T06:30:17.779Z", "is_active": true, "status": "Present", "creator": null, "register": 1, "student": 11, "history_date": "2025-03-10T06:30:17.780Z", "history_change_reason": null, "history_type": "+", "history_user": 2}}, {"model": "admission.historicalattendance", "pk": 7, "fields": {"id": 7, "created": "2025-03-10T06:30:17.782Z", "updated": "2025-03-10T06:30:17.782Z", "is_active": true, "status": "Present", "creator": null, "register": 1, "student": 10, "history_date": "2025-03-10T06:30:17.782Z", "history_change_reason": null, "history_type": "+", "history_user": 2}}, {"model": "admission.historicalattendance", "pk": 8, "fields": {"id": 8, "created": "2025-03-10T06:30:17.783Z", "updated": "2025-03-10T06:30:17.783Z", "is_active": true, "status": "Present", "creator": null, "register": 1, "student": 9, "history_date": "2025-03-10T06:30:17.783Z", "history_change_reason": null, "history_type": "+", "history_user": 2}}, {"model": "admission.historicalattendance", "pk": 9, "fields": {"id": 9, "created": "2025-03-10T06:30:17.786Z", "updated": "2025-03-10T06:30:17.786Z", "is_active": true, "status": "Present", "creator": null, "register": 1, "student": 8, "history_date": "2025-03-10T06:30:17.787Z", "history_change_reason": null, "history_type": "+", "history_user": 2}}, {"model": "admission.historicalattendance", "pk": 10, "fields": {"id": 10, "created": "2025-03-10T06:30:17.791Z", "updated": "2025-03-10T06:30:17.791Z", "is_active": true, "status": "Present", "creator": null, "register": 1, "student": 7, "history_date": "2025-03-10T06:30:17.792Z", "history_change_reason": null, "history_type": "+", "history_user": 2}}, {"model": "admission.historicalattendance", "pk": 11, "fields": {"id": 11, "created": "2025-03-10T06:30:17.794Z", "updated": "2025-03-10T06:30:17.794Z", "is_active": true, "status": "Present", "creator": null, "register": 1, "student": 6, "history_date": "2025-03-10T06:30:17.794Z", "history_change_reason": null, "history_type": "+", "history_user": 2}}, {"model": "admission.historicalattendance", "pk": 12, "fields": {"id": 12, "created": "2025-03-10T06:30:17.795Z", "updated": "2025-03-10T06:30:17.795Z", "is_active": true, "status": "Present", "creator": null, "register": 1, "student": 5, "history_date": "2025-03-10T06:30:17.796Z", "history_change_reason": null, "history_type": "+", "history_user": 2}}, {"model": "admission.historicalattendance", "pk": 13, "fields": {"id": 13, "created": "2025-03-10T06:30:17.797Z", "updated": "2025-03-10T06:30:17.797Z", "is_active": true, "status": "Present", "creator": null, "register": 1, "student": 4, "history_date": "2025-03-10T06:30:17.798Z", "history_change_reason": null, "history_type": "+", "history_user": 2}}, {"model": "admission.historicalattendance", "pk": 14, "fields": {"id": 14, "created": "2025-03-10T06:30:17.799Z", "updated": "2025-03-10T06:30:17.799Z", "is_active": true, "status": "Present", "creator": null, "register": 1, "student": 2, "history_date": "2025-03-10T06:30:17.800Z", "history_change_reason": null, "history_type": "+", "history_user": 2}}, {"model": "admission.historicalattendance", "pk": 15, "fields": {"id": 15, "created": "2025-03-10T06:30:17.802Z", "updated": "2025-03-10T06:30:17.802Z", "is_active": true, "status": "Present", "creator": null, "register": 1, "student": 1, "history_date": "2025-03-10T06:30:17.803Z", "history_change_reason": null, "history_type": "+", "history_user": 2}}, {"model": "admission.historicalattendance", "pk": 16, "fields": {"id": 16, "created": "2025-04-03T07:30:33.398Z", "updated": "2025-04-03T07:30:33.398Z", "is_active": true, "status": "Present", "creator": null, "register": 2, "student": 18, "history_date": "2025-04-03T07:30:33.400Z", "history_change_reason": null, "history_type": "+", "history_user": 2}}, {"model": "admission.historicalattendance", "pk": 17, "fields": {"id": 17, "created": "2025-04-03T07:30:33.410Z", "updated": "2025-04-03T07:30:33.410Z", "is_active": true, "status": "Present", "creator": null, "register": 2, "student": 17, "history_date": "2025-04-03T07:30:33.411Z", "history_change_reason": null, "history_type": "+", "history_user": 2}}, {"model": "admission.historicalattendance", "pk": 18, "fields": {"id": 18, "created": "2025-04-03T07:30:33.416Z", "updated": "2025-04-03T07:30:33.417Z", "is_active": true, "status": "Present", "creator": null, "register": 2, "student": 16, "history_date": "2025-04-03T07:30:33.417Z", "history_change_reason": null, "history_type": "+", "history_user": 2}}, {"model": "admission.historicalattendance", "pk": 19, "fields": {"id": 19, "created": "2025-04-03T07:30:33.422Z", "updated": "2025-04-03T07:30:33.422Z", "is_active": true, "status": "Present", "creator": null, "register": 2, "student": 14, "history_date": "2025-04-03T07:30:33.423Z", "history_change_reason": null, "history_type": "+", "history_user": 2}}, {"model": "admission.historicalattendance", "pk": 20, "fields": {"id": 20, "created": "2025-04-03T07:30:33.426Z", "updated": "2025-04-03T07:30:33.427Z", "is_active": true, "status": "Present", "creator": null, "register": 2, "student": 12, "history_date": "2025-04-03T07:30:33.427Z", "history_change_reason": null, "history_type": "+", "history_user": 2}}, {"model": "admission.historicalattendance", "pk": 21, "fields": {"id": 21, "created": "2025-04-03T07:30:33.432Z", "updated": "2025-04-03T07:30:33.432Z", "is_active": true, "status": "Present", "creator": null, "register": 2, "student": 11, "history_date": "2025-04-03T07:30:33.432Z", "history_change_reason": null, "history_type": "+", "history_user": 2}}, {"model": "admission.historicalattendance", "pk": 22, "fields": {"id": 22, "created": "2025-04-03T07:30:33.437Z", "updated": "2025-04-03T07:30:33.437Z", "is_active": true, "status": "Present", "creator": null, "register": 2, "student": 10, "history_date": "2025-04-03T07:30:33.437Z", "history_change_reason": null, "history_type": "+", "history_user": 2}}, {"model": "admission.historicalattendance", "pk": 23, "fields": {"id": 23, "created": "2025-04-03T07:30:33.443Z", "updated": "2025-04-03T07:30:33.443Z", "is_active": true, "status": "Present", "creator": null, "register": 2, "student": 9, "history_date": "2025-04-03T07:30:33.443Z", "history_change_reason": null, "history_type": "+", "history_user": 2}}, {"model": "admission.historicalattendance", "pk": 24, "fields": {"id": 24, "created": "2025-04-03T07:30:33.447Z", "updated": "2025-04-03T07:30:33.448Z", "is_active": true, "status": "Present", "creator": null, "register": 2, "student": 8, "history_date": "2025-04-03T07:30:33.448Z", "history_change_reason": null, "history_type": "+", "history_user": 2}}, {"model": "admission.historicalattendance", "pk": 25, "fields": {"id": 25, "created": "2025-04-03T07:30:33.462Z", "updated": "2025-04-03T07:30:33.462Z", "is_active": true, "status": "Present", "creator": null, "register": 2, "student": 7, "history_date": "2025-04-03T07:30:33.464Z", "history_change_reason": null, "history_type": "+", "history_user": 2}}, {"model": "admission.historicalattendance", "pk": 26, "fields": {"id": 26, "created": "2025-04-03T07:30:33.470Z", "updated": "2025-04-03T07:30:33.471Z", "is_active": true, "status": "Present", "creator": null, "register": 2, "student": 6, "history_date": "2025-04-03T07:30:33.472Z", "history_change_reason": null, "history_type": "+", "history_user": 2}}, {"model": "admission.historicalattendance", "pk": 27, "fields": {"id": 27, "created": "2025-04-03T07:30:33.478Z", "updated": "2025-04-03T07:30:33.478Z", "is_active": true, "status": "Present", "creator": null, "register": 2, "student": 5, "history_date": "2025-04-03T07:30:33.482Z", "history_change_reason": null, "history_type": "+", "history_user": 2}}, {"model": "admission.historicalattendance", "pk": 28, "fields": {"id": 28, "created": "2025-04-03T07:30:33.488Z", "updated": "2025-04-03T07:30:33.488Z", "is_active": true, "status": "Present", "creator": null, "register": 2, "student": 4, "history_date": "2025-04-03T07:30:33.489Z", "history_change_reason": null, "history_type": "+", "history_user": 2}}, {"model": "admission.historicalattendance", "pk": 29, "fields": {"id": 29, "created": "2025-04-03T07:30:33.496Z", "updated": "2025-04-03T07:30:33.496Z", "is_active": true, "status": "Present", "creator": null, "register": 2, "student": 2, "history_date": "2025-04-03T07:30:33.497Z", "history_change_reason": null, "history_type": "+", "history_user": 2}}, {"model": "admission.historicalattendance", "pk": 30, "fields": {"id": 30, "created": "2025-04-03T07:30:33.504Z", "updated": "2025-04-03T07:30:33.504Z", "is_active": true, "status": "Present", "creator": null, "register": 2, "student": 1, "history_date": "2025-04-03T07:30:33.508Z", "history_change_reason": null, "history_type": "+", "history_user": 2}}, {"model": "admission.historicalattendance", "pk": 31, "fields": {"id": 31, "created": "2025-04-03T07:33:15.949Z", "updated": "2025-04-03T07:33:15.949Z", "is_active": true, "status": "Present", "creator": null, "register": 3, "student": 18, "history_date": "2025-04-03T07:33:15.950Z", "history_change_reason": null, "history_type": "+", "history_user": 2}}, {"model": "admission.historicalattendance", "pk": 32, "fields": {"id": 32, "created": "2025-04-03T07:33:15.955Z", "updated": "2025-04-03T07:33:15.955Z", "is_active": true, "status": "Present", "creator": null, "register": 3, "student": 17, "history_date": "2025-04-03T07:33:15.955Z", "history_change_reason": null, "history_type": "+", "history_user": 2}}, {"model": "admission.historicalattendance", "pk": 33, "fields": {"id": 33, "created": "2025-04-03T07:33:15.962Z", "updated": "2025-04-03T07:33:15.962Z", "is_active": true, "status": "Present", "creator": null, "register": 3, "student": 16, "history_date": "2025-04-03T07:33:15.963Z", "history_change_reason": null, "history_type": "+", "history_user": 2}}, {"model": "admission.historicalattendance", "pk": 34, "fields": {"id": 34, "created": "2025-04-03T07:33:15.966Z", "updated": "2025-04-03T07:33:15.966Z", "is_active": true, "status": "Present", "creator": null, "register": 3, "student": 14, "history_date": "2025-04-03T07:33:15.967Z", "history_change_reason": null, "history_type": "+", "history_user": 2}}, {"model": "admission.historicalattendance", "pk": 35, "fields": {"id": 35, "created": "2025-04-03T07:33:15.970Z", "updated": "2025-04-03T07:33:15.970Z", "is_active": true, "status": "Present", "creator": null, "register": 3, "student": 12, "history_date": "2025-04-03T07:33:15.971Z", "history_change_reason": null, "history_type": "+", "history_user": 2}}, {"model": "admission.historicalattendance", "pk": 36, "fields": {"id": 36, "created": "2025-04-03T07:33:15.976Z", "updated": "2025-04-03T07:33:15.976Z", "is_active": true, "status": "Present", "creator": null, "register": 3, "student": 11, "history_date": "2025-04-03T07:33:15.977Z", "history_change_reason": null, "history_type": "+", "history_user": 2}}, {"model": "admission.historicalattendance", "pk": 37, "fields": {"id": 37, "created": "2025-04-03T07:33:15.980Z", "updated": "2025-04-03T07:33:15.980Z", "is_active": true, "status": "Present", "creator": null, "register": 3, "student": 10, "history_date": "2025-04-03T07:33:15.980Z", "history_change_reason": null, "history_type": "+", "history_user": 2}}, {"model": "admission.historicalattendance", "pk": 38, "fields": {"id": 38, "created": "2025-04-03T07:33:15.983Z", "updated": "2025-04-03T07:33:15.983Z", "is_active": true, "status": "Present", "creator": null, "register": 3, "student": 9, "history_date": "2025-04-03T07:33:15.984Z", "history_change_reason": null, "history_type": "+", "history_user": 2}}, {"model": "admission.historicalattendance", "pk": 39, "fields": {"id": 39, "created": "2025-04-03T07:33:15.988Z", "updated": "2025-04-03T07:33:15.988Z", "is_active": true, "status": "Present", "creator": null, "register": 3, "student": 8, "history_date": "2025-04-03T07:33:15.989Z", "history_change_reason": null, "history_type": "+", "history_user": 2}}, {"model": "admission.historicalattendance", "pk": 40, "fields": {"id": 40, "created": "2025-04-03T07:33:15.995Z", "updated": "2025-04-03T07:33:15.995Z", "is_active": true, "status": "Present", "creator": null, "register": 3, "student": 7, "history_date": "2025-04-03T07:33:15.995Z", "history_change_reason": null, "history_type": "+", "history_user": 2}}, {"model": "admission.historicalattendance", "pk": 41, "fields": {"id": 41, "created": "2025-04-03T07:33:15.998Z", "updated": "2025-04-03T07:33:15.998Z", "is_active": true, "status": "Present", "creator": null, "register": 3, "student": 6, "history_date": "2025-04-03T07:33:15.999Z", "history_change_reason": null, "history_type": "+", "history_user": 2}}, {"model": "admission.historicalattendance", "pk": 42, "fields": {"id": 42, "created": "2025-04-03T07:33:16.003Z", "updated": "2025-04-03T07:33:16.003Z", "is_active": true, "status": "Present", "creator": null, "register": 3, "student": 5, "history_date": "2025-04-03T07:33:16.004Z", "history_change_reason": null, "history_type": "+", "history_user": 2}}, {"model": "admission.historicalattendance", "pk": 43, "fields": {"id": 43, "created": "2025-04-03T07:33:16.011Z", "updated": "2025-04-03T07:33:16.011Z", "is_active": true, "status": "Present", "creator": null, "register": 3, "student": 4, "history_date": "2025-04-03T07:33:16.012Z", "history_change_reason": null, "history_type": "+", "history_user": 2}}, {"model": "admission.historicalattendance", "pk": 44, "fields": {"id": 44, "created": "2025-04-03T07:33:16.019Z", "updated": "2025-04-03T07:33:16.019Z", "is_active": true, "status": "Present", "creator": null, "register": 3, "student": 2, "history_date": "2025-04-03T07:33:16.020Z", "history_change_reason": null, "history_type": "+", "history_user": 2}}, {"model": "admission.historicalattendance", "pk": 45, "fields": {"id": 45, "created": "2025-04-03T07:33:16.026Z", "updated": "2025-04-03T07:33:16.026Z", "is_active": true, "status": "Present", "creator": null, "register": 3, "student": 1, "history_date": "2025-04-03T07:33:16.026Z", "history_change_reason": null, "history_type": "+", "history_user": 2}}, {"model": "admission.attendance", "pk": 1, "fields": {"created": "2025-03-10T06:30:17.763Z", "updated": "2025-03-10T06:30:17.763Z", "creator": null, "is_active": true, "register": 1, "student": 18, "status": "Present"}}, {"model": "admission.attendance", "pk": 2, "fields": {"created": "2025-03-10T06:30:17.767Z", "updated": "2025-03-10T06:30:17.767Z", "creator": null, "is_active": true, "register": 1, "student": 17, "status": "Present"}}, {"model": "admission.attendance", "pk": 3, "fields": {"created": "2025-03-10T06:30:17.771Z", "updated": "2025-03-10T06:30:17.771Z", "creator": null, "is_active": true, "register": 1, "student": 16, "status": "Present"}}, {"model": "admission.attendance", "pk": 4, "fields": {"created": "2025-03-10T06:30:17.772Z", "updated": "2025-03-10T06:30:17.772Z", "creator": null, "is_active": true, "register": 1, "student": 14, "status": "Present"}}, {"model": "admission.attendance", "pk": 5, "fields": {"created": "2025-03-10T06:30:17.776Z", "updated": "2025-03-10T06:30:17.776Z", "creator": null, "is_active": true, "register": 1, "student": 12, "status": "Present"}}, {"model": "admission.attendance", "pk": 6, "fields": {"created": "2025-03-10T06:30:17.779Z", "updated": "2025-03-10T06:30:17.779Z", "creator": null, "is_active": true, "register": 1, "student": 11, "status": "Present"}}, {"model": "admission.attendance", "pk": 7, "fields": {"created": "2025-03-10T06:30:17.782Z", "updated": "2025-03-10T06:30:17.782Z", "creator": null, "is_active": true, "register": 1, "student": 10, "status": "Present"}}, {"model": "admission.attendance", "pk": 8, "fields": {"created": "2025-03-10T06:30:17.783Z", "updated": "2025-03-10T06:30:17.783Z", "creator": null, "is_active": true, "register": 1, "student": 9, "status": "Present"}}, {"model": "admission.attendance", "pk": 9, "fields": {"created": "2025-03-10T06:30:17.786Z", "updated": "2025-03-10T06:30:17.786Z", "creator": null, "is_active": true, "register": 1, "student": 8, "status": "Present"}}, {"model": "admission.attendance", "pk": 10, "fields": {"created": "2025-03-10T06:30:17.791Z", "updated": "2025-03-10T06:30:17.791Z", "creator": null, "is_active": true, "register": 1, "student": 7, "status": "Present"}}, {"model": "admission.attendance", "pk": 11, "fields": {"created": "2025-03-10T06:30:17.794Z", "updated": "2025-03-10T06:30:17.794Z", "creator": null, "is_active": true, "register": 1, "student": 6, "status": "Present"}}, {"model": "admission.attendance", "pk": 12, "fields": {"created": "2025-03-10T06:30:17.795Z", "updated": "2025-03-10T06:30:17.795Z", "creator": null, "is_active": true, "register": 1, "student": 5, "status": "Present"}}, {"model": "admission.attendance", "pk": 13, "fields": {"created": "2025-03-10T06:30:17.797Z", "updated": "2025-03-10T06:30:17.797Z", "creator": null, "is_active": true, "register": 1, "student": 4, "status": "Present"}}, {"model": "admission.attendance", "pk": 14, "fields": {"created": "2025-03-10T06:30:17.799Z", "updated": "2025-03-10T06:30:17.799Z", "creator": null, "is_active": true, "register": 1, "student": 2, "status": "Present"}}, {"model": "admission.attendance", "pk": 15, "fields": {"created": "2025-03-10T06:30:17.802Z", "updated": "2025-03-10T06:30:17.802Z", "creator": null, "is_active": true, "register": 1, "student": 1, "status": "Present"}}, {"model": "admission.attendance", "pk": 16, "fields": {"created": "2025-04-03T07:30:33.398Z", "updated": "2025-04-03T07:30:33.398Z", "creator": null, "is_active": true, "register": 2, "student": 18, "status": "Present"}}, {"model": "admission.attendance", "pk": 17, "fields": {"created": "2025-04-03T07:30:33.410Z", "updated": "2025-04-03T07:30:33.410Z", "creator": null, "is_active": true, "register": 2, "student": 17, "status": "Present"}}, {"model": "admission.attendance", "pk": 18, "fields": {"created": "2025-04-03T07:30:33.416Z", "updated": "2025-04-03T07:30:33.417Z", "creator": null, "is_active": true, "register": 2, "student": 16, "status": "Present"}}, {"model": "admission.attendance", "pk": 19, "fields": {"created": "2025-04-03T07:30:33.422Z", "updated": "2025-04-03T07:30:33.422Z", "creator": null, "is_active": true, "register": 2, "student": 14, "status": "Present"}}, {"model": "admission.attendance", "pk": 20, "fields": {"created": "2025-04-03T07:30:33.426Z", "updated": "2025-04-03T07:30:33.427Z", "creator": null, "is_active": true, "register": 2, "student": 12, "status": "Present"}}, {"model": "admission.attendance", "pk": 21, "fields": {"created": "2025-04-03T07:30:33.432Z", "updated": "2025-04-03T07:30:33.432Z", "creator": null, "is_active": true, "register": 2, "student": 11, "status": "Present"}}, {"model": "admission.attendance", "pk": 22, "fields": {"created": "2025-04-03T07:30:33.437Z", "updated": "2025-04-03T07:30:33.437Z", "creator": null, "is_active": true, "register": 2, "student": 10, "status": "Present"}}, {"model": "admission.attendance", "pk": 23, "fields": {"created": "2025-04-03T07:30:33.443Z", "updated": "2025-04-03T07:30:33.443Z", "creator": null, "is_active": true, "register": 2, "student": 9, "status": "Present"}}, {"model": "admission.attendance", "pk": 24, "fields": {"created": "2025-04-03T07:30:33.447Z", "updated": "2025-04-03T07:30:33.448Z", "creator": null, "is_active": true, "register": 2, "student": 8, "status": "Present"}}, {"model": "admission.attendance", "pk": 25, "fields": {"created": "2025-04-03T07:30:33.462Z", "updated": "2025-04-03T07:30:33.462Z", "creator": null, "is_active": true, "register": 2, "student": 7, "status": "Present"}}, {"model": "admission.attendance", "pk": 26, "fields": {"created": "2025-04-03T07:30:33.470Z", "updated": "2025-04-03T07:30:33.471Z", "creator": null, "is_active": true, "register": 2, "student": 6, "status": "Present"}}, {"model": "admission.attendance", "pk": 27, "fields": {"created": "2025-04-03T07:30:33.478Z", "updated": "2025-04-03T07:30:33.478Z", "creator": null, "is_active": true, "register": 2, "student": 5, "status": "Present"}}, {"model": "admission.attendance", "pk": 28, "fields": {"created": "2025-04-03T07:30:33.488Z", "updated": "2025-04-03T07:30:33.488Z", "creator": null, "is_active": true, "register": 2, "student": 4, "status": "Present"}}, {"model": "admission.attendance", "pk": 29, "fields": {"created": "2025-04-03T07:30:33.496Z", "updated": "2025-04-03T07:30:33.496Z", "creator": null, "is_active": true, "register": 2, "student": 2, "status": "Present"}}, {"model": "admission.attendance", "pk": 30, "fields": {"created": "2025-04-03T07:30:33.504Z", "updated": "2025-04-03T07:30:33.504Z", "creator": null, "is_active": true, "register": 2, "student": 1, "status": "Present"}}, {"model": "admission.attendance", "pk": 31, "fields": {"created": "2025-04-03T07:33:15.949Z", "updated": "2025-04-03T07:33:15.949Z", "creator": null, "is_active": true, "register": 3, "student": 18, "status": "Present"}}, {"model": "admission.attendance", "pk": 32, "fields": {"created": "2025-04-03T07:33:15.955Z", "updated": "2025-04-03T07:33:15.955Z", "creator": null, "is_active": true, "register": 3, "student": 17, "status": "Present"}}, {"model": "admission.attendance", "pk": 33, "fields": {"created": "2025-04-03T07:33:15.962Z", "updated": "2025-04-03T07:33:15.962Z", "creator": null, "is_active": true, "register": 3, "student": 16, "status": "Present"}}, {"model": "admission.attendance", "pk": 34, "fields": {"created": "2025-04-03T07:33:15.966Z", "updated": "2025-04-03T07:33:15.966Z", "creator": null, "is_active": true, "register": 3, "student": 14, "status": "Present"}}, {"model": "admission.attendance", "pk": 35, "fields": {"created": "2025-04-03T07:33:15.970Z", "updated": "2025-04-03T07:33:15.970Z", "creator": null, "is_active": true, "register": 3, "student": 12, "status": "Present"}}, {"model": "admission.attendance", "pk": 36, "fields": {"created": "2025-04-03T07:33:15.976Z", "updated": "2025-04-03T07:33:15.976Z", "creator": null, "is_active": true, "register": 3, "student": 11, "status": "Present"}}, {"model": "admission.attendance", "pk": 37, "fields": {"created": "2025-04-03T07:33:15.980Z", "updated": "2025-04-03T07:33:15.980Z", "creator": null, "is_active": true, "register": 3, "student": 10, "status": "Present"}}, {"model": "admission.attendance", "pk": 38, "fields": {"created": "2025-04-03T07:33:15.983Z", "updated": "2025-04-03T07:33:15.983Z", "creator": null, "is_active": true, "register": 3, "student": 9, "status": "Present"}}, {"model": "admission.attendance", "pk": 39, "fields": {"created": "2025-04-03T07:33:15.988Z", "updated": "2025-04-03T07:33:15.988Z", "creator": null, "is_active": true, "register": 3, "student": 8, "status": "Present"}}, {"model": "admission.attendance", "pk": 40, "fields": {"created": "2025-04-03T07:33:15.995Z", "updated": "2025-04-03T07:33:15.995Z", "creator": null, "is_active": true, "register": 3, "student": 7, "status": "Present"}}, {"model": "admission.attendance", "pk": 41, "fields": {"created": "2025-04-03T07:33:15.998Z", "updated": "2025-04-03T07:33:15.998Z", "creator": null, "is_active": true, "register": 3, "student": 6, "status": "Present"}}, {"model": "admission.attendance", "pk": 42, "fields": {"created": "2025-04-03T07:33:16.003Z", "updated": "2025-04-03T07:33:16.003Z", "creator": null, "is_active": true, "register": 3, "student": 5, "status": "Present"}}, {"model": "admission.attendance", "pk": 43, "fields": {"created": "2025-04-03T07:33:16.011Z", "updated": "2025-04-03T07:33:16.011Z", "creator": null, "is_active": true, "register": 3, "student": 4, "status": "Present"}}, {"model": "admission.attendance", "pk": 44, "fields": {"created": "2025-04-03T07:33:16.019Z", "updated": "2025-04-03T07:33:16.019Z", "creator": null, "is_active": true, "register": 3, "student": 2, "status": "Present"}}, {"model": "admission.attendance", "pk": 45, "fields": {"created": "2025-04-03T07:33:16.026Z", "updated": "2025-04-03T07:33:16.026Z", "creator": null, "is_active": true, "register": 3, "student": 1, "status": "Present"}}, {"model": "admission.historicalfeereceipt", "pk": 1, "fields": {"id": 1, "created": "2025-03-10T04:38:34.446Z", "updated": "2025-03-10T04:38:34.446Z", "is_active": true, "receipt_no": "OXD001", "date": "2025-03-10", "note": "Discount", "payment_type": "Cash", "amount": "0.00", "creator": null, "student": 1, "history_date": "2025-03-10T04:38:34.447Z", "history_change_reason": null, "history_type": "+", "history_user": 1}}, {"model": "admission.feereceipt", "pk": 1, "fields": {"created": "2025-03-10T04:38:34.446Z", "updated": "2025-03-10T04:38:34.446Z", "creator": null, "is_active": true, "student": 1, "receipt_no": "OXD001", "date": "2025-03-10", "note": "Discount", "payment_type": "Cash", "amount": "0.00"}}, {"model": "core.historicalacademicyear", "pk": 1, "fields": {"id": 1, "created": "2025-03-06T09:36:10.046Z", "updated": "2025-03-06T09:36:10.046Z", "is_active": true, "start_month_session": "1", "start_year_session": 2024, "end_month_session": "11", "end_year_session": 2024, "creator": null, "history_date": "2025-03-06T09:36:10.047Z", "history_change_reason": null, "history_type": "+", "history_user": 1}}, {"model": "core.academicyear", "pk": 1, "fields": {"created": "2025-03-06T09:36:10.046Z", "updated": "2025-03-06T09:36:10.046Z", "creator": null, "is_active": true, "start_month_session": "1", "start_year_session": 2024, "end_month_session": "11", "end_year_session": 2024}}, {"model": "accounts.user", "pk": 1, "fields": {"password": "pbkdf2_sha256$600000$LbLwK72d6rqRKtJyDn4Yek$Kn9sI2NevXiOtFyom7SST+prDPzLB2OvA9LH0DrDhgU=", "last_login": "2025-04-03T05:19:40.356Z", "is_superuser": true, "first_name": "", "last_name": "", "is_staff": true, "is_active": true, "date_joined": "2025-03-06T09:35:00.714Z", "branch": null, "email": "admin@gmail.com", "usertype": "branch_staff", "groups": [], "user_permissions": []}}, {"model": "accounts.user", "pk": 2, "fields": {"password": "pbkdf2_sha256$600000$zFdA39F1kdRMz7t75LRzB8$itXLoIl+BqHXPwGUKDT1WOxI1AHcn0yie0hao+xwjbA=", "last_login": "2025-04-03T07:32:53.429Z", "is_superuser": false, "first_name": "Muhammed", "last_name": "Mansha", "is_staff": false, "is_active": true, "date_joined": "2025-03-10T03:46:08.204Z", "branch": 1, "email": "mansha@gmail.com", "usertype": "teacher", "groups": [], "user_permissions": []}}, {"model": "accounts.user", "pk": 3, "fields": {"password": "pbkdf2_sha256$600000$RVXf19IjCFQlm5ifCXEqqi$s4PbyaA4qhxKZg5tb3tIjnofZ+4DCNKx7luqe7DtOcg=", "last_login": "2025-03-10T07:09:22.388Z", "is_superuser": false, "first_name": "midhlaj", "last_name": "", "is_staff": false, "is_active": true, "date_joined": "2025-03-10T04:38:41.265Z", "branch": 1, "email": "midhlaj@gmail.com", "usertype": "student", "groups": [], "user_permissions": []}}, {"model": "accounts.user", "pk": 4, "fields": {"password": "pbkdf2_sha256$600000$K2Oazv2sz7beJKiFgGrSa9$+nyUc/GGZiJl8Pbl1C5GynQ22yk/yngnFvCNq9d0gIg=", "last_login": null, "is_superuser": false, "first_name": "shabeeb", "last_name": "", "is_staff": false, "is_active": true, "date_joined": "2025-03-10T04:42:59.425Z", "branch": 1, "email": "shabeeb@gmail.com", "usertype": "student", "groups": [], "user_permissions": []}}, {"model": "accounts.user", "pk": 5, "fields": {"password": "pbkdf2_sha256$600000$K1tQSB1R6eLkBVwLg3hUyu$oyEz4cu6GSoG0/aFAEdDAbZMPlNm+HrtKd2NL7EP/cc=", "last_login": null, "is_superuser": false, "first_name": "irfan", "last_name": "", "is_staff": false, "is_active": true, "date_joined": "2025-03-10T04:58:25.337Z", "branch": 1, "email": "irfan@gmail.com", "usertype": "student", "groups": [], "user_permissions": []}}, {"model": "accounts.user", "pk": 6, "fields": {"password": "pbkdf2_sha256$600000$0S9igALoITmstrC6yw69Yz$vyRuc5zc9QPhYo7JrSlNSlh2wZIeeGEvo2/nsltDQ9g=", "last_login": null, "is_superuser": false, "first_name": "irfan", "last_name": "", "is_staff": false, "is_active": true, "date_joined": "2025-03-10T05:01:33.229Z", "branch": 1, "email": "irfan1@gmail.com", "usertype": "student", "groups": [], "user_permissions": []}}, {"model": "accounts.user", "pk": 7, "fields": {"password": "pbkdf2_sha256$600000$BAiqL9J6YXUXiMYA6HNbZ6$K3OO9auXqb5NfnKuxm7aRyfuwbYEQcQEH2i5nm4Amao=", "last_login": null, "is_superuser": false, "first_name": "salman", "last_name": "", "is_staff": false, "is_active": true, "date_joined": "2025-03-10T05:04:57.139Z", "branch": 1, "email": "salman@gmail.com", "usertype": "student", "groups": [], "user_permissions": []}}, {"model": "accounts.user", "pk": 8, "fields": {"password": "pbkdf2_sha256$600000$ppoHrYR9HzQZdbmUUO3ZcZ$Y34TqSFWHEe4016d5Q8pYv/DDrMr9yenug5NlpfkW/Q=", "last_login": null, "is_superuser": false, "first_name": "munshir", "last_name": "", "is_staff": false, "is_active": true, "date_joined": "2025-03-10T05:08:08.957Z", "branch": 1, "email": "munshir@gmail.com", "usertype": "student", "groups": [], "user_permissions": []}}, {"model": "accounts.user", "pk": 9, "fields": {"password": "pbkdf2_sha256$600000$OULnjeXoZRfCkUJ189757e$XYSTWcZn7PIFiU9u9X4Pz8IC5AVMrMXGDUafbXPiMK8=", "last_login": null, "is_superuser": false, "first_name": "mushraf", "last_name": "", "is_staff": false, "is_active": true, "date_joined": "2025-03-10T05:09:43.500Z", "branch": 1, "email": "mushraf@gmail.com", "usertype": "student", "groups": [], "user_permissions": []}}, {"model": "accounts.user", "pk": 10, "fields": {"password": "pbkdf2_sha256$600000$i3xjDRueXYUo6AS0LHdsxO$K+PgJxqvsygxgrbcVg5zz9rBEq/bP00dfjvrENKuAZ4=", "last_login": null, "is_superuser": false, "first_name": "sadiq", "last_name": "", "is_staff": false, "is_active": true, "date_joined": "2025-03-10T05:12:02.388Z", "branch": 1, "email": "sadiq@gmail.com", "usertype": "student", "groups": [], "user_permissions": []}}, {"model": "accounts.user", "pk": 11, "fields": {"password": "pbkdf2_sha256$600000$LxPkXLxiFIi7716Yt4Dg0J$71k5sCVzg9D5h9lh2ZeYNxwPuohrYTRp32khpuy809s=", "last_login": null, "is_superuser": false, "first_name": "raheem", "last_name": "", "is_staff": false, "is_active": true, "date_joined": "2025-03-10T05:15:14.541Z", "branch": 1, "email": "raheem@gmail.com", "usertype": "student", "groups": [], "user_permissions": []}}, {"model": "accounts.user", "pk": 12, "fields": {"password": "pbkdf2_sha256$600000$e9lfDmVqnArtT35yUJaKjE$/wgGqdWfjltHuTdihnXLby3kisBe0dr07fsbpJoZhsE=", "last_login": null, "is_superuser": false, "first_name": "aswandh", "last_name": "", "is_staff": false, "is_active": true, "date_joined": "2025-03-10T05:18:50.430Z", "branch": 1, "email": "aswandh@gmail.com", "usertype": "student", "groups": [], "user_permissions": []}}, {"model": "accounts.user", "pk": 13, "fields": {"password": "pbkdf2_sha256$600000$CaKBop9u6VdlueyvbAM6sF$mLwJwK+/ZPeiX5xDQiy7iho7GL31ljwpjc28O9IuU9U=", "last_login": null, "is_superuser": false, "first_name": "fida", "last_name": "", "is_staff": false, "is_active": true, "date_joined": "2025-03-10T05:25:53.157Z", "branch": 1, "email": "fida@gmail.com", "usertype": "student", "groups": [], "user_permissions": []}}, {"model": "accounts.user", "pk": 14, "fields": {"password": "pbkdf2_sha256$600000$aSmeBoh9r8R6awLPJgweyc$SYCpiWlvTN42xSnM0ayVhmoKkM0pM8EdC4j1/mVOjE0=", "last_login": null, "is_superuser": false, "first_name": "ziyad", "last_name": "", "is_staff": false, "is_active": true, "date_joined": "2025-03-10T05:34:21.472Z", "branch": 1, "email": "ziyad@gmail.com", "usertype": "student", "groups": [], "user_permissions": []}}, {"model": "accounts.user", "pk": 15, "fields": {"password": "pbkdf2_sha256$600000$2xtiw0iTH80YrCBCQY2faF$79bLF4gqlL1T7psWzEh8avRSJHL9GeGD8h9FkKCSKoc=", "last_login": null, "is_superuser": false, "first_name": "anfal", "last_name": "", "is_staff": false, "is_active": true, "date_joined": "2025-03-10T05:39:04.901Z", "branch": 1, "email": "anfal@gmail.com", "usertype": "student", "groups": [], "user_permissions": []}}, {"model": "accounts.user", "pk": 16, "fields": {"password": "pbkdf2_sha256$600000$krTU6PCmsmwsxBXt3GjhI5$87QXhfuVwrlcrc8hlC28grJxq7DMMbnjIP2uEXCl0sM=", "last_login": null, "is_superuser": false, "first_name": "saja", "last_name": "", "is_staff": false, "is_active": true, "date_joined": "2025-03-10T05:44:40.360Z", "branch": 1, "email": "saja@gmail.com", "usertype": "student", "groups": [], "user_permissions": []}}, {"model": "accounts.user", "pk": 17, "fields": {"password": "pbkdf2_sha256$600000$AhsUZwAU5gGu6g8LG0mY4t$6PgtDg34IUlb9kCdP197RRmHFJzfA6FVHQDoyzDN17o=", "last_login": null, "is_superuser": false, "first_name": "aa", "last_name": "", "is_staff": false, "is_active": true, "date_joined": "2025-03-10T05:47:28.011Z", "branch": null, "email": "a@gmail.com", "usertype": "student", "groups": [], "user_permissions": []}}, {"model": "accounts.user", "pk": 18, "fields": {"password": "pbkdf2_sha256$600000$Rws92hyFFbGD1H1OFZhaW5$91QToTYi/kgk9zsMG/HA6foXDN9XF5IOeUZsBpM7wAY=", "last_login": null, "is_superuser": false, "first_name": "qq", "last_name": "", "is_staff": false, "is_active": true, "date_joined": "2025-03-10T05:56:28.696Z", "branch": null, "email": "a2@fg.com", "usertype": "student", "groups": [], "user_permissions": []}}, {"model": "accounts.user", "pk": 19, "fields": {"password": "pbkdf2_sha256$600000$0NP2uDmV3smXlRpzVxy8zB$5FOiyQhXDsKNhNAQprO8qusu9I8+x0YHz/Ghqmj8Ans=", "last_login": null, "is_superuser": false, "first_name": "qq", "last_name": "", "is_staff": false, "is_active": true, "date_joined": "2025-03-10T05:57:23.827Z", "branch": null, "email": "a22@fg.com", "usertype": "student", "groups": [], "user_permissions": []}}, {"model": "accounts.user", "pk": 20, "fields": {"password": "pbkdf2_sha256$600000$cBuboVNfqQVv88cLJCH9r7$4A1pqkXCDfmhlsov9Uu5zzYRQQQtazfdWtjJQPyvGB8=", "last_login": null, "is_superuser": false, "first_name": "bb", "last_name": "", "is_staff": false, "is_active": true, "date_joined": "2025-03-10T06:03:55.762Z", "branch": 1, "email": "bb@gmail.com", "usertype": "student", "groups": [], "user_permissions": []}}, {"model": "accounts.user", "pk": 21, "fields": {"password": "pbkdf2_sha256$600000$txDtHCcCfvaVwxy1YOnfUW$GD1xOuIdMC1p8yt3vr+V4tZk8zogJzNQCM3aDe90b2k=", "last_login": null, "is_superuser": false, "first_name": "cc", "last_name": "", "is_staff": false, "is_active": true, "date_joined": "2025-03-10T06:05:20.172Z", "branch": null, "email": "cc@gmail.com", "usertype": "student", "groups": [], "user_permissions": []}}, {"model": "accounts.user", "pk": 22, "fields": {"password": "pbkdf2_sha256$600000$F9Zj9tKJ80k2ftBERi6htA$236j3g/NbwyRW7iWzJCfakhlRF2Vxg/nVBqTN10PqhQ=", "last_login": null, "is_superuser": false, "first_name": "cc", "last_name": "", "is_staff": false, "is_active": true, "date_joined": "2025-03-10T06:07:31.380Z", "branch": null, "email": "cc1@gmail.com", "usertype": "student", "groups": [], "user_permissions": []}}, {"model": "accounts.user", "pk": 23, "fields": {"password": "pbkdf2_sha256$600000$to7TvXEV1swFTixZcsdSRD$UnDcUKAXZdwdz6u5onhyDzZ8ndlxw/rjfnKbs63Vqco=", "last_login": null, "is_superuser": false, "first_name": "cc", "last_name": "", "is_staff": false, "is_active": true, "date_joined": "2025-03-10T06:08:23.417Z", "branch": null, "email": "cc2@gmail.com", "usertype": "student", "groups": [], "user_permissions": []}}, {"model": "accounts.user", "pk": 24, "fields": {"password": "pbkdf2_sha256$600000$6cSXMC19GxQhapqfJvuBsV$r/F96ca3htMi2U+2m/R5iIzz58nRGAoucssX+zEuKbU=", "last_login": null, "is_superuser": false, "first_name": "cc", "last_name": "", "is_staff": false, "is_active": true, "date_joined": "2025-03-10T06:08:47.127Z", "branch": null, "email": "cc3@gmail.com", "usertype": "student", "groups": [], "user_permissions": []}}, {"model": "accounts.user", "pk": 25, "fields": {"password": "pbkdf2_sha256$600000$fDOczwsGYUFA1b0MW0fqSD$x0/17XGd7hIAs172LzDhOwnQK+AJffqQRXgbvP0mRjE=", "last_login": null, "is_superuser": false, "first_name": "www", "last_name": "", "is_staff": false, "is_active": true, "date_joined": "2025-03-10T06:18:06.493Z", "branch": 1, "email": "ww@fdg.co", "usertype": "student", "groups": [], "user_permissions": []}}, {"model": "accounts.user", "pk": 26, "fields": {"password": "pbkdf2_sha256$600000$4mmtW6aYGJpEQIA9UtkBxd$Sh5QVKjddAsbjziupTKy00YxKxt+t6lT/twY4riGbY8=", "last_login": null, "is_superuser": false, "first_name": "wweeee", "last_name": "", "is_staff": false, "is_active": true, "date_joined": "2025-03-10T06:19:32.888Z", "branch": 1, "email": "wda@dfg.tfhf", "usertype": "student", "groups": [], "user_permissions": []}}, {"model": "accounts.user", "pk": 27, "fields": {"password": "pbkdf2_sha256$600000$IysbwReunO4Uz8JqVvpYGs$BYP6ykMRlhAyCEoY0cD/gXp/q0saZI0vCF5rz4CT/CE=", "last_login": null, "is_superuser": false, "first_name": "aaa", "last_name": "", "is_staff": false, "is_active": true, "date_joined": "2025-04-03T05:15:57.210Z", "branch": 1, "email": "test1@gmail.com", "usertype": "teacher", "groups": [], "user_permissions": []}}, {"model": "accounts.user", "pk": 28, "fields": {"password": "pbkdf2_sha256$600000$rlObpbftgupblusFUJ8AXi$hjQGZKiDUPfC//vwzK5RgHMVPX+rGdCopALcpRXc69o=", "last_login": null, "is_superuser": false, "first_name": "bb", "last_name": "", "is_staff": false, "is_active": true, "date_joined": "2025-04-03T05:18:12.495Z", "branch": 1, "email": "b@gmail.com", "usertype": "teacher", "groups": [], "user_permissions": []}}, {"model": "accounts.user", "pk": 29, "fields": {"password": "pbkdf2_sha256$600000$QHOxCmxjJZEeWS9GD8T5Sl$6yKrkQD+T8sModV/Fh5YbsbYAGkpiqA2gOW2cWeBHWI=", "last_login": null, "is_superuser": false, "first_name": "rafi", "last_name": "", "is_staff": false, "is_active": true, "date_joined": "2025-04-03T05:48:20.590Z", "branch": null, "email": "rafi@gmail.com", "usertype": "teacher", "groups": [], "user_permissions": []}}, {"model": "accounts.user", "pk": 30, "fields": {"password": "pbkdf2_sha256$600000$4KRbPlcb8zkRvbtgx47OYn$AhqZp+cA+34unIfFe+mtRl8KfxaPW+HChEB2ywRZAxY=", "last_login": null, "is_superuser": false, "first_name": "java", "last_name": "", "is_staff": false, "is_active": true, "date_joined": "2025-04-03T06:03:08.637Z", "branch": null, "email": "java@gmail.com", "usertype": "teacher", "groups": [], "user_permissions": []}}, {"model": "accounts.user", "pk": 31, "fields": {"password": "pbkdf2_sha256$600000$K4H7YcvxC6Bn60vBkoKZkm$v5V+tdj++Gw68JiwCiUrDR+0Tbk16GNPfEN8mfvSq3E=", "last_login": null, "is_superuser": false, "first_name": "anees", "last_name": "", "is_staff": false, "is_active": true, "date_joined": "2025-04-03T06:12:20.269Z", "branch": null, "email": "anees@gmail.com", "usertype": "teacher", "groups": [], "user_permissions": []}}, {"model": "accounts.user", "pk": 32, "fields": {"password": "pbkdf2_sha256$600000$MSXaiNTJtz8xugX4pVEIuy$gbYcYFCDoi7NPnhjuKE/ZjQ5YoiqBFhVWjK+V6iPU44=", "last_login": null, "is_superuser": false, "first_name": "anees", "last_name": "", "is_staff": false, "is_active": true, "date_joined": "2025-04-03T06:12:59.892Z", "branch": 2, "email": "anees2@gmail.com", "usertype": "teacher", "groups": [], "user_permissions": []}}, {"model": "masters.historicalbatch", "pk": 1, "fields": {"id": 1, "created": "2025-03-10T04:24:06.653Z", "updated": "2025-03-10T04:24:06.653Z", "is_active": true, "batch_name": "Morning Batch", "description": "", "creator": 1, "branch": 1, "academic_year": 1, "history_date": "2025-03-10T04:24:06.660Z", "history_change_reason": null, "history_type": "+", "history_user": 1}}, {"model": "masters.historicalbatch", "pk": 2, "fields": {"id": 2, "created": "2025-03-10T04:24:23.563Z", "updated": "2025-03-10T04:24:23.563Z", "is_active": true, "batch_name": "Afternoon Batch", "description": "", "creator": 1, "branch": 1, "academic_year": 1, "history_date": "2025-03-10T04:24:23.568Z", "history_change_reason": null, "history_type": "+", "history_user": 1}}, {"model": "masters.batch", "pk": 1, "fields": {"created": "2025-03-10T04:24:06.653Z", "updated": "2025-03-10T04:24:06.653Z", "creator": 1, "is_active": true, "branch": 1, "batch_name": "Morning Batch", "description": "", "academic_year": 1}}, {"model": "masters.batch", "pk": 2, "fields": {"created": "2025-03-10T04:24:23.563Z", "updated": "2025-03-10T04:24:23.563Z", "creator": 1, "is_active": true, "branch": 1, "batch_name": "Afternoon Batch", "description": "", "academic_year": 1}}, {"model": "masters.historicalcourse", "pk": 1, "fields": {"id": 1, "created": "2025-03-06T09:43:02.077Z", "updated": "2025-03-06T09:43:02.077Z", "is_active": true, "name": "Graphics Designing", "fees": 50000, "description": "", "creator": 1, "history_date": "2025-03-06T09:43:02.080Z", "history_change_reason": null, "history_type": "+", "history_user": 1}}, {"model": "masters.course", "pk": 1, "fields": {"created": "2025-03-06T09:43:02.077Z", "updated": "2025-03-06T09:43:02.077Z", "creator": 1, "is_active": true, "name": "Graphics Designing", "fees": 50000, "description": ""}}, {"model": "branches.historicalbranch", "pk": 1, "fields": {"id": 1, "created": "2025-03-06T09:36:21.338Z", "updated": "2025-03-06T09:36:21.338Z", "name": "Kondotty", "address": "", "city": null, "state": null, "country": null, "postal_code": null, "contact_number": null, "email": null, "manager_name": null, "is_active": true, "opening_date": null, "creator": 1, "history_date": "2025-03-06T09:36:21.339Z", "history_change_reason": null, "history_type": "+", "history_user": 1}}, {"model": "branches.historicalbranch", "pk": 2, "fields": {"id": 2, "created": "2025-03-10T05:24:26.565Z", "updated": "2025-03-10T05:24:26.565Z", "name": "Ramanatukara", "address": "", "city": null, "state": null, "country": null, "postal_code": null, "contact_number": null, "email": null, "manager_name": null, "is_active": true, "opening_date": null, "creator": 1, "history_date": "2025-03-10T05:24:26.569Z", "history_change_reason": null, "history_type": "+", "history_user": 1}}, {"model": "branches.branch", "pk": 1, "fields": {"created": "2025-03-06T09:36:21.338Z", "updated": "2025-03-06T09:36:21.338Z", "creator": 1, "name": "Kondotty", "address": "", "city": null, "state": null, "country": null, "postal_code": null, "contact_number": null, "email": null, "manager_name": null, "is_active": true, "opening_date": null}}, {"model": "branches.branch", "pk": 2, "fields": {"created": "2025-03-10T05:24:26.565Z", "updated": "2025-03-10T05:24:26.565Z", "creator": 1, "name": "Ramanatukara", "address": "", "city": null, "state": null, "country": null, "postal_code": null, "contact_number": null, "email": null, "manager_name": null, "is_active": true, "opening_date": null}}]