[{"model": "admin_interface.theme", "pk": 1, "fields": {"name": "Django", "active": true, "title": "Django administration", "title_color": "#F5DD5D", "title_visible": true, "logo": "", "logo_color": "#FFFFFF", "logo_max_width": 400, "logo_max_height": 100, "logo_visible": true, "favicon": "", "env_name": "", "env_color": "#E74C3C", "env_visible_in_header": true, "env_visible_in_favicon": true, "language_chooser_active": true, "language_chooser_control": "default-select", "language_chooser_display": "code", "css_header_background_color": "#0C4B33", "css_header_text_color": "#44B78B", "css_header_link_color": "#FFFFFF", "css_header_link_hover_color": "#C9F0DD", "css_module_background_color": "#44B78B", "css_module_background_selected_color": "#FFFFCC", "css_module_text_color": "#FFFFFF", "css_module_link_color": "#FFFFFF", "css_module_link_selected_color": "#FFFFFF", "css_module_link_hover_color": "#C9F0DD", "css_module_rounded_corners": true, "css_generic_link_color": "#0C3C26", "css_generic_link_hover_color": "#156641", "css_generic_link_active_color": "#29B864", "css_save_button_background_color": "#0C4B33", "css_save_button_background_hover_color": "#0C3C26", "css_save_button_text_color": "#FFFFFF", "css_delete_button_background_color": "#BA2121", "css_delete_button_background_hover_color": "#A41515", "css_delete_button_text_color": "#FFFFFF", "related_modal_active": true, "related_modal_background_color": "#000000", "related_modal_background_opacity": "0.3", "related_modal_rounded_corners": true, "related_modal_close_button_visible": true, "list_filter_highlight": true, "list_filter_dropdown": true, "list_filter_sticky": true, "list_filter_removal_links": false, "foldable_apps": true, "show_fieldsets_as_tabs": false, "show_inlines_as_tabs": false, "collapsible_stacked_inlines": false, "collapsible_stacked_inlines_collapsed": true, "collapsible_tabular_inlines": false, "collapsible_tabular_inlines_collapsed": true, "recent_actions_visible": true, "form_submit_sticky": false, "form_pagination_sticky": false}}, {"model": "user_sessions.session", "pk": "18yj6s21ohdhwx1spa0gudiawcmj0elw", "fields": {"session_data": ".eJxVjctOxCAYhd-FhauG0gKDbTIxce8zkB_426IdqFwcG-O720lmMe5OzuU7P0RDLYuuGZP2joykI82jZ8B-YLgF7h3CHKmNoSRv6K1C72mmb9Hh-nrv_gMskJdjzXFQTnEl4VkYAcrKXgg7TE4wbiaJOLCBiZNxPecgp-6EtkcBzCjrjOjkATUJgj1YfUPAgsOLt3pHSGTsGmJrShiK_vJ41TWtx-VSypbHto3frmLa6IwQdnpFk33BFi_bGnfE_KBePs_wVMCsqDeYfYDiYzh3jPz-AQhpZSE:1ttJAl:W2hzSH3w59zUSuVFXnd29gUGN6FGS8-QhFWlpXJi_ZU", "expire_date": "2025-03-29T04:30:55.019Z", "user": 1, "user_agent": "Mozilla/5.0 (X11; Linux x86_64) AppleWebKit/537.36 (KHTML, like Gecko) Chrome/132.0.0.0 Safari/537.36", "last_activity": "2025-03-15T04:30:55.019Z", "ip": "106.222.239.0"}}, {"model": "user_sessions.session", "pk": "2s7049xcupmn5dhp7u43ia8b9oirxvfs", "fields": {"session_data": ".eJxVjMsOgyAQRf-FtSEiwmCX3fcbyDCD1T4gQV00Tf-9mLhok7s69-S8hcdtnfy2xOJnFiehRfPLAtI9pv3gG6ZrlpTTWuYgd0Ue7yIvmePjfLh_gQmXac9aS5EHsANaraFn1h2CYzDMti70qjVKua4lcCNQZ40hE9rBwRgMjjUaCiaqLdUIJOT4nMm_IpZKPl-jKEDn:1tq8SX:fDZJ345PiTd31kBbW6bi3M3TcJ0ZdnGl960YDT44YrA", "expire_date": "2025-03-20T10:28:09.324Z", "user": 3, "user_agent": "Mozilla/5.0 (X11; Linux x86_64) AppleWebKit/537.36 (KHTML, like Gecko) Chrome/132.0.0.0 Safari/537.36", "last_activity": "2025-03-06T10:28:09.324Z", "ip": "103.42.196.122"}}, {"model": "user_sessions.session", "pk": "3qmmto15zqw1hw2nmhconcolsb3jaxxf", "fields": {"session_data": ".eJxVjU1uwyAQhe_C2rLBQChedt8zoGEYF1oHKsCtqih3jyNFSrt7ej_fuzAHe49ub1RdCmxhgg1_PQ_4SfkehA_I72XEkntNfrxXxkfaxrcSaHt9dP8BIrR4rCVZE4w0Gl6UV2BQz0qhXYPi0q-ayHLL1cmHWUrQqzgRzqSAe4PBK6EPqK-Q8WDNAwOEQOeE7pegskUMDPdaKXf3nejH7XU7LmPvX8s0bQVhi6X1xXIuJgjn1Foq-anaxK43UcpYyQ:1u9IVg:RMbFKLFHeTcKSOjLvT3wdcN7BoQU7mRNdytZf3a4r0g", "expire_date": "2025-05-12T07:02:36.066Z", "user": 1, "user_agent": "Mozilla/5.0 (X11; Linux x86_64) AppleWebKit/537.36 (KHTML, like Gecko) Chrome/134.0.0.0 Safari/537.36", "last_activity": "2025-04-28T07:02:36.067Z", "ip": "127.0.0.1"}}, {"model": "user_sessions.session", "pk": "57w4bceflsq0268go2w3fu7mb6s9ukqh", "fields": {"session_data": ".eJxVjctuwyAURP-FtQUmOMF4WVXdRcofoMvlOqZ1cMSjaVT130ukLNrtnJkz38xCLYutmZINnk1sYN3fzAF-UHwA_w7xvHHcYknB8UeFP2nmx83T-vLs_hMskJe2dsodeuewHxQZP-LYo6Qdodz3Ro9aeTVrb-b9uDPGSOVh1sYcZuf0MDcim9QliNhcqmOA4OkS0N4JEptkx7CmRLHYz0A3W9PaLpdSrnkSYvvyldKVnwnind_I5VBIXCAXSlmcXt_EGnIR7OcX8T5axw:1u0CSs:Izsc0kkk8-0GXz4aBqAdCFH3uiqMq22QN6tU7xXBUeQ", "expire_date": "2025-04-17T04:46:06.282Z", "user": 4, "user_agent": "Mozilla/5.0 (X11; Linux x86_64) AppleWebKit/537.36 (KHTML, like Gecko) Chrome/134.0.0.0 Safari/537.36", "last_activity": "2025-04-03T04:46:06.283Z", "ip": "106.222.237.228"}}, {"model": "user_sessions.session", "pk": "5fn22mrimigxp6tkqzpib89e6xmnmgr0", "fields": {"session_data": ".eJxVjc2OwiAUhd-FddPSAmK7dO8zkMvldqgiNECdmInvbk1cOLuT8_OdP2Zgq95shbJZHJtYz5pvzwJeKb4Dd4H4k1pMsebFtu9K-0lLe06OwunT_QfwUPy-FjRqp4VWcJRWgkY1SInj7CQXdlZEIx-5PFg3CAFq7g-EA0ngVqOzslc71GaIuLOGhgGCo9uC5kGQ2dQ3DLecKVZzX-jXbDnsl77Wdeq6kBCCT6VOR855R7c1pAdR-VLs-QL57Fhs:1u0Z6D:IDRec1B8pp5pq-bARtdCLs8p4g2QQq-ukGDmWrBdUbI", "expire_date": "2025-04-18T04:56:13.058Z", "user": 1, "user_agent": "Mozilla/5.0 (X11; Linux x86_64) AppleWebKit/537.36 (KHTML, like Gecko) Chrome/134.0.0.0 Safari/537.36", "last_activity": "2025-04-04T04:56:13.059Z", "ip": "127.0.0.1"}}, {"model": "user_sessions.session", "pk": "619p9een9e2s78304mqswsg4957nzcyv", "fields": {"session_data": ".eJxVjctuwyAURP-FtWWwgRB7mX2_AV0u18UtgYpHqyjKv9eRsmi3c2bO3JmF3oLtlYrdPVvZxIa_mQP8pPQE_gPSex4xp1Z2Nz4r44vW8S17ipdX958gQA3HWtJivJFGw1k5BQb1rBQum1dCuk0TLWIR6uT8LCXobToRzqRAOIPeqUkfUlcg4eGaBwYInq472htBYes0MOylUGr2e6cf20s8LkNrXyvnMSPEkGtbz0IIfoXaqFRebzGC65XHvTbOHr-ryVkf:1u1dx0:UNKmfaUJE_48BgKrvDdjm5lrq8GTUaMtIsmR2az0WTs", "expire_date": "2025-04-21T04:19:10.970Z", "user": 1, "user_agent": "Mozilla/5.0 (X11; Linux x86_64) AppleWebKit/537.36 (KHTML, like Gecko) Chrome/134.0.0.0 Safari/537.36", "last_activity": "2025-04-07T04:19:10.971Z", "ip": "127.0.0.1"}}, {"model": "user_sessions.session", "pk": "6xsklazyqosnmmrmzubk1esoccclemnw", "fields": {"session_data": ".eJxVjDsOwjAQBe_iGln-rGNMSZ8zRLveDQ4gR4qTCnF3iJQC2jcz76UG3NYybE2WYWJ1UVadfjfC_JC6A75jvc06z3VdJtK7og_adD-zPK-H-3dQsJVv7SVFjj4GPAMBxhwcQE4jg_E0BpFkkoGO2HmPYbSdZCeAhmJmAhvU-wPeDDf9:1u0FQa:tfk9XjzN27t6Ys71jf7SOI82sprPixLgkDtW-_hB_m4", "expire_date": "2025-04-17T07:55:56.559Z", "user": 1, "user_agent": "Mozilla/5.0 (X11; Linux x86_64) AppleWebKit/537.36 (KHTML, like Gecko) Chrome/134.0.0.0 Safari/537.36", "last_activity": "2025-04-03T07:55:56.560Z", "ip": "106.222.237.228"}}, {"model": "user_sessions.session", "pk": "7iqogk6dg0m4hrdhnsxknrag8s35u5o9", "fields": {"session_data": ".eJxVjs1ywiAUhd-FtSUxIQlx6b7PwFwul4RWwbmQquP03YsdF-32_HznPISBraxmy8QmOHEQndj91SzgJ8Wn4T4gLkliioWDlc-IfLlZvidHp-Mr-w-wQl5rG733GlvQat_T2Fk3zdBaR63v9DTi7FvVt7PFYfQjDqRHrfw8D9pPqielsUItQ8TK2u8EIDg6BzR3Av5VcGOmWMxXoKvZ-FQn11Iu-dA06eY24otcCOJdXsnmUKgBdw45hxQbKKW-rmx6Y1pCLsS5Ed8_OANg6g:1u0FVX:4jPDR6ITakCEwVEQSDrLOH8gFVceXV1BUNqMQFGszCk", "expire_date": "2025-04-17T08:01:03.312Z", "user": 2, "user_agent": "Mozilla/5.0 (X11; Linux x86_64) AppleWebKit/537.36 (KHTML, like Gecko) Chrome/134.0.0.0 Safari/537.36", "last_activity": "2025-04-03T08:01:03.313Z", "ip": "106.222.237.228"}}, {"model": "user_sessions.session", "pk": "8vuhluc23mhngb33oodygx3rhe5widic", "fields": {"session_data": ".eJxVjMsOgyAQRf-FtSGoiNBl9_0GMgwz1T4gQV00Tf-9mLhot-fce97Cw7ZOfluo-DmKk-hE88sC4J3SLuIN0jVLzGktc5D7RB52kZcc6XE-tn-BCZapvpGZLSqwuu3JdCGODlSIpLizo0HHSvfKBRwMGxzIGqvZucHyqHvSFms0FEhYW20jACHSc0b_IiiVfL7iuUGI:1tq7ti:mUUQQic0_rjf3vWZ2abgF2ux--NsrJGZCqAZqw0QcY4", "expire_date": "2025-03-20T09:52:10.603Z", "user": 2, "user_agent": "Mozilla/5.0 (X11; Linux x86_64) AppleWebKit/537.36 (KHTML, like Gecko) Chrome/132.0.0.0 Safari/537.36", "last_activity": "2025-03-06T09:52:10.604Z", "ip": "103.42.196.122"}}, {"model": "user_sessions.session", "pk": "di68lz74wvquf16437gv7nap22h9okr3", "fields": {"session_data": ".eJxVjs1SwyAUhd-FdQ00IQSydO8zMJfLpUFT6ADRcRzfXep0odvz853zxSwcbbNHpWKjZysb2emv5gDfKN0N_wrpkgfMqZXohntkeLh1eMme9udH9h9gg7r1NoYQNArQ8jyRGp1fDAjnSYRRLwpNEHISxuGsgsKZtNIyGDPrsMiJpMYOdQUSdtb5xADB0zWi_SQovwoepVBq9j3Shz3K3ie31m4r53tG2Ldc22qEEBz8NdYac-LQWn_bmfRU6BJro1I5-_4BFrBc2Q:1u0Frp:CTeyG9SoOfslC-ZJtPKbpcyWsvzIv7nguxZbyVhNIiE", "expire_date": "2025-04-17T08:24:05.291Z", "user": 2, "user_agent": "Mozilla/5.0 (X11; Linux x86_64) AppleWebKit/537.36 (KHTML, like Gecko) Chrome/134.0.0.0 Safari/537.36", "last_activity": "2025-04-03T08:24:05.291Z", "ip": "127.0.0.1"}}, {"model": "user_sessions.session", "pk": "e6avto3agd9w2min6p8kxbnfeg7x77s5", "fields": {"session_data": ".eJxVjEEOwiAQRe_C2hAotDAu3fcMhGEGqRqalHZlvLtt0oVu_3vvv0WI21rC1ngJE4mrsOLyu2FMT64HoEes91mmua7LhPJQ5EmbHGfi1-10_w5KbGWv0eCgEJOyhoF88ipp7jjpXoHzzpDJjiD3vgMAbShmBzBkRGfzTrT4fAHtfDgn:1u0FCx:wWPue8VSGsuoiWjSCDQwkTxTWd1vBSbA7emjO5Z_cSI", "expire_date": "2025-04-17T07:41:51.243Z", "user": 4, "user_agent": "Mozilla/5.0 (X11; Linux x86_64) AppleWebKit/537.36 (KHTML, like Gecko) Chrome/134.0.0.0 Safari/537.36", "last_activity": "2025-04-03T07:41:51.243Z", "ip": "106.222.237.228"}}, {"model": "user_sessions.session", "pk": "f5103x41a6vq9v11khycyffv6ft2crvc", "fields": {"session_data": ".eJxVjcFuwyAQRP-Fs2VjA6b4mHu_AS3Lurh1oQKcKIry77GVHNLrvJk3N2Zhq8FuhbJdPJtYz5r3zAH-UDyA_4b4lVpMsebFtUelfdHSfiZP6-nV_ScIUMK-FmS010Ir-JBOgkY1SIlm9pILNysiww2Xo_ODEKDmfiQcSAJ3Gr2TvdqlLkPE3TU0DBA8_S5orwSZTX3DcMuZYrXnhS52y-t-GWr9m7puTQhrSKVOhnPePS1UOnZ_AD72U94:1u0FtE:fgVsmXq_bJW0spY3qJSs5TQzd2ur0UEKl0nr7pCD2tE", "expire_date": "2025-04-17T08:25:32.423Z", "user": 1, "user_agent": "Mozilla/5.0 (X11; Linux x86_64) AppleWebKit/537.36 (KHTML, like Gecko) Chrome/134.0.0.0 Safari/537.36", "last_activity": "2025-04-03T08:25:32.426Z", "ip": "127.0.0.1"}}, {"model": "user_sessions.session", "pk": "fzp43moyfqg11j26a0ewhw3jmennesap", "fields": {"session_data": "e30:1u0EJs:xYLjJznAq3NVIUqhqzv5bVy3d85PO7W1pToDjLrLUbM", "expire_date": "2025-04-17T06:44:56.960Z", "user": null, "user_agent": "Mozilla/5.0 (X11; Linux x86_64) AppleWebKit/537.36 (KHTML, like Gecko) Chrome/134.0.0.0 Safari/537.36", "last_activity": "2025-04-03T06:44:56.962Z", "ip": "106.222.237.228"}}, {"model": "user_sessions.session", "pk": "obwp2qbb10h8lvnadixkjdcrz7wtxab2", "fields": {"session_data": "e30:1u5MDx:wkkCsod2E-x_KmztuOaiKdJbkP6DdaeeUA2leHGwG3k", "expire_date": "2025-05-01T10:12:01.796Z", "user": null, "user_agent": "Mozilla/5.0 (X11; Linux x86_64) AppleWebKit/537.36 (KHTML, like Gecko) Chrome/134.0.0.0 Safari/537.36", "last_activity": "2025-04-17T10:12:01.797Z", "ip": "127.0.0.1"}}, {"model": "user_sessions.session", "pk": "onrt1e8xa3ey3odjl604bew38uv97skn", "fields": {"session_data": ".eJxVjUtywyAQRO_CWgFJgIm09D5noIZhZJHYoOIT2-XK3SNXeZFs-3W_fjALra62Fco2eDazgXV_Mwf4RfEJ_CfEU-KYYs3B8WeFv2jhH8nT-fjq_hOsUNZ9LWky3kij4V05BQb1qBROi1e9dIsmmvqpVwfnRylBL8OBcCQFvTPonRr0LnUZIu4u2TFA8HQJaO8Emc1Dx7DlTLHa70BX2_J5v1xr3cosRLr5RnnjJ4J451dyJVQS4C-hlJCiWIjeMiGFrRbBfn4BAUVdXA:1tq6xI:xS6gZFQ5AJv5DORYWN6bz6voee1oj-nc-XCf759Qk28", "expire_date": "2025-03-20T08:51:48.614Z", "user": 1, "user_agent": "Mozilla/5.0 (Linux; Android 10; K) AppleWebKit/537.36 (KHTML, like Gecko) Chrome/133.0.0.0 Mobile Safari/537.36", "last_activity": "2025-03-06T08:51:48.614Z", "ip": "103.42.196.122"}}, {"model": "user_sessions.session", "pk": "r77goskzgw62iqxjjwquh29eplox17si", "fields": {"session_data": ".eJxVjcFuwyAQRP-Fc2psiLHjY-75BrS7rAutAxHgVFWUf69d5dBe5828eQgLa_V2LZxtcGISXS8Of0ME-uS4E_cB8T01lGLNAZu90rxoaS7J8XJ-df8JPBS_r08GFA_sCHQ_ayaFxwGxRwUOoCPFiHp0yuiuPY1suJ-PRo-D0UppY3CTYoZIm6s7CCBwfA1kvxnyb0JrzhyrvQf-smtetktf622SckkEi0-lTmPbthLcNZQSUpQz81tm4nCrRYrnD5W1Wdg:1u0b3w:3MtdI9Lj3g1reOp3MJxLeHkLNv5wIWyYhAD9RotAm3A", "expire_date": "2025-04-18T07:02:00.455Z", "user": 15, "user_agent": "Mozilla/5.0 (X11; Linux x86_64) AppleWebKit/537.36 (KHTML, like Gecko) Chrome/134.0.0.0 Safari/537.36", "last_activity": "2025-04-04T07:02:00.456Z", "ip": "127.0.0.1"}}, {"model": "user_sessions.session", "pk": "tqkjsr995rgnh6crvv49st9vtr7jct43", "fields": {"session_data": ".eJxVjktuwyAURffC2IUaBwweZt41oAc827QJRHyaRFH3XiJl0E7v59z7IAZa3U0rmE3wZCGCDH81C-4L49PwnxC3RF2KNQdLnxH6cgv9SB5Px1f2H2CHsve2OygpNYza-hlnwaWyctVCKw-HadTI3_m6iokLzWGcnAShR87d5NSspVe6Q22G6DqLDwQceDwHZ-4ImSzjQFzLGWM13wGvpuVTn9xrvZSFsXTzDfOFbgjxTq9oS6jIwJ9DKSFFBrX2152Nbxm3UCrmwsjPL22mX5w:1u0E3Z:1yCVo9lvcs7uq_9Yrsg-XjyFLLfoHteZVQSMIox9ukI", "expire_date": "2025-04-17T06:28:05.340Z", "user": 5, "user_agent": "Mozilla/5.0 (X11; Linux x86_64) AppleWebKit/537.36 (KHTML, like Gecko) Chrome/134.0.0.0 Safari/537.36", "last_activity": "2025-04-03T06:28:05.341Z", "ip": "106.222.237.228"}}, {"model": "user_sessions.session", "pk": "u9iieui1de3w5k0d5g1q5th3l79ob7zc", "fields": {"session_data": ".eJxVjUmOwjAQRe_iNXIG25iw7H2fwSqXK8QQ7MhD0xHi7h1aLGD39Yf378xALZOpmZLxjh1Zx3bvngW8UHgG7gzhFDnGUJK3_FnhrzTz7-ho_np1PwAT5GlbCxq000IrOEgrQaPqpcRhdLIVdlREQzu0cm9dLwSosdsT9iShtRqdlZ3aoDZBwI3V7RggOLp6NCtB-newpkShmB9PN1PTvF1OpSz52DTx11VKCz8RhJXfyGZfqKHrMseVKL8p9vgD7MtcfQ:1tq7c0:TTh1nMhja61eTRXfyvFP-YTXoZvZyfT_XNriWBu1fxc", "expire_date": "2025-03-20T09:33:52.963Z", "user": 1, "user_agent": "Mozilla/5.0 (Linux; Android 10; K) AppleWebKit/537.36 (KHTML, like Gecko) Chrome/133.0.0.0 Mobile Safari/537.36", "last_activity": "2025-03-06T09:33:52.963Z", "ip": "103.42.196.122"}}, {"model": "user_sessions.session", "pk": "yvi1e53nemqacgmxtxofxqduhpro7fgw", "fields": {"session_data": ".eJxVjDsOwjAQBe_iGln-rGNMSZ8zRLveDQ4gR4qTCnF3iJQC2jcz76UG3NYybE2WYWJ1UVadfjfC_JC6A75jvc06z3VdJtK7og_adD-zPK-H-3dQsJVv7SVFjj4GPAMBxhwcQE4jg_E0BpFkkoGO2HmPYbSdZCeAhmJmAhvU-wPeDDf9:1tq5aa:KeIoCz8hqTpalXiOUiWwTc4DdIB0LMl5tBhhU7--Uf8", "expire_date": "2025-03-20T07:24:16.312Z", "user": 1, "user_agent": "Mozilla/5.0 (iPhone; CPU iPhone OS 17_3_1 like Mac OS X) AppleWebKit/605.1.15 (KHTML, like Gecko) Version/17.3.1 Mobile/15E148 Safari/604.1", "last_activity": "2025-03-06T07:24:16.312Z", "ip": "27.63.216.207"}}, {"model": "employees.historicaldesignation", "pk": 1, "fields": {"id": 1, "created": "2025-03-06T09:25:10.450Z", "updated": "2025-03-06T09:25:10.450Z", "is_active": true, "name": "Teacher", "description": "", "creator": 1, "history_date": "2025-03-06T09:25:10.462Z", "history_change_reason": null, "history_type": "+", "history_user": 1}}, {"model": "employees.historicaldesignation", "pk": 2, "fields": {"id": 2, "created": "2025-03-06T10:07:19.047Z", "updated": "2025-03-06T10:07:19.047Z", "is_active": true, "name": "Management", "description": "", "creator": 1, "history_date": "2025-03-06T10:07:19.051Z", "history_change_reason": null, "history_type": "+", "history_user": 1}}, {"model": "employees.designation", "pk": 1, "fields": {"created": "2025-03-06T09:25:10.450Z", "updated": "2025-03-06T09:25:10.450Z", "creator": 1, "is_active": true, "name": "Teacher", "description": ""}}, {"model": "employees.designation", "pk": 2, "fields": {"created": "2025-03-06T10:07:19.047Z", "updated": "2025-03-06T10:07:19.047Z", "creator": 1, "is_active": true, "name": "Management", "description": ""}}, {"model": "employees.historicaldepartment", "pk": 1, "fields": {"id": 1, "created": "2025-03-06T09:25:02.405Z", "updated": "2025-03-06T09:25:02.406Z", "is_active": true, "name": "Designing", "description": "", "creator": 1, "department_lead": null, "history_date": "2025-03-06T09:25:02.414Z", "history_change_reason": null, "history_type": "+", "history_user": 1}}, {"model": "employees.historicaldepartment", "pk": 2, "fields": {"id": 2, "created": "2025-03-06T10:06:04.346Z", "updated": "2025-03-06T10:06:04.346Z", "is_active": true, "name": "Branch Manager", "description": "", "creator": 1, "department_lead": null, "history_date": "2025-03-06T10:06:04.350Z", "history_change_reason": null, "history_type": "+", "history_user": 1}}, {"model": "employees.department", "pk": 1, "fields": {"created": "2025-03-06T09:25:02.405Z", "updated": "2025-03-06T09:25:02.406Z", "creator": 1, "is_active": true, "name": "Designing", "description": "", "department_lead": null}}, {"model": "employees.department", "pk": 2, "fields": {"created": "2025-03-06T10:06:04.346Z", "updated": "2025-03-06T10:06:04.346Z", "creator": 1, "is_active": true, "name": "Branch Manager", "description": "", "department_lead": null}}, {"model": "employees.historicalemployee", "pk": 1, "fields": {"id": 1, "created": "2025-03-06T09:24:10.955Z", "updated": "2025-03-06T09:24:10.956Z", "is_active": true, "first_name": "Muhammed", "last_name": "Mansha", "employee_id": null, "gender": "MALE", "marital_status": "MARRIED", "personal_email": "mansha@gmail.com", "mobile": "9087656533", "whatsapp": "9087656533", "date_of_birth": "1998-05-15", "religion": "Muslim", "experience": "6 month as a teacher", "qualifications": "b tech", "photo": "", "official_email": null, "status": "Appointed", "resigned_date": null, "notice_date": null, "resigned_form": "", "termination_date": null, "termination_reason": null, "father_name": null, "father_mobile": null, "mother_name": null, "guardian_name": null, "guardian_mobile": null, "relationship_with_employee": null, "date_of_joining": null, "date_of_confirmation": null, "offer_letter": "", "joining_letter": "", "agreement_letter": "", "experience_letter": "", "type_of_residence": null, "residence_name": null, "residential_address": null, "residence_contact": null, "residential_zip_code": null, "permanent_address": null, "permanent_zip_code": null, "bank_name": null, "account_name": null, "account_number": null, "ifsc_code": null, "bank_branch": null, "pan_number": null, "employment_type": null, "blood_group": "a-positive", "basic_salary": null, "hra": null, "other_allowance": null, "transportation_allowance": null, "creator": 1, "branch": 1, "user": null, "department": null, "designation": null, "course": null, "history_date": "2025-03-06T09:24:10.964Z", "history_change_reason": null, "history_type": "+", "history_user": 1}}, {"model": "employees.historicalemployee", "pk": 2, "fields": {"id": 1, "created": "2025-03-06T09:24:10.955Z", "updated": "2025-03-06T09:24:34.017Z", "is_active": true, "first_name": "Muhammed", "last_name": "Mansha", "employee_id": null, "gender": "MALE", "marital_status": "MARRIED", "personal_email": "mansha@gmail.com", "mobile": "9087656533", "whatsapp": "9087656533", "date_of_birth": "1998-05-15", "religion": "Muslim", "experience": "6 month as a teacher", "qualifications": "b tech", "photo": "", "official_email": null, "status": "Appointed", "resigned_date": null, "notice_date": null, "resigned_form": "", "termination_date": null, "termination_reason": null, "father_name": "Ahmed", "father_mobile": "Mansha", "mother_name": null, "guardian_name": null, "guardian_mobile": null, "relationship_with_employee": null, "date_of_joining": null, "date_of_confirmation": null, "offer_letter": "", "joining_letter": "", "agreement_letter": "", "experience_letter": "", "type_of_residence": null, "residence_name": null, "residential_address": null, "residence_contact": null, "residential_zip_code": null, "permanent_address": null, "permanent_zip_code": null, "bank_name": null, "account_name": null, "account_number": null, "ifsc_code": null, "bank_branch": null, "pan_number": null, "employment_type": null, "blood_group": "a-positive", "basic_salary": null, "hra": null, "other_allowance": null, "transportation_allowance": null, "creator": 1, "branch": 1, "user": null, "department": null, "designation": null, "course": null, "history_date": "2025-03-06T09:24:34.020Z", "history_change_reason": null, "history_type": "~", "history_user": 1}}, {"model": "employees.historicalemployee", "pk": 3, "fields": {"id": 1, "created": "2025-03-06T09:24:10.955Z", "updated": "2025-03-06T09:24:51.217Z", "is_active": true, "first_name": "Muhammed", "last_name": "Mansha", "employee_id": null, "gender": "MALE", "marital_status": "MARRIED", "personal_email": "mansha@gmail.com", "mobile": "9087656533", "whatsapp": "9087656533", "date_of_birth": "1998-05-15", "religion": "Muslim", "experience": "6 month as a teacher", "qualifications": "b tech", "photo": "", "official_email": null, "status": "Appointed", "resigned_date": null, "notice_date": null, "resigned_form": "", "termination_date": null, "termination_reason": null, "father_name": "Ahmed", "father_mobile": "Mansha", "mother_name": null, "guardian_name": null, "guardian_mobile": null, "relationship_with_employee": null, "date_of_joining": null, "date_of_confirmation": null, "offer_letter": "", "joining_letter": "", "agreement_letter": "", "experience_letter": "", "type_of_residence": "FAMILY_OWNED", "residence_name": null, "residential_address": "", "residence_contact": null, "residential_zip_code": null, "permanent_address": "", "permanent_zip_code": "673638", "bank_name": null, "account_name": null, "account_number": null, "ifsc_code": null, "bank_branch": null, "pan_number": null, "employment_type": null, "blood_group": "a-positive", "basic_salary": null, "hra": null, "other_allowance": null, "transportation_allowance": null, "creator": 1, "branch": 1, "user": null, "department": null, "designation": null, "course": null, "history_date": "2025-03-06T09:24:51.224Z", "history_change_reason": null, "history_type": "~", "history_user": 1}}, {"model": "employees.historicalemployee", "pk": 4, "fields": {"id": 1, "created": "2025-03-06T09:24:10.955Z", "updated": "2025-03-06T09:49:26.525Z", "is_active": true, "first_name": "Muhammed", "last_name": "Mansha", "employee_id": "0001", "gender": "MALE", "marital_status": "MARRIED", "personal_email": "mansha@gmail.com", "mobile": "9087656533", "whatsapp": "9087656533", "date_of_birth": "1998-05-15", "religion": "Muslim", "experience": "6 month as a teacher", "qualifications": "b tech", "photo": "", "official_email": "mansha.gedexo@gmail.com", "status": "Appointed", "resigned_date": null, "notice_date": null, "resigned_form": "", "termination_date": null, "termination_reason": null, "father_name": "Ahmed", "father_mobile": "Mansha", "mother_name": null, "guardian_name": null, "guardian_mobile": null, "relationship_with_employee": null, "date_of_joining": "2025-03-13", "date_of_confirmation": "2025-03-12", "offer_letter": "", "joining_letter": "", "agreement_letter": "", "experience_letter": "", "type_of_residence": "FAMILY_OWNED", "residence_name": null, "residential_address": "", "residence_contact": null, "residential_zip_code": null, "permanent_address": "", "permanent_zip_code": "673638", "bank_name": null, "account_name": null, "account_number": null, "ifsc_code": null, "bank_branch": null, "pan_number": null, "employment_type": "PERMANENT", "blood_group": "a-positive", "basic_salary": null, "hra": null, "other_allowance": null, "transportation_allowance": null, "creator": 1, "branch": 1, "user": null, "department": 1, "designation": 1, "course": 1, "history_date": "2025-03-06T09:49:26.534Z", "history_change_reason": null, "history_type": "~", "history_user": 1}}, {"model": "employees.historicalemployee", "pk": 5, "fields": {"id": 1, "created": "2025-03-06T09:24:10.955Z", "updated": "2025-03-06T09:49:31.008Z", "is_active": true, "first_name": "Muhammed", "last_name": "Mansha", "employee_id": "0001", "gender": "MALE", "marital_status": "MARRIED", "personal_email": "mansha@gmail.com", "mobile": "9087656533", "whatsapp": "9087656533", "date_of_birth": "1998-05-15", "religion": "Muslim", "experience": "6 month as a teacher", "qualifications": "b tech", "photo": "", "official_email": "mansha.gedexo@gmail.com", "status": "Appointed", "resigned_date": null, "notice_date": null, "resigned_form": "", "termination_date": null, "termination_reason": null, "father_name": "Ahmed", "father_mobile": "Mansha", "mother_name": null, "guardian_name": null, "guardian_mobile": null, "relationship_with_employee": null, "date_of_joining": "2025-03-13", "date_of_confirmation": "2025-03-12", "offer_letter": "", "joining_letter": "", "agreement_letter": "", "experience_letter": "", "type_of_residence": "FAMILY_OWNED", "residence_name": null, "residential_address": "", "residence_contact": null, "residential_zip_code": null, "permanent_address": "", "permanent_zip_code": "673638", "bank_name": null, "account_name": null, "account_number": null, "ifsc_code": null, "bank_branch": null, "pan_number": null, "employment_type": "PERMANENT", "blood_group": "a-positive", "basic_salary": null, "hra": null, "other_allowance": null, "transportation_allowance": null, "creator": 1, "branch": 1, "user": null, "department": 1, "designation": 1, "course": 1, "history_date": "2025-03-06T09:49:31.013Z", "history_change_reason": null, "history_type": "~", "history_user": 1}}, {"model": "employees.historicalemployee", "pk": 6, "fields": {"id": 1, "created": "2025-03-06T09:24:10.955Z", "updated": "2025-03-06T09:49:46.504Z", "is_active": true, "first_name": "Muhammed", "last_name": "Mansha", "employee_id": "0001", "gender": "MALE", "marital_status": "MARRIED", "personal_email": "mansha@gmail.com", "mobile": "9087656533", "whatsapp": "9087656533", "date_of_birth": "1998-05-15", "religion": "Muslim", "experience": "6 month as a teacher", "qualifications": "b tech", "photo": "", "official_email": "mansha.gedexo@gmail.com", "status": "Appointed", "resigned_date": null, "notice_date": null, "resigned_form": "", "termination_date": null, "termination_reason": null, "father_name": "Ahmed", "father_mobile": "Mansha", "mother_name": null, "guardian_name": null, "guardian_mobile": null, "relationship_with_employee": null, "date_of_joining": "2025-03-13", "date_of_confirmation": "2025-03-12", "offer_letter": "", "joining_letter": "", "agreement_letter": "", "experience_letter": "", "type_of_residence": "FAMILY_OWNED", "residence_name": null, "residential_address": "", "residence_contact": null, "residential_zip_code": null, "permanent_address": "", "permanent_zip_code": "673638", "bank_name": null, "account_name": null, "account_number": null, "ifsc_code": null, "bank_branch": null, "pan_number": null, "employment_type": "PERMANENT", "blood_group": "a-positive", "basic_salary": null, "hra": null, "other_allowance": null, "transportation_allowance": null, "creator": 1, "branch": null, "user": 2, "department": 1, "designation": 1, "course": 1, "history_date": "2025-03-06T09:49:46.512Z", "history_change_reason": null, "history_type": "~", "history_user": 1}}, {"model": "employees.historicalemployee", "pk": 7, "fields": {"id": 1, "created": "2025-03-06T09:24:10.955Z", "updated": "2025-03-06T09:59:23.512Z", "is_active": true, "first_name": "Muhammed", "last_name": "Mansha", "employee_id": "0001", "gender": "MALE", "marital_status": "MARRIED", "personal_email": "mansha@gmail.com", "mobile": "9087656533", "whatsapp": "9087656533", "date_of_birth": "1998-05-15", "religion": "Muslim", "experience": "6 month as a teacher", "qualifications": "b tech", "photo": "", "official_email": "mansha.gedexo@gmail.com", "status": "Appointed", "resigned_date": null, "notice_date": null, "resigned_form": "", "termination_date": null, "termination_reason": null, "father_name": "Ahmed", "father_mobile": "Mansha", "mother_name": null, "guardian_name": null, "guardian_mobile": null, "relationship_with_employee": null, "date_of_joining": "2025-03-13", "date_of_confirmation": "2025-03-12", "offer_letter": "", "joining_letter": "", "agreement_letter": "", "experience_letter": "", "type_of_residence": "FAMILY_OWNED", "residence_name": null, "residential_address": "", "residence_contact": null, "residential_zip_code": null, "permanent_address": "", "permanent_zip_code": "673638", "bank_name": null, "account_name": null, "account_number": null, "ifsc_code": null, "bank_branch": null, "pan_number": null, "employment_type": "PERMANENT", "blood_group": "a-positive", "basic_salary": null, "hra": null, "other_allowance": null, "transportation_allowance": null, "creator": 1, "branch": null, "user": 2, "department": 1, "designation": 1, "course": 1, "history_date": "2025-03-06T09:59:23.518Z", "history_change_reason": null, "history_type": "~", "history_user": 1}}, {"model": "employees.historicalemployee", "pk": 8, "fields": {"id": 2, "created": "2025-03-06T10:04:45.836Z", "updated": "2025-03-06T10:04:45.836Z", "is_active": true, "first_name": "Branch", "last_name": "Staff", "employee_id": null, "gender": "FEMALE", "marital_status": "MARRIED", "personal_email": "branch@gmail.com", "mobile": "9087675439", "whatsapp": "9087675439", "date_of_birth": "1998-04-22", "religion": "Muslim", "experience": "", "qualifications": "", "photo": "", "official_email": null, "status": "Appointed", "resigned_date": null, "notice_date": null, "resigned_form": "", "termination_date": null, "termination_reason": null, "father_name": null, "father_mobile": null, "mother_name": null, "guardian_name": null, "guardian_mobile": null, "relationship_with_employee": null, "date_of_joining": null, "date_of_confirmation": null, "offer_letter": "", "joining_letter": "", "agreement_letter": "", "experience_letter": "", "type_of_residence": null, "residence_name": null, "residential_address": null, "residence_contact": null, "residential_zip_code": null, "permanent_address": null, "permanent_zip_code": null, "bank_name": null, "account_name": null, "account_number": null, "ifsc_code": null, "bank_branch": null, "pan_number": null, "employment_type": null, "blood_group": "o-positive", "basic_salary": null, "hra": null, "other_allowance": null, "transportation_allowance": null, "creator": 1, "branch": 3, "user": null, "department": null, "designation": null, "course": null, "history_date": "2025-03-06T10:04:45.842Z", "history_change_reason": null, "history_type": "+", "history_user": 1}}, {"model": "employees.historicalemployee", "pk": 9, "fields": {"id": 2, "created": "2025-03-06T10:04:45.836Z", "updated": "2025-03-06T10:04:48.119Z", "is_active": true, "first_name": "Branch", "last_name": "Staff", "employee_id": null, "gender": "FEMALE", "marital_status": "MARRIED", "personal_email": "branch@gmail.com", "mobile": "9087675439", "whatsapp": "9087675439", "date_of_birth": "1998-04-22", "religion": "Muslim", "experience": "", "qualifications": "", "photo": "", "official_email": null, "status": "Appointed", "resigned_date": null, "notice_date": null, "resigned_form": "", "termination_date": null, "termination_reason": null, "father_name": null, "father_mobile": null, "mother_name": null, "guardian_name": null, "guardian_mobile": null, "relationship_with_employee": null, "date_of_joining": null, "date_of_confirmation": null, "offer_letter": "", "joining_letter": "", "agreement_letter": "", "experience_letter": "", "type_of_residence": null, "residence_name": null, "residential_address": null, "residence_contact": null, "residential_zip_code": null, "permanent_address": null, "permanent_zip_code": null, "bank_name": null, "account_name": null, "account_number": null, "ifsc_code": null, "bank_branch": null, "pan_number": null, "employment_type": null, "blood_group": "o-positive", "basic_salary": null, "hra": null, "other_allowance": null, "transportation_allowance": null, "creator": 1, "branch": 3, "user": null, "department": null, "designation": null, "course": null, "history_date": "2025-03-06T10:04:48.123Z", "history_change_reason": null, "history_type": "~", "history_user": 1}}, {"model": "employees.historicalemployee", "pk": 10, "fields": {"id": 2, "created": "2025-03-06T10:04:45.836Z", "updated": "2025-03-06T10:04:50.202Z", "is_active": true, "first_name": "Branch", "last_name": "Staff", "employee_id": null, "gender": "FEMALE", "marital_status": "MARRIED", "personal_email": "branch@gmail.com", "mobile": "9087675439", "whatsapp": "9087675439", "date_of_birth": "1998-04-22", "religion": "Muslim", "experience": "", "qualifications": "", "photo": "", "official_email": null, "status": "Appointed", "resigned_date": null, "notice_date": null, "resigned_form": "", "termination_date": null, "termination_reason": null, "father_name": null, "father_mobile": null, "mother_name": null, "guardian_name": null, "guardian_mobile": null, "relationship_with_employee": null, "date_of_joining": null, "date_of_confirmation": null, "offer_letter": "", "joining_letter": "", "agreement_letter": "", "experience_letter": "", "type_of_residence": null, "residence_name": null, "residential_address": "", "residence_contact": null, "residential_zip_code": null, "permanent_address": "", "permanent_zip_code": null, "bank_name": null, "account_name": null, "account_number": null, "ifsc_code": null, "bank_branch": null, "pan_number": null, "employment_type": null, "blood_group": "o-positive", "basic_salary": null, "hra": null, "other_allowance": null, "transportation_allowance": null, "creator": 1, "branch": 3, "user": null, "department": null, "designation": null, "course": null, "history_date": "2025-03-06T10:04:50.206Z", "history_change_reason": null, "history_type": "~", "history_user": 1}}, {"model": "employees.historicalemployee", "pk": 11, "fields": {"id": 2, "created": "2025-03-06T10:04:45.836Z", "updated": "2025-03-06T10:07:52.699Z", "is_active": true, "first_name": "Branch", "last_name": "Staff", "employee_id": "0002", "gender": "FEMALE", "marital_status": "MARRIED", "personal_email": "branch@gmail.com", "mobile": "9087675439", "whatsapp": "9087675439", "date_of_birth": "1998-04-22", "religion": "Muslim", "experience": "", "qualifications": "", "photo": "", "official_email": "branch.gedexo@gmail.com", "status": "Appointed", "resigned_date": null, "notice_date": null, "resigned_form": "", "termination_date": null, "termination_reason": null, "father_name": null, "father_mobile": null, "mother_name": null, "guardian_name": null, "guardian_mobile": null, "relationship_with_employee": null, "date_of_joining": "2025-03-11", "date_of_confirmation": "2025-03-10", "offer_letter": "", "joining_letter": "", "agreement_letter": "", "experience_letter": "", "type_of_residence": null, "residence_name": null, "residential_address": "", "residence_contact": null, "residential_zip_code": null, "permanent_address": "", "permanent_zip_code": null, "bank_name": null, "account_name": null, "account_number": null, "ifsc_code": null, "bank_branch": null, "pan_number": null, "employment_type": "PERMANENT", "blood_group": "o-positive", "basic_salary": null, "hra": null, "other_allowance": null, "transportation_allowance": null, "creator": 1, "branch": 3, "user": null, "department": 2, "designation": 2, "course": null, "history_date": "2025-03-06T10:07:52.704Z", "history_change_reason": null, "history_type": "~", "history_user": 1}}, {"model": "employees.historicalemployee", "pk": 12, "fields": {"id": 2, "created": "2025-03-06T10:04:45.836Z", "updated": "2025-03-06T10:07:55.831Z", "is_active": true, "first_name": "Branch", "last_name": "Staff", "employee_id": "0002", "gender": "FEMALE", "marital_status": "MARRIED", "personal_email": "branch@gmail.com", "mobile": "9087675439", "whatsapp": "9087675439", "date_of_birth": "1998-04-22", "religion": "Muslim", "experience": "", "qualifications": "", "photo": "", "official_email": "branch.gedexo@gmail.com", "status": "Appointed", "resigned_date": null, "notice_date": null, "resigned_form": "", "termination_date": null, "termination_reason": null, "father_name": null, "father_mobile": null, "mother_name": null, "guardian_name": null, "guardian_mobile": null, "relationship_with_employee": null, "date_of_joining": "2025-03-11", "date_of_confirmation": "2025-03-10", "offer_letter": "", "joining_letter": "", "agreement_letter": "", "experience_letter": "", "type_of_residence": null, "residence_name": null, "residential_address": "", "residence_contact": null, "residential_zip_code": null, "permanent_address": "", "permanent_zip_code": null, "bank_name": null, "account_name": null, "account_number": null, "ifsc_code": null, "bank_branch": null, "pan_number": null, "employment_type": "PERMANENT", "blood_group": "o-positive", "basic_salary": null, "hra": null, "other_allowance": null, "transportation_allowance": null, "creator": 1, "branch": 3, "user": null, "department": 2, "designation": 2, "course": null, "history_date": "2025-03-06T10:07:55.837Z", "history_change_reason": null, "history_type": "~", "history_user": 1}}, {"model": "employees.historicalemployee", "pk": 13, "fields": {"id": 2, "created": "2025-03-06T10:04:45.836Z", "updated": "2025-03-06T10:08:04.246Z", "is_active": true, "first_name": "Branch", "last_name": "Staff", "employee_id": "0002", "gender": "FEMALE", "marital_status": "MARRIED", "personal_email": "branch@gmail.com", "mobile": "9087675439", "whatsapp": "9087675439", "date_of_birth": "1998-04-22", "religion": "Muslim", "experience": "", "qualifications": "", "photo": "", "official_email": "branch.gedexo@gmail.com", "status": "Appointed", "resigned_date": null, "notice_date": null, "resigned_form": "", "termination_date": null, "termination_reason": null, "father_name": null, "father_mobile": null, "mother_name": null, "guardian_name": null, "guardian_mobile": null, "relationship_with_employee": null, "date_of_joining": "2025-03-11", "date_of_confirmation": "2025-03-10", "offer_letter": "", "joining_letter": "", "agreement_letter": "", "experience_letter": "", "type_of_residence": null, "residence_name": null, "residential_address": "", "residence_contact": null, "residential_zip_code": null, "permanent_address": "", "permanent_zip_code": null, "bank_name": null, "account_name": null, "account_number": null, "ifsc_code": null, "bank_branch": null, "pan_number": null, "employment_type": "PERMANENT", "blood_group": "o-positive", "basic_salary": null, "hra": null, "other_allowance": null, "transportation_allowance": null, "creator": 1, "branch": null, "user": 3, "department": 2, "designation": 2, "course": null, "history_date": "2025-03-06T10:08:04.252Z", "history_change_reason": null, "history_type": "~", "history_user": 1}}, {"model": "employees.historicalemployee", "pk": 14, "fields": {"id": 3, "created": "2025-04-03T04:52:07.227Z", "updated": "2025-04-03T04:52:07.227Z", "is_active": true, "first_name": "Nishad", "last_name": null, "employee_id": null, "gender": "MALE", "marital_status": null, "personal_email": "nisha@gmail.com", "mobile": "+919087653234", "whatsapp": "+919087653234", "date_of_birth": "1998-04-08", "religion": "Muslim", "experience": "", "qualifications": "", "photo": "", "official_email": null, "status": "Appointed", "resigned_date": null, "notice_date": null, "resigned_form": "", "termination_date": null, "termination_reason": null, "father_name": null, "father_mobile": null, "mother_name": null, "guardian_name": null, "guardian_mobile": null, "relationship_with_employee": null, "date_of_joining": null, "date_of_confirmation": null, "offer_letter": "", "joining_letter": "", "agreement_letter": "", "experience_letter": "", "type_of_residence": null, "residence_name": null, "residential_address": null, "residence_contact": null, "residential_zip_code": null, "permanent_address": null, "permanent_zip_code": null, "bank_name": null, "account_name": null, "account_number": null, "ifsc_code": null, "bank_branch": null, "pan_number": null, "employment_type": null, "blood_group": null, "basic_salary": null, "hra": null, "other_allowance": null, "transportation_allowance": null, "creator": 1, "branch": 1, "user": null, "department": null, "designation": null, "course": null, "history_date": "2025-04-03T04:52:07.235Z", "history_change_reason": null, "history_type": "+", "history_user": 1}}, {"model": "employees.historicalemployee", "pk": 15, "fields": {"id": 3, "created": "2025-04-03T04:52:07.227Z", "updated": "2025-04-03T04:52:11.929Z", "is_active": true, "first_name": "Nishad", "last_name": null, "employee_id": null, "gender": "MALE", "marital_status": null, "personal_email": "nisha@gmail.com", "mobile": "+919087653234", "whatsapp": "+919087653234", "date_of_birth": "1998-04-08", "religion": "Muslim", "experience": "", "qualifications": "", "photo": "", "official_email": null, "status": "Appointed", "resigned_date": null, "notice_date": null, "resigned_form": "", "termination_date": null, "termination_reason": null, "father_name": null, "father_mobile": null, "mother_name": null, "guardian_name": null, "guardian_mobile": null, "relationship_with_employee": null, "date_of_joining": null, "date_of_confirmation": null, "offer_letter": "", "joining_letter": "", "agreement_letter": "", "experience_letter": "", "type_of_residence": null, "residence_name": null, "residential_address": null, "residence_contact": null, "residential_zip_code": null, "permanent_address": null, "permanent_zip_code": null, "bank_name": null, "account_name": null, "account_number": null, "ifsc_code": null, "bank_branch": null, "pan_number": null, "employment_type": null, "blood_group": null, "basic_salary": null, "hra": null, "other_allowance": null, "transportation_allowance": null, "creator": 1, "branch": 1, "user": null, "department": null, "designation": null, "course": null, "history_date": "2025-04-03T04:52:11.932Z", "history_change_reason": null, "history_type": "~", "history_user": 1}}, {"model": "employees.historicalemployee", "pk": 16, "fields": {"id": 3, "created": "2025-04-03T04:52:07.227Z", "updated": "2025-04-03T04:52:14.469Z", "is_active": true, "first_name": "Nishad", "last_name": null, "employee_id": null, "gender": "MALE", "marital_status": null, "personal_email": "nisha@gmail.com", "mobile": "+919087653234", "whatsapp": "+919087653234", "date_of_birth": "1998-04-08", "religion": "Muslim", "experience": "", "qualifications": "", "photo": "", "official_email": null, "status": "Appointed", "resigned_date": null, "notice_date": null, "resigned_form": "", "termination_date": null, "termination_reason": null, "father_name": null, "father_mobile": null, "mother_name": null, "guardian_name": null, "guardian_mobile": null, "relationship_with_employee": null, "date_of_joining": null, "date_of_confirmation": null, "offer_letter": "", "joining_letter": "", "agreement_letter": "", "experience_letter": "", "type_of_residence": null, "residence_name": null, "residential_address": "", "residence_contact": null, "residential_zip_code": null, "permanent_address": "", "permanent_zip_code": null, "bank_name": null, "account_name": null, "account_number": null, "ifsc_code": null, "bank_branch": null, "pan_number": null, "employment_type": null, "blood_group": null, "basic_salary": null, "hra": null, "other_allowance": null, "transportation_allowance": null, "creator": 1, "branch": 1, "user": null, "department": null, "designation": null, "course": null, "history_date": "2025-04-03T04:52:14.472Z", "history_change_reason": null, "history_type": "~", "history_user": 1}}, {"model": "employees.historicalemployee", "pk": 17, "fields": {"id": 3, "created": "2025-04-03T04:52:07.227Z", "updated": "2025-04-03T04:53:00.486Z", "is_active": true, "first_name": "Nishad", "last_name": null, "employee_id": "0003", "gender": "MALE", "marital_status": null, "personal_email": "nisha@gmail.com", "mobile": "+919087653234", "whatsapp": "+919087653234", "date_of_birth": "1998-04-08", "religion": "Muslim", "experience": "", "qualifications": "", "photo": "", "official_email": "mansha@gedexo.com", "status": "Appointed", "resigned_date": null, "notice_date": null, "resigned_form": "", "termination_date": null, "termination_reason": null, "father_name": null, "father_mobile": null, "mother_name": null, "guardian_name": null, "guardian_mobile": null, "relationship_with_employee": null, "date_of_joining": "2025-04-11", "date_of_confirmation": "2025-04-03", "offer_letter": "", "joining_letter": "", "agreement_letter": "", "experience_letter": "", "type_of_residence": null, "residence_name": null, "residential_address": "", "residence_contact": null, "residential_zip_code": null, "permanent_address": "", "permanent_zip_code": null, "bank_name": null, "account_name": null, "account_number": null, "ifsc_code": null, "bank_branch": null, "pan_number": null, "employment_type": "PERMANENT", "blood_group": null, "basic_salary": null, "hra": null, "other_allowance": null, "transportation_allowance": null, "creator": 1, "branch": 1, "user": null, "department": 1, "designation": 1, "course": 1, "history_date": "2025-04-03T04:53:00.489Z", "history_change_reason": null, "history_type": "~", "history_user": 1}}, {"model": "employees.historicalemployee", "pk": 18, "fields": {"id": 3, "created": "2025-04-03T04:52:07.227Z", "updated": "2025-04-03T04:53:03.010Z", "is_active": true, "first_name": "Nishad", "last_name": null, "employee_id": "0003", "gender": "MALE", "marital_status": null, "personal_email": "nisha@gmail.com", "mobile": "+919087653234", "whatsapp": "+919087653234", "date_of_birth": "1998-04-08", "religion": "Muslim", "experience": "", "qualifications": "", "photo": "", "official_email": "mansha@gedexo.com", "status": "Appointed", "resigned_date": null, "notice_date": null, "resigned_form": "", "termination_date": null, "termination_reason": null, "father_name": null, "father_mobile": null, "mother_name": null, "guardian_name": null, "guardian_mobile": null, "relationship_with_employee": null, "date_of_joining": "2025-04-11", "date_of_confirmation": "2025-04-03", "offer_letter": "", "joining_letter": "", "agreement_letter": "", "experience_letter": "", "type_of_residence": null, "residence_name": null, "residential_address": "", "residence_contact": null, "residential_zip_code": null, "permanent_address": "", "permanent_zip_code": null, "bank_name": null, "account_name": null, "account_number": null, "ifsc_code": null, "bank_branch": null, "pan_number": null, "employment_type": "PERMANENT", "blood_group": null, "basic_salary": null, "hra": null, "other_allowance": null, "transportation_allowance": null, "creator": 1, "branch": 1, "user": null, "department": 1, "designation": 1, "course": 1, "history_date": "2025-04-03T04:53:03.013Z", "history_change_reason": null, "history_type": "~", "history_user": 1}}, {"model": "employees.historicalemployee", "pk": 19, "fields": {"id": 3, "created": "2025-04-03T04:52:07.227Z", "updated": "2025-04-03T04:53:23.360Z", "is_active": true, "first_name": "Nishad", "last_name": null, "employee_id": "0003", "gender": "MALE", "marital_status": null, "personal_email": "nisha@gmail.com", "mobile": "+919087653234", "whatsapp": "+919087653234", "date_of_birth": "1998-04-08", "religion": "Muslim", "experience": "", "qualifications": "", "photo": "", "official_email": "mansha@gedexo.com", "status": "Appointed", "resigned_date": null, "notice_date": null, "resigned_form": "", "termination_date": null, "termination_reason": null, "father_name": null, "father_mobile": null, "mother_name": null, "guardian_name": null, "guardian_mobile": null, "relationship_with_employee": null, "date_of_joining": "2025-04-11", "date_of_confirmation": "2025-04-03", "offer_letter": "", "joining_letter": "", "agreement_letter": "", "experience_letter": "", "type_of_residence": null, "residence_name": null, "residential_address": "", "residence_contact": null, "residential_zip_code": null, "permanent_address": "", "permanent_zip_code": null, "bank_name": null, "account_name": null, "account_number": null, "ifsc_code": null, "bank_branch": null, "pan_number": null, "employment_type": "PERMANENT", "blood_group": null, "basic_salary": null, "hra": null, "other_allowance": null, "transportation_allowance": null, "creator": 1, "branch": null, "user": 5, "department": 1, "designation": 1, "course": 1, "history_date": "2025-04-03T04:53:23.363Z", "history_change_reason": null, "history_type": "~", "history_user": 1}}, {"model": "employees.historicalemployee", "pk": 20, "fields": {"id": 3, "created": "2025-04-03T04:52:07.227Z", "updated": "2025-04-03T04:53:43.915Z", "is_active": true, "first_name": "Nishad", "last_name": null, "employee_id": "0003", "gender": "MALE", "marital_status": null, "personal_email": "nishad@gmail.com", "mobile": "+919087653234", "whatsapp": "+919087653234", "date_of_birth": "1998-04-08", "religion": "Muslim", "experience": "", "qualifications": "", "photo": "", "official_email": "mansha@gedexo.com", "status": "Appointed", "resigned_date": null, "notice_date": null, "resigned_form": "", "termination_date": null, "termination_reason": null, "father_name": null, "father_mobile": null, "mother_name": null, "guardian_name": null, "guardian_mobile": null, "relationship_with_employee": null, "date_of_joining": "2025-04-11", "date_of_confirmation": "2025-04-03", "offer_letter": "", "joining_letter": "", "agreement_letter": "", "experience_letter": "", "type_of_residence": null, "residence_name": null, "residential_address": "", "residence_contact": null, "residential_zip_code": null, "permanent_address": "", "permanent_zip_code": null, "bank_name": null, "account_name": null, "account_number": null, "ifsc_code": null, "bank_branch": null, "pan_number": null, "employment_type": "PERMANENT", "blood_group": null, "basic_salary": null, "hra": null, "other_allowance": null, "transportation_allowance": null, "creator": 1, "branch": null, "user": 5, "department": 1, "designation": 1, "course": 1, "history_date": "2025-04-03T04:53:43.917Z", "history_change_reason": null, "history_type": "~", "history_user": 1}}, {"model": "employees.historicalemployee", "pk": 21, "fields": {"id": 3, "created": "2025-04-03T04:52:07.227Z", "updated": "2025-04-03T04:53:46.271Z", "is_active": true, "first_name": "Nishad", "last_name": null, "employee_id": "0003", "gender": "MALE", "marital_status": null, "personal_email": "nishad@gmail.com", "mobile": "+919087653234", "whatsapp": "+919087653234", "date_of_birth": "1998-04-08", "religion": "Muslim", "experience": "", "qualifications": "", "photo": "", "official_email": "mansha@gedexo.com", "status": "Appointed", "resigned_date": null, "notice_date": null, "resigned_form": "", "termination_date": null, "termination_reason": null, "father_name": null, "father_mobile": null, "mother_name": null, "guardian_name": null, "guardian_mobile": null, "relationship_with_employee": null, "date_of_joining": "2025-04-11", "date_of_confirmation": "2025-04-03", "offer_letter": "", "joining_letter": "", "agreement_letter": "", "experience_letter": "", "type_of_residence": null, "residence_name": null, "residential_address": "", "residence_contact": null, "residential_zip_code": null, "permanent_address": "", "permanent_zip_code": null, "bank_name": null, "account_name": null, "account_number": null, "ifsc_code": null, "bank_branch": null, "pan_number": null, "employment_type": "PERMANENT", "blood_group": null, "basic_salary": null, "hra": null, "other_allowance": null, "transportation_allowance": null, "creator": 1, "branch": null, "user": 5, "department": 1, "designation": 1, "course": 1, "history_date": "2025-04-03T04:53:46.273Z", "history_change_reason": null, "history_type": "~", "history_user": 1}}, {"model": "employees.historicalemployee", "pk": 22, "fields": {"id": 3, "created": "2025-04-03T04:52:07.227Z", "updated": "2025-04-03T04:53:48.327Z", "is_active": true, "first_name": "Nishad", "last_name": null, "employee_id": "0003", "gender": "MALE", "marital_status": null, "personal_email": "nishad@gmail.com", "mobile": "+919087653234", "whatsapp": "+919087653234", "date_of_birth": "1998-04-08", "religion": "Muslim", "experience": "", "qualifications": "", "photo": "", "official_email": "mansha@gedexo.com", "status": "Appointed", "resigned_date": null, "notice_date": null, "resigned_form": "", "termination_date": null, "termination_reason": null, "father_name": null, "father_mobile": null, "mother_name": null, "guardian_name": null, "guardian_mobile": null, "relationship_with_employee": null, "date_of_joining": "2025-04-11", "date_of_confirmation": "2025-04-03", "offer_letter": "", "joining_letter": "", "agreement_letter": "", "experience_letter": "", "type_of_residence": null, "residence_name": null, "residential_address": "", "residence_contact": null, "residential_zip_code": null, "permanent_address": "", "permanent_zip_code": null, "bank_name": null, "account_name": null, "account_number": null, "ifsc_code": null, "bank_branch": null, "pan_number": null, "employment_type": "PERMANENT", "blood_group": null, "basic_salary": null, "hra": null, "other_allowance": null, "transportation_allowance": null, "creator": 1, "branch": null, "user": 5, "department": 1, "designation": 1, "course": 1, "history_date": "2025-04-03T04:53:48.329Z", "history_change_reason": null, "history_type": "~", "history_user": 1}}, {"model": "employees.historicalemployee", "pk": 23, "fields": {"id": 3, "created": "2025-04-03T04:52:07.227Z", "updated": "2025-04-03T04:53:57.898Z", "is_active": true, "first_name": "Nishad", "last_name": null, "employee_id": "0003", "gender": "MALE", "marital_status": null, "personal_email": "nishad@gmail.com", "mobile": "+919087653234", "whatsapp": "+919087653234", "date_of_birth": "1998-04-08", "religion": "Muslim", "experience": "", "qualifications": "", "photo": "", "official_email": "nishad@gedexo.com", "status": "Appointed", "resigned_date": null, "notice_date": null, "resigned_form": "", "termination_date": null, "termination_reason": null, "father_name": null, "father_mobile": null, "mother_name": null, "guardian_name": null, "guardian_mobile": null, "relationship_with_employee": null, "date_of_joining": "2025-04-11", "date_of_confirmation": "2025-04-03", "offer_letter": "", "joining_letter": "", "agreement_letter": "", "experience_letter": "", "type_of_residence": null, "residence_name": null, "residential_address": "", "residence_contact": null, "residential_zip_code": null, "permanent_address": "", "permanent_zip_code": null, "bank_name": null, "account_name": null, "account_number": null, "ifsc_code": null, "bank_branch": null, "pan_number": null, "employment_type": "PERMANENT", "blood_group": null, "basic_salary": null, "hra": null, "other_allowance": null, "transportation_allowance": null, "creator": 1, "branch": null, "user": 5, "department": 1, "designation": 1, "course": 1, "history_date": "2025-04-03T04:53:57.901Z", "history_change_reason": null, "history_type": "~", "history_user": 1}}, {"model": "employees.historicalemployee", "pk": 24, "fields": {"id": 3, "created": "2025-04-03T04:52:07.227Z", "updated": "2025-04-03T04:53:59.740Z", "is_active": true, "first_name": "Nishad", "last_name": null, "employee_id": "0003", "gender": "MALE", "marital_status": null, "personal_email": "nishad@gmail.com", "mobile": "+919087653234", "whatsapp": "+919087653234", "date_of_birth": "1998-04-08", "religion": "Muslim", "experience": "", "qualifications": "", "photo": "", "official_email": "nishad@gedexo.com", "status": "Appointed", "resigned_date": null, "notice_date": null, "resigned_form": "", "termination_date": null, "termination_reason": null, "father_name": null, "father_mobile": null, "mother_name": null, "guardian_name": null, "guardian_mobile": null, "relationship_with_employee": null, "date_of_joining": "2025-04-11", "date_of_confirmation": "2025-04-03", "offer_letter": "", "joining_letter": "", "agreement_letter": "", "experience_letter": "", "type_of_residence": null, "residence_name": null, "residential_address": "", "residence_contact": null, "residential_zip_code": null, "permanent_address": "", "permanent_zip_code": null, "bank_name": null, "account_name": null, "account_number": null, "ifsc_code": null, "bank_branch": null, "pan_number": null, "employment_type": "PERMANENT", "blood_group": null, "basic_salary": null, "hra": null, "other_allowance": null, "transportation_allowance": null, "creator": 1, "branch": null, "user": 5, "department": 1, "designation": 1, "course": 1, "history_date": "2025-04-03T04:53:59.742Z", "history_change_reason": null, "history_type": "~", "history_user": 1}}, {"model": "employees.historicalemployee", "pk": 25, "fields": {"id": 6, "created": "2025-04-03T05:45:13.542Z", "updated": "2025-04-03T05:45:13.542Z", "is_active": true, "first_name": "Shaheem", "last_name": null, "employee_id": null, "gender": null, "marital_status": null, "personal_email": "shaheem@gmail.com", "mobile": null, "whatsapp": null, "date_of_birth": null, "religion": null, "experience": "", "qualifications": "", "photo": "", "official_email": null, "status": "Appointed", "resigned_date": null, "notice_date": null, "resigned_form": "", "termination_date": null, "termination_reason": null, "father_name": null, "father_mobile": null, "mother_name": null, "guardian_name": null, "guardian_mobile": null, "relationship_with_employee": null, "date_of_joining": null, "date_of_confirmation": null, "offer_letter": "", "joining_letter": "", "agreement_letter": "", "experience_letter": "", "type_of_residence": null, "residence_name": null, "residential_address": null, "residence_contact": null, "residential_zip_code": null, "permanent_address": null, "permanent_zip_code": null, "bank_name": null, "account_name": null, "account_number": null, "ifsc_code": null, "bank_branch": null, "pan_number": null, "employment_type": null, "blood_group": null, "basic_salary": null, "hra": null, "other_allowance": null, "transportation_allowance": null, "creator": 1, "branch": 2, "user": null, "department": null, "designation": null, "course": null, "history_date": "2025-04-03T05:45:13.548Z", "history_change_reason": null, "history_type": "+", "history_user": 1}}, {"model": "employees.historicalemployee", "pk": 26, "fields": {"id": 6, "created": "2025-04-03T05:45:13.542Z", "updated": "2025-04-03T05:45:15.711Z", "is_active": true, "first_name": "Shaheem", "last_name": null, "employee_id": null, "gender": null, "marital_status": null, "personal_email": "shaheem@gmail.com", "mobile": null, "whatsapp": null, "date_of_birth": null, "religion": null, "experience": "", "qualifications": "", "photo": "", "official_email": null, "status": "Appointed", "resigned_date": null, "notice_date": null, "resigned_form": "", "termination_date": null, "termination_reason": null, "father_name": null, "father_mobile": null, "mother_name": null, "guardian_name": null, "guardian_mobile": null, "relationship_with_employee": null, "date_of_joining": null, "date_of_confirmation": null, "offer_letter": "", "joining_letter": "", "agreement_letter": "", "experience_letter": "", "type_of_residence": null, "residence_name": null, "residential_address": null, "residence_contact": null, "residential_zip_code": null, "permanent_address": null, "permanent_zip_code": null, "bank_name": null, "account_name": null, "account_number": null, "ifsc_code": null, "bank_branch": null, "pan_number": null, "employment_type": null, "blood_group": null, "basic_salary": null, "hra": null, "other_allowance": null, "transportation_allowance": null, "creator": 1, "branch": 2, "user": null, "department": null, "designation": null, "course": null, "history_date": "2025-04-03T05:45:15.713Z", "history_change_reason": null, "history_type": "~", "history_user": 1}}, {"model": "employees.historicalemployee", "pk": 27, "fields": {"id": 6, "created": "2025-04-03T05:45:13.542Z", "updated": "2025-04-03T05:45:18.128Z", "is_active": true, "first_name": "Shaheem", "last_name": null, "employee_id": null, "gender": null, "marital_status": null, "personal_email": "shaheem@gmail.com", "mobile": null, "whatsapp": null, "date_of_birth": null, "religion": null, "experience": "", "qualifications": "", "photo": "", "official_email": null, "status": "Appointed", "resigned_date": null, "notice_date": null, "resigned_form": "", "termination_date": null, "termination_reason": null, "father_name": null, "father_mobile": null, "mother_name": null, "guardian_name": null, "guardian_mobile": null, "relationship_with_employee": null, "date_of_joining": null, "date_of_confirmation": null, "offer_letter": "", "joining_letter": "", "agreement_letter": "", "experience_letter": "", "type_of_residence": null, "residence_name": null, "residential_address": "", "residence_contact": null, "residential_zip_code": null, "permanent_address": "", "permanent_zip_code": null, "bank_name": null, "account_name": null, "account_number": null, "ifsc_code": null, "bank_branch": null, "pan_number": null, "employment_type": null, "blood_group": null, "basic_salary": null, "hra": null, "other_allowance": null, "transportation_allowance": null, "creator": 1, "branch": 2, "user": null, "department": null, "designation": null, "course": null, "history_date": "2025-04-03T05:45:18.132Z", "history_change_reason": null, "history_type": "~", "history_user": 1}}, {"model": "employees.historicalemployee", "pk": 28, "fields": {"id": 6, "created": "2025-04-03T05:45:13.542Z", "updated": "2025-04-03T05:45:27.225Z", "is_active": true, "first_name": "Shaheem", "last_name": null, "employee_id": "0004", "gender": null, "marital_status": null, "personal_email": "shaheem@gmail.com", "mobile": null, "whatsapp": null, "date_of_birth": null, "religion": null, "experience": "", "qualifications": "", "photo": "", "official_email": null, "status": "Appointed", "resigned_date": null, "notice_date": null, "resigned_form": "", "termination_date": null, "termination_reason": null, "father_name": null, "father_mobile": null, "mother_name": null, "guardian_name": null, "guardian_mobile": null, "relationship_with_employee": null, "date_of_joining": null, "date_of_confirmation": null, "offer_letter": "", "joining_letter": "", "agreement_letter": "", "experience_letter": "", "type_of_residence": null, "residence_name": null, "residential_address": "", "residence_contact": null, "residential_zip_code": null, "permanent_address": "", "permanent_zip_code": null, "bank_name": null, "account_name": null, "account_number": null, "ifsc_code": null, "bank_branch": null, "pan_number": null, "employment_type": null, "blood_group": null, "basic_salary": null, "hra": null, "other_allowance": null, "transportation_allowance": null, "creator": 1, "branch": 2, "user": null, "department": 1, "designation": 1, "course": 1, "history_date": "2025-04-03T05:45:27.229Z", "history_change_reason": null, "history_type": "~", "history_user": 1}}, {"model": "employees.historicalemployee", "pk": 29, "fields": {"id": 6, "created": "2025-04-03T05:45:13.542Z", "updated": "2025-04-03T05:45:29.248Z", "is_active": true, "first_name": "Shaheem", "last_name": null, "employee_id": "0004", "gender": null, "marital_status": null, "personal_email": "shaheem@gmail.com", "mobile": null, "whatsapp": null, "date_of_birth": null, "religion": null, "experience": "", "qualifications": "", "photo": "", "official_email": null, "status": "Appointed", "resigned_date": null, "notice_date": null, "resigned_form": "", "termination_date": null, "termination_reason": null, "father_name": null, "father_mobile": null, "mother_name": null, "guardian_name": null, "guardian_mobile": null, "relationship_with_employee": null, "date_of_joining": null, "date_of_confirmation": null, "offer_letter": "", "joining_letter": "", "agreement_letter": "", "experience_letter": "", "type_of_residence": null, "residence_name": null, "residential_address": "", "residence_contact": null, "residential_zip_code": null, "permanent_address": "", "permanent_zip_code": null, "bank_name": null, "account_name": null, "account_number": null, "ifsc_code": null, "bank_branch": null, "pan_number": null, "employment_type": null, "blood_group": null, "basic_salary": null, "hra": null, "other_allowance": null, "transportation_allowance": null, "creator": 1, "branch": 2, "user": null, "department": 1, "designation": 1, "course": 1, "history_date": "2025-04-03T05:45:29.252Z", "history_change_reason": null, "history_type": "~", "history_user": 1}}, {"model": "employees.historicalemployee", "pk": 30, "fields": {"id": 6, "created": "2025-04-03T05:45:13.542Z", "updated": "2025-04-03T05:45:29.248Z", "is_active": true, "first_name": "Shaheem", "last_name": null, "employee_id": "0004", "gender": null, "marital_status": null, "personal_email": "shaheem@gmail.com", "mobile": null, "whatsapp": null, "date_of_birth": null, "religion": null, "experience": "", "qualifications": "", "photo": "", "official_email": null, "status": "Appointed", "resigned_date": null, "notice_date": null, "resigned_form": "", "termination_date": null, "termination_reason": null, "father_name": null, "father_mobile": null, "mother_name": null, "guardian_name": null, "guardian_mobile": null, "relationship_with_employee": null, "date_of_joining": null, "date_of_confirmation": null, "offer_letter": "", "joining_letter": "", "agreement_letter": "", "experience_letter": "", "type_of_residence": null, "residence_name": null, "residential_address": "", "residence_contact": null, "residential_zip_code": null, "permanent_address": "", "permanent_zip_code": null, "bank_name": null, "account_name": null, "account_number": null, "ifsc_code": null, "bank_branch": null, "pan_number": null, "employment_type": null, "blood_group": null, "basic_salary": null, "hra": null, "other_allowance": null, "transportation_allowance": null, "creator": 1, "branch": 2, "user": null, "department": 1, "designation": 1, "course": 1, "history_date": "2025-04-03T05:52:02.459Z", "history_change_reason": null, "history_type": "-", "history_user": 1}}, {"model": "employees.historicalemployee", "pk": 31, "fields": {"id": 7, "created": "2025-04-03T05:52:19.053Z", "updated": "2025-04-03T05:52:19.053Z", "is_active": true, "first_name": "shaheem", "last_name": null, "employee_id": null, "gender": null, "marital_status": null, "personal_email": "shaheem@gmail.com", "mobile": null, "whatsapp": null, "date_of_birth": null, "religion": null, "experience": "", "qualifications": "", "photo": "", "official_email": null, "status": "Appointed", "resigned_date": null, "notice_date": null, "resigned_form": "", "termination_date": null, "termination_reason": null, "father_name": null, "father_mobile": null, "mother_name": null, "guardian_name": null, "guardian_mobile": null, "relationship_with_employee": null, "date_of_joining": null, "date_of_confirmation": null, "offer_letter": "", "joining_letter": "", "agreement_letter": "", "experience_letter": "", "type_of_residence": null, "residence_name": null, "residential_address": null, "residence_contact": null, "residential_zip_code": null, "permanent_address": null, "permanent_zip_code": null, "bank_name": null, "account_name": null, "account_number": null, "ifsc_code": null, "bank_branch": null, "pan_number": null, "employment_type": null, "blood_group": null, "basic_salary": null, "hra": null, "other_allowance": null, "transportation_allowance": null, "creator": 1, "branch": 2, "user": null, "department": null, "designation": null, "course": null, "history_date": "2025-04-03T05:52:19.060Z", "history_change_reason": null, "history_type": "+", "history_user": 1}}, {"model": "employees.historicalemployee", "pk": 32, "fields": {"id": 7, "created": "2025-04-03T05:52:19.053Z", "updated": "2025-04-03T05:52:21.298Z", "is_active": true, "first_name": "shaheem", "last_name": null, "employee_id": null, "gender": null, "marital_status": null, "personal_email": "shaheem@gmail.com", "mobile": null, "whatsapp": null, "date_of_birth": null, "religion": null, "experience": "", "qualifications": "", "photo": "", "official_email": null, "status": "Appointed", "resigned_date": null, "notice_date": null, "resigned_form": "", "termination_date": null, "termination_reason": null, "father_name": null, "father_mobile": null, "mother_name": null, "guardian_name": null, "guardian_mobile": null, "relationship_with_employee": null, "date_of_joining": null, "date_of_confirmation": null, "offer_letter": "", "joining_letter": "", "agreement_letter": "", "experience_letter": "", "type_of_residence": null, "residence_name": null, "residential_address": null, "residence_contact": null, "residential_zip_code": null, "permanent_address": null, "permanent_zip_code": null, "bank_name": null, "account_name": null, "account_number": null, "ifsc_code": null, "bank_branch": null, "pan_number": null, "employment_type": null, "blood_group": null, "basic_salary": null, "hra": null, "other_allowance": null, "transportation_allowance": null, "creator": 1, "branch": 2, "user": null, "department": null, "designation": null, "course": null, "history_date": "2025-04-03T05:52:21.300Z", "history_change_reason": null, "history_type": "~", "history_user": 1}}, {"model": "employees.historicalemployee", "pk": 33, "fields": {"id": 7, "created": "2025-04-03T05:52:19.053Z", "updated": "2025-04-03T05:52:22.765Z", "is_active": true, "first_name": "shaheem", "last_name": null, "employee_id": null, "gender": null, "marital_status": null, "personal_email": "shaheem@gmail.com", "mobile": null, "whatsapp": null, "date_of_birth": null, "religion": null, "experience": "", "qualifications": "", "photo": "", "official_email": null, "status": "Appointed", "resigned_date": null, "notice_date": null, "resigned_form": "", "termination_date": null, "termination_reason": null, "father_name": null, "father_mobile": null, "mother_name": null, "guardian_name": null, "guardian_mobile": null, "relationship_with_employee": null, "date_of_joining": null, "date_of_confirmation": null, "offer_letter": "", "joining_letter": "", "agreement_letter": "", "experience_letter": "", "type_of_residence": null, "residence_name": null, "residential_address": "", "residence_contact": null, "residential_zip_code": null, "permanent_address": "", "permanent_zip_code": null, "bank_name": null, "account_name": null, "account_number": null, "ifsc_code": null, "bank_branch": null, "pan_number": null, "employment_type": null, "blood_group": null, "basic_salary": null, "hra": null, "other_allowance": null, "transportation_allowance": null, "creator": 1, "branch": 2, "user": null, "department": null, "designation": null, "course": null, "history_date": "2025-04-03T05:52:22.767Z", "history_change_reason": null, "history_type": "~", "history_user": 1}}, {"model": "employees.historicalemployee", "pk": 34, "fields": {"id": 7, "created": "2025-04-03T05:52:19.053Z", "updated": "2025-04-03T05:52:30.290Z", "is_active": true, "first_name": "shaheem", "last_name": null, "employee_id": "0004", "gender": null, "marital_status": null, "personal_email": "shaheem@gmail.com", "mobile": null, "whatsapp": null, "date_of_birth": null, "religion": null, "experience": "", "qualifications": "", "photo": "", "official_email": null, "status": "Appointed", "resigned_date": null, "notice_date": null, "resigned_form": "", "termination_date": null, "termination_reason": null, "father_name": null, "father_mobile": null, "mother_name": null, "guardian_name": null, "guardian_mobile": null, "relationship_with_employee": null, "date_of_joining": null, "date_of_confirmation": null, "offer_letter": "", "joining_letter": "", "agreement_letter": "", "experience_letter": "", "type_of_residence": null, "residence_name": null, "residential_address": "", "residence_contact": null, "residential_zip_code": null, "permanent_address": "", "permanent_zip_code": null, "bank_name": null, "account_name": null, "account_number": null, "ifsc_code": null, "bank_branch": null, "pan_number": null, "employment_type": null, "blood_group": null, "basic_salary": null, "hra": null, "other_allowance": null, "transportation_allowance": null, "creator": 1, "branch": 2, "user": null, "department": 1, "designation": 1, "course": 1, "history_date": "2025-04-03T05:52:30.295Z", "history_change_reason": null, "history_type": "~", "history_user": 1}}, {"model": "employees.historicalemployee", "pk": 35, "fields": {"id": 7, "created": "2025-04-03T05:52:19.053Z", "updated": "2025-04-03T05:52:32.358Z", "is_active": true, "first_name": "shaheem", "last_name": null, "employee_id": "0004", "gender": null, "marital_status": null, "personal_email": "shaheem@gmail.com", "mobile": null, "whatsapp": null, "date_of_birth": null, "religion": null, "experience": "", "qualifications": "", "photo": "", "official_email": null, "status": "Appointed", "resigned_date": null, "notice_date": null, "resigned_form": "", "termination_date": null, "termination_reason": null, "father_name": null, "father_mobile": null, "mother_name": null, "guardian_name": null, "guardian_mobile": null, "relationship_with_employee": null, "date_of_joining": null, "date_of_confirmation": null, "offer_letter": "", "joining_letter": "", "agreement_letter": "", "experience_letter": "", "type_of_residence": null, "residence_name": null, "residential_address": "", "residence_contact": null, "residential_zip_code": null, "permanent_address": "", "permanent_zip_code": null, "bank_name": null, "account_name": null, "account_number": null, "ifsc_code": null, "bank_branch": null, "pan_number": null, "employment_type": null, "blood_group": null, "basic_salary": null, "hra": null, "other_allowance": null, "transportation_allowance": null, "creator": 1, "branch": 2, "user": null, "department": 1, "designation": 1, "course": 1, "history_date": "2025-04-03T05:52:32.361Z", "history_change_reason": null, "history_type": "~", "history_user": 1}}, {"model": "employees.historicalemployee", "pk": 36, "fields": {"id": 8, "created": "2025-04-03T05:55:41.012Z", "updated": "2025-04-03T05:55:41.012Z", "is_active": true, "first_name": "javasil", "last_name": null, "employee_id": null, "gender": null, "marital_status": null, "personal_email": "javasil@gmail.com", "mobile": null, "whatsapp": null, "date_of_birth": null, "religion": null, "experience": "", "qualifications": "", "photo": "", "official_email": null, "status": "Appointed", "resigned_date": null, "notice_date": null, "resigned_form": "", "termination_date": null, "termination_reason": null, "father_name": null, "father_mobile": null, "mother_name": null, "guardian_name": null, "guardian_mobile": null, "relationship_with_employee": null, "date_of_joining": null, "date_of_confirmation": null, "offer_letter": "", "joining_letter": "", "agreement_letter": "", "experience_letter": "", "type_of_residence": null, "residence_name": null, "residential_address": null, "residence_contact": null, "residential_zip_code": null, "permanent_address": null, "permanent_zip_code": null, "bank_name": null, "account_name": null, "account_number": null, "ifsc_code": null, "bank_branch": null, "pan_number": null, "employment_type": null, "blood_group": null, "basic_salary": null, "hra": null, "other_allowance": null, "transportation_allowance": null, "creator": 1, "branch": 2, "user": null, "department": null, "designation": null, "course": null, "history_date": "2025-04-03T05:55:41.016Z", "history_change_reason": null, "history_type": "+", "history_user": 1}}, {"model": "employees.historicalemployee", "pk": 37, "fields": {"id": 8, "created": "2025-04-03T05:55:41.012Z", "updated": "2025-04-03T05:55:42.688Z", "is_active": true, "first_name": "javasil", "last_name": null, "employee_id": null, "gender": null, "marital_status": null, "personal_email": "javasil@gmail.com", "mobile": null, "whatsapp": null, "date_of_birth": null, "religion": null, "experience": "", "qualifications": "", "photo": "", "official_email": null, "status": "Appointed", "resigned_date": null, "notice_date": null, "resigned_form": "", "termination_date": null, "termination_reason": null, "father_name": null, "father_mobile": null, "mother_name": null, "guardian_name": null, "guardian_mobile": null, "relationship_with_employee": null, "date_of_joining": null, "date_of_confirmation": null, "offer_letter": "", "joining_letter": "", "agreement_letter": "", "experience_letter": "", "type_of_residence": null, "residence_name": null, "residential_address": null, "residence_contact": null, "residential_zip_code": null, "permanent_address": null, "permanent_zip_code": null, "bank_name": null, "account_name": null, "account_number": null, "ifsc_code": null, "bank_branch": null, "pan_number": null, "employment_type": null, "blood_group": null, "basic_salary": null, "hra": null, "other_allowance": null, "transportation_allowance": null, "creator": 1, "branch": 2, "user": null, "department": null, "designation": null, "course": null, "history_date": "2025-04-03T05:55:42.690Z", "history_change_reason": null, "history_type": "~", "history_user": 1}}, {"model": "employees.historicalemployee", "pk": 38, "fields": {"id": 8, "created": "2025-04-03T05:55:41.012Z", "updated": "2025-04-03T05:55:44.203Z", "is_active": true, "first_name": "javasil", "last_name": null, "employee_id": null, "gender": null, "marital_status": null, "personal_email": "javasil@gmail.com", "mobile": null, "whatsapp": null, "date_of_birth": null, "religion": null, "experience": "", "qualifications": "", "photo": "", "official_email": null, "status": "Appointed", "resigned_date": null, "notice_date": null, "resigned_form": "", "termination_date": null, "termination_reason": null, "father_name": null, "father_mobile": null, "mother_name": null, "guardian_name": null, "guardian_mobile": null, "relationship_with_employee": null, "date_of_joining": null, "date_of_confirmation": null, "offer_letter": "", "joining_letter": "", "agreement_letter": "", "experience_letter": "", "type_of_residence": null, "residence_name": null, "residential_address": "", "residence_contact": null, "residential_zip_code": null, "permanent_address": "", "permanent_zip_code": null, "bank_name": null, "account_name": null, "account_number": null, "ifsc_code": null, "bank_branch": null, "pan_number": null, "employment_type": null, "blood_group": null, "basic_salary": null, "hra": null, "other_allowance": null, "transportation_allowance": null, "creator": 1, "branch": 2, "user": null, "department": null, "designation": null, "course": null, "history_date": "2025-04-03T05:55:44.205Z", "history_change_reason": null, "history_type": "~", "history_user": 1}}, {"model": "employees.historicalemployee", "pk": 39, "fields": {"id": 8, "created": "2025-04-03T05:55:41.012Z", "updated": "2025-04-03T05:55:50.054Z", "is_active": true, "first_name": "javasil", "last_name": null, "employee_id": "0005", "gender": null, "marital_status": null, "personal_email": "javasil@gmail.com", "mobile": null, "whatsapp": null, "date_of_birth": null, "religion": null, "experience": "", "qualifications": "", "photo": "", "official_email": null, "status": "Appointed", "resigned_date": null, "notice_date": null, "resigned_form": "", "termination_date": null, "termination_reason": null, "father_name": null, "father_mobile": null, "mother_name": null, "guardian_name": null, "guardian_mobile": null, "relationship_with_employee": null, "date_of_joining": null, "date_of_confirmation": null, "offer_letter": "", "joining_letter": "", "agreement_letter": "", "experience_letter": "", "type_of_residence": null, "residence_name": null, "residential_address": "", "residence_contact": null, "residential_zip_code": null, "permanent_address": "", "permanent_zip_code": null, "bank_name": null, "account_name": null, "account_number": null, "ifsc_code": null, "bank_branch": null, "pan_number": null, "employment_type": null, "blood_group": null, "basic_salary": null, "hra": null, "other_allowance": null, "transportation_allowance": null, "creator": 1, "branch": 2, "user": null, "department": 1, "designation": 1, "course": 1, "history_date": "2025-04-03T05:55:50.057Z", "history_change_reason": null, "history_type": "~", "history_user": 1}}, {"model": "employees.historicalemployee", "pk": 40, "fields": {"id": 8, "created": "2025-04-03T05:55:41.012Z", "updated": "2025-04-03T05:55:51.843Z", "is_active": true, "first_name": "javasil", "last_name": null, "employee_id": "0005", "gender": null, "marital_status": null, "personal_email": "javasil@gmail.com", "mobile": null, "whatsapp": null, "date_of_birth": null, "religion": null, "experience": "", "qualifications": "", "photo": "", "official_email": null, "status": "Appointed", "resigned_date": null, "notice_date": null, "resigned_form": "", "termination_date": null, "termination_reason": null, "father_name": null, "father_mobile": null, "mother_name": null, "guardian_name": null, "guardian_mobile": null, "relationship_with_employee": null, "date_of_joining": null, "date_of_confirmation": null, "offer_letter": "", "joining_letter": "", "agreement_letter": "", "experience_letter": "", "type_of_residence": null, "residence_name": null, "residential_address": "", "residence_contact": null, "residential_zip_code": null, "permanent_address": "", "permanent_zip_code": null, "bank_name": null, "account_name": null, "account_number": null, "ifsc_code": null, "bank_branch": null, "pan_number": null, "employment_type": null, "blood_group": null, "basic_salary": null, "hra": null, "other_allowance": null, "transportation_allowance": null, "creator": 1, "branch": 2, "user": null, "department": 1, "designation": 1, "course": 1, "history_date": "2025-04-03T05:55:51.846Z", "history_change_reason": null, "history_type": "~", "history_user": 1}}, {"model": "employees.historicalemployee", "pk": 41, "fields": {"id": 8, "created": "2025-04-03T05:55:41.012Z", "updated": "2025-04-03T05:55:51.843Z", "is_active": true, "first_name": "javasil", "last_name": null, "employee_id": "0005", "gender": null, "marital_status": null, "personal_email": "javasil@gmail.com", "mobile": null, "whatsapp": null, "date_of_birth": null, "religion": null, "experience": "", "qualifications": "", "photo": "", "official_email": null, "status": "Appointed", "resigned_date": null, "notice_date": null, "resigned_form": "", "termination_date": null, "termination_reason": null, "father_name": null, "father_mobile": null, "mother_name": null, "guardian_name": null, "guardian_mobile": null, "relationship_with_employee": null, "date_of_joining": null, "date_of_confirmation": null, "offer_letter": "", "joining_letter": "", "agreement_letter": "", "experience_letter": "", "type_of_residence": null, "residence_name": null, "residential_address": "", "residence_contact": null, "residential_zip_code": null, "permanent_address": "", "permanent_zip_code": null, "bank_name": null, "account_name": null, "account_number": null, "ifsc_code": null, "bank_branch": null, "pan_number": null, "employment_type": null, "blood_group": null, "basic_salary": null, "hra": null, "other_allowance": null, "transportation_allowance": null, "creator": 1, "branch": 2, "user": null, "department": 1, "designation": 1, "course": 1, "history_date": "2025-04-03T06:00:38.416Z", "history_change_reason": null, "history_type": "-", "history_user": 1}}, {"model": "employees.historicalemployee", "pk": 42, "fields": {"id": 7, "created": "2025-04-03T05:52:19.053Z", "updated": "2025-04-03T05:52:32.358Z", "is_active": true, "first_name": "shaheem", "last_name": null, "employee_id": "0004", "gender": null, "marital_status": null, "personal_email": "shaheem@gmail.com", "mobile": null, "whatsapp": null, "date_of_birth": null, "religion": null, "experience": "", "qualifications": "", "photo": "", "official_email": null, "status": "Appointed", "resigned_date": null, "notice_date": null, "resigned_form": "", "termination_date": null, "termination_reason": null, "father_name": null, "father_mobile": null, "mother_name": null, "guardian_name": null, "guardian_mobile": null, "relationship_with_employee": null, "date_of_joining": null, "date_of_confirmation": null, "offer_letter": "", "joining_letter": "", "agreement_letter": "", "experience_letter": "", "type_of_residence": null, "residence_name": null, "residential_address": "", "residence_contact": null, "residential_zip_code": null, "permanent_address": "", "permanent_zip_code": null, "bank_name": null, "account_name": null, "account_number": null, "ifsc_code": null, "bank_branch": null, "pan_number": null, "employment_type": null, "blood_group": null, "basic_salary": null, "hra": null, "other_allowance": null, "transportation_allowance": null, "creator": 1, "branch": 2, "user": null, "department": 1, "designation": 1, "course": 1, "history_date": "2025-04-03T06:00:38.420Z", "history_change_reason": null, "history_type": "-", "history_user": 1}}, {"model": "employees.historicalemployee", "pk": 43, "fields": {"id": 10, "created": "2025-04-03T06:18:13.034Z", "updated": "2025-04-03T06:18:13.034Z", "is_active": true, "first_name": "shaheem", "last_name": null, "employee_id": null, "gender": null, "marital_status": null, "personal_email": "shaheem@gmail.com", "mobile": null, "whatsapp": null, "date_of_birth": null, "religion": null, "experience": "", "qualifications": "", "photo": "", "official_email": null, "status": "Appointed", "resigned_date": null, "notice_date": null, "resigned_form": "", "termination_date": null, "termination_reason": null, "father_name": null, "father_mobile": null, "mother_name": null, "guardian_name": null, "guardian_mobile": null, "relationship_with_employee": null, "date_of_joining": null, "date_of_confirmation": null, "offer_letter": "", "joining_letter": "", "agreement_letter": "", "experience_letter": "", "type_of_residence": null, "residence_name": null, "residential_address": null, "residence_contact": null, "residential_zip_code": null, "permanent_address": null, "permanent_zip_code": null, "bank_name": null, "account_name": null, "account_number": null, "ifsc_code": null, "bank_branch": null, "pan_number": null, "employment_type": null, "blood_group": null, "basic_salary": null, "hra": null, "other_allowance": null, "transportation_allowance": null, "creator": null, "branch": 3, "user": null, "department": null, "designation": null, "course": null, "history_date": "2025-04-03T06:18:13.037Z", "history_change_reason": null, "history_type": "+", "history_user": 1}}, {"model": "employees.historicalemployee", "pk": 44, "fields": {"id": 10, "created": "2025-04-03T06:18:13.034Z", "updated": "2025-04-03T06:18:13.042Z", "is_active": true, "first_name": "shaheem", "last_name": null, "employee_id": null, "gender": null, "marital_status": null, "personal_email": "shaheem@gmail.com", "mobile": null, "whatsapp": null, "date_of_birth": null, "religion": null, "experience": "", "qualifications": "", "photo": "", "official_email": null, "status": "Appointed", "resigned_date": null, "notice_date": null, "resigned_form": "", "termination_date": null, "termination_reason": null, "father_name": null, "father_mobile": null, "mother_name": null, "guardian_name": null, "guardian_mobile": null, "relationship_with_employee": null, "date_of_joining": null, "date_of_confirmation": null, "offer_letter": "", "joining_letter": "", "agreement_letter": "", "experience_letter": "", "type_of_residence": null, "residence_name": null, "residential_address": null, "residence_contact": null, "residential_zip_code": null, "permanent_address": null, "permanent_zip_code": null, "bank_name": null, "account_name": null, "account_number": null, "ifsc_code": null, "bank_branch": null, "pan_number": null, "employment_type": null, "blood_group": null, "basic_salary": null, "hra": null, "other_allowance": null, "transportation_allowance": null, "creator": 1, "branch": 2, "user": null, "department": null, "designation": null, "course": null, "history_date": "2025-04-03T06:18:13.045Z", "history_change_reason": null, "history_type": "~", "history_user": 1}}, {"model": "employees.historicalemployee", "pk": 45, "fields": {"id": 10, "created": "2025-04-03T06:18:13.034Z", "updated": "2025-04-03T06:18:13.042Z", "is_active": true, "first_name": "shaheem", "last_name": null, "employee_id": null, "gender": null, "marital_status": null, "personal_email": "shaheem@gmail.com", "mobile": null, "whatsapp": null, "date_of_birth": null, "religion": null, "experience": "", "qualifications": "", "photo": "", "official_email": null, "status": "Appointed", "resigned_date": null, "notice_date": null, "resigned_form": "", "termination_date": null, "termination_reason": null, "father_name": null, "father_mobile": null, "mother_name": null, "guardian_name": null, "guardian_mobile": null, "relationship_with_employee": null, "date_of_joining": null, "date_of_confirmation": null, "offer_letter": "", "joining_letter": "", "agreement_letter": "", "experience_letter": "", "type_of_residence": null, "residence_name": null, "residential_address": null, "residence_contact": null, "residential_zip_code": null, "permanent_address": null, "permanent_zip_code": null, "bank_name": null, "account_name": null, "account_number": null, "ifsc_code": null, "bank_branch": null, "pan_number": null, "employment_type": null, "blood_group": null, "basic_salary": null, "hra": null, "other_allowance": null, "transportation_allowance": null, "creator": 1, "branch": 2, "user": null, "department": null, "designation": null, "course": null, "history_date": "2025-04-03T06:18:35.638Z", "history_change_reason": null, "history_type": "-", "history_user": 1}}, {"model": "employees.historicalemployee", "pk": 46, "fields": {"id": 3, "created": "2025-04-03T04:52:07.227Z", "updated": "2025-04-03T06:18:59.597Z", "is_active": true, "first_name": "Nishad", "last_name": null, "employee_id": "0003", "gender": "MALE", "marital_status": null, "personal_email": "nishad@gmail.com", "mobile": "+919087653234", "whatsapp": "+919087653234", "date_of_birth": "1998-04-08", "religion": "Muslim", "experience": "", "qualifications": "", "photo": "", "official_email": "nishad@gedexo.com", "status": "Appointed", "resigned_date": null, "notice_date": null, "resigned_form": "", "termination_date": null, "termination_reason": null, "father_name": null, "father_mobile": null, "mother_name": null, "guardian_name": null, "guardian_mobile": null, "relationship_with_employee": null, "date_of_joining": "2025-04-11", "date_of_confirmation": "2025-04-03", "offer_letter": "", "joining_letter": "", "agreement_letter": "", "experience_letter": "", "type_of_residence": null, "residence_name": null, "residential_address": "", "residence_contact": null, "residential_zip_code": null, "permanent_address": "", "permanent_zip_code": null, "bank_name": null, "account_name": null, "account_number": null, "ifsc_code": null, "bank_branch": null, "pan_number": null, "employment_type": "PERMANENT", "blood_group": null, "basic_salary": null, "hra": null, "other_allowance": null, "transportation_allowance": null, "creator": 1, "branch": 2, "user": 5, "department": 1, "designation": 1, "course": 1, "history_date": "2025-04-03T06:18:59.599Z", "history_change_reason": null, "history_type": "~", "history_user": 1}}, {"model": "employees.historicalemployee", "pk": 47, "fields": {"id": 11, "created": "2025-04-03T07:18:55.663Z", "updated": "2025-04-03T07:18:55.663Z", "is_active": true, "first_name": "Javasil", "last_name": "Pk", "employee_id": null, "gender": "MALE", "marital_status": null, "personal_email": "javasilpk@gmail.com", "mobile": null, "whatsapp": null, "date_of_birth": null, "religion": "Muslim", "experience": "", "qualifications": "", "photo": "", "official_email": null, "status": "Appointed", "resigned_date": null, "notice_date": null, "resigned_form": "", "termination_date": null, "termination_reason": null, "father_name": null, "father_mobile": null, "mother_name": null, "guardian_name": null, "guardian_mobile": null, "relationship_with_employee": null, "date_of_joining": null, "date_of_confirmation": null, "offer_letter": "", "joining_letter": "", "agreement_letter": "", "experience_letter": "", "type_of_residence": null, "residence_name": null, "residential_address": null, "residence_contact": null, "residential_zip_code": null, "permanent_address": null, "permanent_zip_code": null, "bank_name": null, "account_name": null, "account_number": null, "ifsc_code": null, "bank_branch": null, "pan_number": null, "employment_type": null, "blood_group": null, "basic_salary": null, "hra": null, "other_allowance": null, "transportation_allowance": null, "creator": null, "branch": 3, "user": null, "department": null, "designation": null, "course": null, "history_date": "2025-04-03T07:18:55.668Z", "history_change_reason": null, "history_type": "+", "history_user": 1}}, {"model": "employees.historicalemployee", "pk": 48, "fields": {"id": 11, "created": "2025-04-03T07:18:55.663Z", "updated": "2025-04-03T07:18:55.677Z", "is_active": true, "first_name": "Javasil", "last_name": "Pk", "employee_id": null, "gender": "MALE", "marital_status": null, "personal_email": "javasilpk@gmail.com", "mobile": null, "whatsapp": null, "date_of_birth": null, "religion": "Muslim", "experience": "", "qualifications": "", "photo": "", "official_email": null, "status": "Appointed", "resigned_date": null, "notice_date": null, "resigned_form": "", "termination_date": null, "termination_reason": null, "father_name": null, "father_mobile": null, "mother_name": null, "guardian_name": null, "guardian_mobile": null, "relationship_with_employee": null, "date_of_joining": null, "date_of_confirmation": null, "offer_letter": "", "joining_letter": "", "agreement_letter": "", "experience_letter": "", "type_of_residence": null, "residence_name": null, "residential_address": null, "residence_contact": null, "residential_zip_code": null, "permanent_address": null, "permanent_zip_code": null, "bank_name": null, "account_name": null, "account_number": null, "ifsc_code": null, "bank_branch": null, "pan_number": null, "employment_type": null, "blood_group": null, "basic_salary": null, "hra": null, "other_allowance": null, "transportation_allowance": null, "creator": 1, "branch": 2, "user": null, "department": null, "designation": null, "course": null, "history_date": "2025-04-03T07:18:55.680Z", "history_change_reason": null, "history_type": "~", "history_user": 1}}, {"model": "employees.historicalemployee", "pk": 49, "fields": {"id": 11, "created": "2025-04-03T07:18:55.663Z", "updated": "2025-04-03T07:19:54.720Z", "is_active": false, "first_name": "Javasil", "last_name": "Pk", "employee_id": null, "gender": "MALE", "marital_status": null, "personal_email": "javasilpk@gmail.com", "mobile": null, "whatsapp": null, "date_of_birth": null, "religion": "Muslim", "experience": "", "qualifications": "", "photo": "", "official_email": null, "status": "Appointed", "resigned_date": null, "notice_date": null, "resigned_form": "", "termination_date": null, "termination_reason": null, "father_name": null, "father_mobile": null, "mother_name": null, "guardian_name": null, "guardian_mobile": null, "relationship_with_employee": null, "date_of_joining": null, "date_of_confirmation": null, "offer_letter": "", "joining_letter": "", "agreement_letter": "", "experience_letter": "", "type_of_residence": null, "residence_name": null, "residential_address": null, "residence_contact": null, "residential_zip_code": null, "permanent_address": null, "permanent_zip_code": null, "bank_name": null, "account_name": null, "account_number": null, "ifsc_code": null, "bank_branch": null, "pan_number": null, "employment_type": null, "blood_group": null, "basic_salary": null, "hra": null, "other_allowance": null, "transportation_allowance": null, "creator": 1, "branch": 2, "user": null, "department": null, "designation": null, "course": null, "history_date": "2025-04-03T07:19:54.722Z", "history_change_reason": null, "history_type": "~", "history_user": 1}}, {"model": "employees.historicalemployee", "pk": 50, "fields": {"id": 11, "created": "2025-04-03T07:18:55.663Z", "updated": "2025-04-03T07:19:54.720Z", "is_active": false, "first_name": "Javasil", "last_name": "Pk", "employee_id": null, "gender": "MALE", "marital_status": null, "personal_email": "javasilpk@gmail.com", "mobile": null, "whatsapp": null, "date_of_birth": null, "religion": "Muslim", "experience": "", "qualifications": "", "photo": "", "official_email": null, "status": "Appointed", "resigned_date": null, "notice_date": null, "resigned_form": "", "termination_date": null, "termination_reason": null, "father_name": null, "father_mobile": null, "mother_name": null, "guardian_name": null, "guardian_mobile": null, "relationship_with_employee": null, "date_of_joining": null, "date_of_confirmation": null, "offer_letter": "", "joining_letter": "", "agreement_letter": "", "experience_letter": "", "type_of_residence": null, "residence_name": null, "residential_address": null, "residence_contact": null, "residential_zip_code": null, "permanent_address": null, "permanent_zip_code": null, "bank_name": null, "account_name": null, "account_number": null, "ifsc_code": null, "bank_branch": null, "pan_number": null, "employment_type": null, "blood_group": null, "basic_salary": null, "hra": null, "other_allowance": null, "transportation_allowance": null, "creator": 1, "branch": 2, "user": null, "department": null, "designation": null, "course": null, "history_date": "2025-04-03T07:20:25.894Z", "history_change_reason": null, "history_type": "-", "history_user": 1}}, {"model": "employees.employee", "pk": 1, "fields": {"created": "2025-03-06T09:24:10.955Z", "updated": "2025-03-06T09:59:23.512Z", "creator": 1, "is_active": true, "branch": 1, "user": 2, "first_name": "Muhammed", "last_name": "Mansha", "employee_id": "0001", "gender": "MALE", "marital_status": "MARRIED", "personal_email": "mansha@gmail.com", "mobile": "9087656533", "whatsapp": "9087656533", "date_of_birth": "1998-05-15", "religion": "Muslim", "experience": "6 month as a teacher", "qualifications": "b tech", "photo": "", "official_email": "mansha.gedexo@gmail.com", "department": 1, "designation": 1, "course": 1, "status": "Appointed", "resigned_date": null, "notice_date": null, "resigned_form": "", "termination_date": null, "termination_reason": null, "father_name": "Ahmed", "father_mobile": "Mansha", "mother_name": null, "guardian_name": null, "guardian_mobile": null, "relationship_with_employee": null, "date_of_joining": "2025-03-13", "date_of_confirmation": "2025-03-12", "offer_letter": "", "joining_letter": "", "agreement_letter": "", "experience_letter": "", "type_of_residence": "FAMILY_OWNED", "residence_name": null, "residential_address": "", "residence_contact": null, "residential_zip_code": null, "permanent_address": "", "permanent_zip_code": "673638", "bank_name": null, "account_name": null, "account_number": null, "ifsc_code": null, "bank_branch": null, "pan_number": null, "employment_type": "PERMANENT", "blood_group": "a-positive", "basic_salary": null, "hra": null, "other_allowance": null, "transportation_allowance": null}}, {"model": "employees.employee", "pk": 2, "fields": {"created": "2025-03-06T10:04:45.836Z", "updated": "2025-03-06T10:08:04.246Z", "creator": 1, "is_active": true, "branch": 1, "user": 3, "first_name": "Branch", "last_name": "Staff", "employee_id": "0002", "gender": "FEMALE", "marital_status": "MARRIED", "personal_email": "branch@gmail.com", "mobile": "9087675439", "whatsapp": "9087675439", "date_of_birth": "1998-04-22", "religion": "Muslim", "experience": "", "qualifications": "", "photo": "", "official_email": "branch.gedexo@gmail.com", "department": 2, "designation": 2, "course": null, "status": "Appointed", "resigned_date": null, "notice_date": null, "resigned_form": "", "termination_date": null, "termination_reason": null, "father_name": null, "father_mobile": null, "mother_name": null, "guardian_name": null, "guardian_mobile": null, "relationship_with_employee": null, "date_of_joining": "2025-03-11", "date_of_confirmation": "2025-03-10", "offer_letter": "", "joining_letter": "", "agreement_letter": "", "experience_letter": "", "type_of_residence": null, "residence_name": null, "residential_address": "", "residence_contact": null, "residential_zip_code": null, "permanent_address": "", "permanent_zip_code": null, "bank_name": null, "account_name": null, "account_number": null, "ifsc_code": null, "bank_branch": null, "pan_number": null, "employment_type": "PERMANENT", "blood_group": "o-positive", "basic_salary": null, "hra": null, "other_allowance": null, "transportation_allowance": null}}, {"model": "employees.employee", "pk": 3, "fields": {"created": "2025-04-03T04:52:07.227Z", "updated": "2025-04-03T06:18:59.597Z", "creator": 1, "is_active": true, "branch": 2, "user": 5, "first_name": "Nishad", "last_name": null, "employee_id": "0003", "gender": "MALE", "marital_status": null, "personal_email": "nishad@gmail.com", "mobile": "+919087653234", "whatsapp": "+919087653234", "date_of_birth": "1998-04-08", "religion": "Muslim", "experience": "", "qualifications": "", "photo": "", "official_email": "nishad@gedexo.com", "department": 1, "designation": 1, "course": 1, "status": "Appointed", "resigned_date": null, "notice_date": null, "resigned_form": "", "termination_date": null, "termination_reason": null, "father_name": null, "father_mobile": null, "mother_name": null, "guardian_name": null, "guardian_mobile": null, "relationship_with_employee": null, "date_of_joining": "2025-04-11", "date_of_confirmation": "2025-04-03", "offer_letter": "", "joining_letter": "", "agreement_letter": "", "experience_letter": "", "type_of_residence": null, "residence_name": null, "residential_address": "", "residence_contact": null, "residential_zip_code": null, "permanent_address": "", "permanent_zip_code": null, "bank_name": null, "account_name": null, "account_number": null, "ifsc_code": null, "bank_branch": null, "pan_number": null, "employment_type": "PERMANENT", "blood_group": null, "basic_salary": null, "hra": null, "other_allowance": null, "transportation_allowance": null}}, {"model": "admission.historicaladmission", "pk": 1, "fields": {"id": 3, "created": "2025-04-03T04:36:03.466Z", "updated": "2025-04-03T04:36:03.466Z", "is_active": true, "first_name": "Midhlaj", "last_name": null, "joining_date": null, "date_of_birth": "2025-04-29", "gender": null, "blood_group": null, "religion": null, "qualifications": "", "home_address": null, "city": null, "district": null, "state": null, "pin_code": null, "personal_email": "midhlajr@gmail.com", "contact_number": "42421323", "whatsapp_number": null, "admission_number": "0001", "admission_date": "2025-04-03", "photo": "", "other_details": null, "document": null, "signature": null, "parent_first_name": null, "parent_last_name": null, "parent_contact_number": null, "parent_whatsapp_number": null, "parent_mail_id": null, "fee_type": null, "is_discount": null, "discount_percentage": null, "creator": 1, "user": null, "branch": 3, "academic_year": 1, "course": null, "batch": null, "history_date": "2025-04-03T04:36:03.471Z", "history_change_reason": null, "history_type": "+", "history_user": 1}}, {"model": "admission.historicaladmission", "pk": 2, "fields": {"id": 3, "created": "2025-04-03T04:36:03.466Z", "updated": "2025-04-03T04:36:17.909Z", "is_active": false, "first_name": "Midhlaj", "last_name": null, "joining_date": null, "date_of_birth": "2025-04-29", "gender": null, "blood_group": null, "religion": null, "qualifications": "", "home_address": null, "city": null, "district": null, "state": null, "pin_code": null, "personal_email": "midhlajr@gmail.com", "contact_number": "42421323", "whatsapp_number": null, "admission_number": "0001", "admission_date": "2025-04-03", "photo": "", "other_details": null, "document": null, "signature": null, "parent_first_name": null, "parent_last_name": null, "parent_contact_number": null, "parent_whatsapp_number": null, "parent_mail_id": null, "fee_type": null, "is_discount": null, "discount_percentage": null, "creator": 1, "user": null, "branch": 3, "academic_year": 1, "course": null, "batch": null, "history_date": "2025-04-03T04:36:17.911Z", "history_change_reason": null, "history_type": "~", "history_user": 1}}, {"model": "admission.historicaladmission", "pk": 3, "fields": {"id": 4, "created": "2025-04-03T04:37:28.463Z", "updated": "2025-04-03T04:37:28.463Z", "is_active": true, "first_name": "Midhlaj", "last_name": "Rahman", "joining_date": null, "date_of_birth": "2000-04-24", "gender": "MALE", "blood_group": "o-positive", "religion": "Muslim", "qualifications": "+2 Pass Out", "home_address": null, "city": null, "district": null, "state": null, "pin_code": null, "personal_email": "midhlajrahman@gmail.com", "contact_number": "+919037123177", "whatsapp_number": null, "admission_number": "0002", "admission_date": "2025-04-03", "photo": "", "other_details": null, "document": null, "signature": null, "parent_first_name": null, "parent_last_name": null, "parent_contact_number": null, "parent_whatsapp_number": null, "parent_mail_id": null, "fee_type": null, "is_discount": null, "discount_percentage": null, "creator": 1, "user": null, "branch": 3, "academic_year": 1, "course": null, "batch": null, "history_date": "2025-04-03T04:37:28.466Z", "history_change_reason": null, "history_type": "+", "history_user": 1}}, {"model": "admission.historicaladmission", "pk": 4, "fields": {"id": 4, "created": "2025-04-03T04:37:28.463Z", "updated": "2025-04-03T04:37:36.557Z", "is_active": true, "first_name": "Midhlaj", "last_name": "Rahman", "joining_date": null, "date_of_birth": "2000-04-24", "gender": "MALE", "blood_group": "o-positive", "religion": "Muslim", "qualifications": "+2 Pass Out", "home_address": null, "city": null, "district": null, "state": null, "pin_code": null, "personal_email": "midhlajrahman@gmail.com", "contact_number": "+919037123177", "whatsapp_number": null, "admission_number": "0002", "admission_date": "2025-04-03", "photo": "", "other_details": null, "document": null, "signature": null, "parent_first_name": "Midh", "parent_last_name": null, "parent_contact_number": null, "parent_whatsapp_number": null, "parent_mail_id": null, "fee_type": null, "is_discount": null, "discount_percentage": null, "creator": 1, "user": null, "branch": 3, "academic_year": 1, "course": null, "batch": null, "history_date": "2025-04-03T04:37:36.559Z", "history_change_reason": null, "history_type": "~", "history_user": 1}}, {"model": "admission.historicaladmission", "pk": 5, "fields": {"id": 4, "created": "2025-04-03T04:37:28.463Z", "updated": "2025-04-03T04:37:38.596Z", "is_active": true, "first_name": "Midhlaj", "last_name": "Rahman", "joining_date": null, "date_of_birth": "2000-04-24", "gender": "MALE", "blood_group": "o-positive", "religion": "Muslim", "qualifications": "+2 Pass Out", "home_address": "", "city": null, "district": null, "state": null, "pin_code": null, "personal_email": "midhlajrahman@gmail.com", "contact_number": "+919037123177", "whatsapp_number": null, "admission_number": "0002", "admission_date": "2025-04-03", "photo": "", "other_details": null, "document": null, "signature": null, "parent_first_name": "Midh", "parent_last_name": null, "parent_contact_number": null, "parent_whatsapp_number": null, "parent_mail_id": null, "fee_type": null, "is_discount": null, "discount_percentage": null, "creator": 1, "user": null, "branch": 3, "academic_year": 1, "course": null, "batch": null, "history_date": "2025-04-03T04:37:38.598Z", "history_change_reason": null, "history_type": "~", "history_user": 1}}, {"model": "admission.historicaladmission", "pk": 6, "fields": {"id": 4, "created": "2025-04-03T04:37:28.463Z", "updated": "2025-04-03T04:38:39.185Z", "is_active": true, "first_name": "Midhlaj", "last_name": "Rahman", "joining_date": "2025-04-10", "date_of_birth": "2000-04-24", "gender": "MALE", "blood_group": "o-positive", "religion": "Muslim", "qualifications": "+2 Pass Out", "home_address": "", "city": null, "district": null, "state": null, "pin_code": null, "personal_email": "midhlajrahman@gmail.com", "contact_number": "+919037123177", "whatsapp_number": null, "admission_number": "0002", "admission_date": "2025-04-03", "photo": "", "other_details": "", "document": null, "signature": null, "parent_first_name": "Midh", "parent_last_name": null, "parent_contact_number": null, "parent_whatsapp_number": null, "parent_mail_id": null, "fee_type": null, "is_discount": null, "discount_percentage": null, "creator": 1, "user": null, "branch": 3, "academic_year": 1, "course": 1, "batch": null, "history_date": "2025-04-03T04:38:39.187Z", "history_change_reason": null, "history_type": "~", "history_user": 1}}, {"model": "admission.historicaladmission", "pk": 7, "fields": {"id": 4, "created": "2025-04-03T04:37:28.463Z", "updated": "2025-04-03T04:38:45.150Z", "is_active": true, "first_name": "Midhlaj", "last_name": "Rahman", "joining_date": "2025-04-10", "date_of_birth": "2000-04-24", "gender": "MALE", "blood_group": "o-positive", "religion": "Muslim", "qualifications": "+2 Pass Out", "home_address": "", "city": null, "district": null, "state": null, "pin_code": null, "personal_email": "midhlajrahman@gmail.com", "contact_number": "+919037123177", "whatsapp_number": null, "admission_number": "0002", "admission_date": "2025-04-03", "photo": "", "other_details": "", "document": null, "signature": null, "parent_first_name": "Midh", "parent_last_name": null, "parent_contact_number": null, "parent_whatsapp_number": null, "parent_mail_id": null, "fee_type": "installment", "is_discount": null, "discount_percentage": null, "creator": 1, "user": null, "branch": 3, "academic_year": 1, "course": 1, "batch": null, "history_date": "2025-04-03T04:38:45.152Z", "history_change_reason": null, "history_type": "~", "history_user": 1}}, {"model": "admission.historicaladmission", "pk": 8, "fields": {"id": 4, "created": "2025-04-03T04:37:28.463Z", "updated": "2025-04-03T04:42:25.838Z", "is_active": true, "first_name": "Midhlaj", "last_name": "Rahman", "joining_date": "2025-04-10", "date_of_birth": "2000-04-24", "gender": "MALE", "blood_group": "o-positive", "religion": "Muslim", "qualifications": "+2 Pass Out", "home_address": "", "city": null, "district": null, "state": null, "pin_code": null, "personal_email": "midhlajrahman@gmail.com", "contact_number": "+919037123177", "whatsapp_number": null, "admission_number": "0002", "admission_date": "2025-04-03", "photo": "", "other_details": "", "document": null, "signature": null, "parent_first_name": "Midh", "parent_last_name": null, "parent_contact_number": null, "parent_whatsapp_number": null, "parent_mail_id": null, "fee_type": "installment", "is_discount": null, "discount_percentage": null, "creator": 1, "user": 4, "branch": 3, "academic_year": 1, "course": 1, "batch": null, "history_date": "2025-04-03T04:42:25.840Z", "history_change_reason": null, "history_type": "~", "history_user": 1}}, {"model": "admission.historicaladmission", "pk": 9, "fields": {"id": 4, "created": "2025-04-03T04:37:28.463Z", "updated": "2025-04-03T04:56:11.563Z", "is_active": true, "first_name": "Midhlaj", "last_name": "Rahman", "joining_date": "2025-04-10", "date_of_birth": "2000-04-24", "gender": "MALE", "blood_group": "o-positive", "religion": "Muslim", "qualifications": "+2 Pass Out", "home_address": "", "city": null, "district": null, "state": null, "pin_code": null, "personal_email": "midhlajrahman@gmail.com", "contact_number": "+919037123177", "whatsapp_number": null, "admission_number": "0002", "admission_date": "2025-04-03", "photo": "", "other_details": "", "document": null, "signature": null, "parent_first_name": "Midh", "parent_last_name": null, "parent_contact_number": null, "parent_whatsapp_number": null, "parent_mail_id": null, "fee_type": "installment", "is_discount": null, "discount_percentage": null, "creator": 1, "user": 4, "branch": 3, "academic_year": 1, "course": 1, "batch": 1, "history_date": "2025-04-03T04:56:11.566Z", "history_change_reason": null, "history_type": "~", "history_user": 1}}, {"model": "admission.historicaladmission", "pk": 10, "fields": {"id": 5, "created": "2025-04-03T06:21:17.347Z", "updated": "2025-04-03T06:21:17.347Z", "is_active": true, "first_name": "Shabeeb", "last_name": null, "joining_date": null, "date_of_birth": "2000-04-28", "gender": null, "blood_group": null, "religion": null, "qualifications": "", "home_address": null, "city": null, "district": null, "state": null, "pin_code": null, "personal_email": "shabeeb@gmail.com", "contact_number": "90371287876", "whatsapp_number": null, "admission_number": "0003", "admission_date": "2025-04-03", "photo": "", "other_details": null, "document": null, "signature": null, "parent_first_name": null, "parent_last_name": null, "parent_contact_number": null, "parent_whatsapp_number": null, "parent_mail_id": null, "fee_type": null, "is_discount": null, "discount_percentage": null, "creator": 1, "user": null, "branch": 2, "academic_year": 1, "course": null, "batch": null, "history_date": "2025-04-03T06:21:17.351Z", "history_change_reason": null, "history_type": "+", "history_user": 1}}, {"model": "admission.historicaladmission", "pk": 11, "fields": {"id": 5, "created": "2025-04-03T06:21:17.347Z", "updated": "2025-04-03T06:21:25.143Z", "is_active": true, "first_name": "Shabeeb", "last_name": null, "joining_date": null, "date_of_birth": "2000-04-28", "gender": null, "blood_group": null, "religion": null, "qualifications": "", "home_address": null, "city": null, "district": null, "state": null, "pin_code": null, "personal_email": "shabeeb@gmail.com", "contact_number": "90371287876", "whatsapp_number": null, "admission_number": "0003", "admission_date": "2025-04-03", "photo": "", "other_details": null, "document": null, "signature": null, "parent_first_name": "shabeeb", "parent_last_name": null, "parent_contact_number": null, "parent_whatsapp_number": null, "parent_mail_id": null, "fee_type": null, "is_discount": null, "discount_percentage": null, "creator": 1, "user": null, "branch": 2, "academic_year": 1, "course": null, "batch": null, "history_date": "2025-04-03T06:21:25.146Z", "history_change_reason": null, "history_type": "~", "history_user": 1}}, {"model": "admission.historicaladmission", "pk": 12, "fields": {"id": 5, "created": "2025-04-03T06:21:17.347Z", "updated": "2025-04-03T06:21:27.496Z", "is_active": true, "first_name": "Shabeeb", "last_name": null, "joining_date": null, "date_of_birth": "2000-04-28", "gender": null, "blood_group": null, "religion": null, "qualifications": "", "home_address": "", "city": null, "district": null, "state": null, "pin_code": null, "personal_email": "shabeeb@gmail.com", "contact_number": "90371287876", "whatsapp_number": null, "admission_number": "0003", "admission_date": "2025-04-03", "photo": "", "other_details": null, "document": null, "signature": null, "parent_first_name": "shabeeb", "parent_last_name": null, "parent_contact_number": null, "parent_whatsapp_number": null, "parent_mail_id": null, "fee_type": null, "is_discount": null, "discount_percentage": null, "creator": 1, "user": null, "branch": 2, "academic_year": 1, "course": null, "batch": null, "history_date": "2025-04-03T06:21:27.499Z", "history_change_reason": null, "history_type": "~", "history_user": 1}}, {"model": "admission.historicaladmission", "pk": 13, "fields": {"id": 5, "created": "2025-04-03T06:21:17.347Z", "updated": "2025-04-03T06:21:36.611Z", "is_active": true, "first_name": "Shabeeb", "last_name": null, "joining_date": "2025-04-17", "date_of_birth": "2000-04-28", "gender": null, "blood_group": null, "religion": null, "qualifications": "", "home_address": "", "city": null, "district": null, "state": null, "pin_code": null, "personal_email": "shabeeb@gmail.com", "contact_number": "90371287876", "whatsapp_number": null, "admission_number": "0003", "admission_date": "2025-04-03", "photo": "", "other_details": "", "document": null, "signature": null, "parent_first_name": "shabeeb", "parent_last_name": null, "parent_contact_number": null, "parent_whatsapp_number": null, "parent_mail_id": null, "fee_type": null, "is_discount": null, "discount_percentage": null, "creator": 1, "user": null, "branch": 2, "academic_year": 1, "course": 1, "batch": 1, "history_date": "2025-04-03T06:21:36.614Z", "history_change_reason": null, "history_type": "~", "history_user": 1}}, {"model": "admission.historicaladmission", "pk": 14, "fields": {"id": 5, "created": "2025-04-03T06:21:17.347Z", "updated": "2025-04-03T06:21:40.685Z", "is_active": true, "first_name": "Shabeeb", "last_name": null, "joining_date": "2025-04-17", "date_of_birth": "2000-04-28", "gender": null, "blood_group": null, "religion": null, "qualifications": "", "home_address": "", "city": null, "district": null, "state": null, "pin_code": null, "personal_email": "shabeeb@gmail.com", "contact_number": "90371287876", "whatsapp_number": null, "admission_number": "0003", "admission_date": "2025-04-03", "photo": "", "other_details": "", "document": null, "signature": null, "parent_first_name": "shabeeb", "parent_last_name": null, "parent_contact_number": null, "parent_whatsapp_number": null, "parent_mail_id": null, "fee_type": "installment", "is_discount": null, "discount_percentage": null, "creator": 1, "user": null, "branch": 2, "academic_year": 1, "course": 1, "batch": 1, "history_date": "2025-04-03T06:21:40.687Z", "history_change_reason": null, "history_type": "~", "history_user": 1}}, {"model": "admission.historicaladmission", "pk": 15, "fields": {"id": 5, "created": "2025-04-03T06:21:17.347Z", "updated": "2025-04-03T06:21:53.277Z", "is_active": true, "first_name": "Shabeeb", "last_name": null, "joining_date": "2025-04-17", "date_of_birth": "2000-04-28", "gender": null, "blood_group": null, "religion": null, "qualifications": "", "home_address": "", "city": null, "district": null, "state": null, "pin_code": null, "personal_email": "shabeeb@gmail.com", "contact_number": "90371287876", "whatsapp_number": null, "admission_number": "0003", "admission_date": "2025-04-03", "photo": "", "other_details": "", "document": null, "signature": null, "parent_first_name": "shabeeb", "parent_last_name": null, "parent_contact_number": null, "parent_whatsapp_number": null, "parent_mail_id": null, "fee_type": "installment", "is_discount": null, "discount_percentage": null, "creator": 1, "user": 12, "branch": 2, "academic_year": 1, "course": 1, "batch": 1, "history_date": "2025-04-03T06:21:53.280Z", "history_change_reason": null, "history_type": "~", "history_user": 1}}, {"model": "admission.historicaladmission", "pk": 16, "fields": {"id": 4, "created": "2025-04-03T04:37:28.463Z", "updated": "2025-04-03T06:29:54.858Z", "is_active": true, "first_name": "Midhlaj", "last_name": "Rahman", "joining_date": "2025-04-10", "date_of_birth": "2000-04-24", "gender": "MALE", "blood_group": "o-positive", "religion": "Muslim", "qualifications": "+2 Pass Out", "home_address": "", "city": null, "district": null, "state": null, "pin_code": null, "personal_email": "midhlajrahman@gmail.com", "contact_number": "+919037123177", "whatsapp_number": null, "admission_number": "0002", "admission_date": "2025-04-03", "photo": "", "other_details": "", "document": null, "signature": null, "parent_first_name": "Midh", "parent_last_name": null, "parent_contact_number": null, "parent_whatsapp_number": null, "parent_mail_id": null, "fee_type": "installment", "is_discount": null, "discount_percentage": null, "creator": 1, "user": 4, "branch": 1, "academic_year": 1, "course": 1, "batch": 1, "history_date": "2025-04-03T06:29:54.860Z", "history_change_reason": null, "history_type": "~", "history_user": 1}}, {"model": "admission.historicaladmission", "pk": 17, "fields": {"id": 3, "created": "2025-04-03T04:36:03.466Z", "updated": "2025-04-03T04:36:17.909Z", "is_active": false, "first_name": "Midhlaj", "last_name": null, "joining_date": null, "date_of_birth": "2025-04-29", "gender": null, "blood_group": null, "religion": null, "qualifications": "", "home_address": null, "city": null, "district": null, "state": null, "pin_code": null, "personal_email": "midhlajr@gmail.com", "contact_number": "42421323", "whatsapp_number": null, "admission_number": "0001", "admission_date": "2025-04-03", "photo": "", "other_details": null, "document": null, "signature": null, "parent_first_name": null, "parent_last_name": null, "parent_contact_number": null, "parent_whatsapp_number": null, "parent_mail_id": null, "fee_type": null, "is_discount": null, "discount_percentage": null, "creator": 1, "user": null, "branch": 3, "academic_year": 1, "course": null, "batch": null, "history_date": "2025-04-03T06:30:00.492Z", "history_change_reason": null, "history_type": "-", "history_user": 1}}, {"model": "admission.historicaladmission", "pk": 18, "fields": {"id": 6, "created": "2025-04-04T06:04:01.815Z", "updated": "2025-04-04T06:04:01.815Z", "is_active": true, "first_name": "irfan", "last_name": "Habeeb", "joining_date": "2025-04-13", "date_of_birth": "2025-04-24", "gender": "MALE", "blood_group": "b-negative", "religion": "Muslim", "qualifications": null, "home_address": "aa", "city": null, "district": null, "state": null, "pin_code": null, "personal_email": "habeeb@gmail.com", "contact_number": "96898515943", "whatsapp_number": "96898515943", "admission_number": "0004", "admission_date": "2025-04-04", "photo": "admission/documents/2e99de0f-2fd3-49c5-b76b-7a4f6a334bb9.jpg", "other_details": null, "document": null, "signature": null, "parent_first_name": "Midhlaj", "parent_last_name": "rahman", "parent_contact_number": "+9190376644", "parent_whatsapp_number": "+9190376644", "parent_mail_id": "midhlaj@gmail.com", "fee_type": null, "is_discount": null, "discount_percentage": null, "creator": 1, "user": null, "branch": 2, "academic_year": null, "course": null, "batch": null, "history_date": "2025-04-04T06:04:01.823Z", "history_change_reason": null, "history_type": "+", "history_user": 1}}, {"model": "admission.historicaladmission", "pk": 19, "fields": {"id": 7, "created": "2025-04-04T06:14:47.461Z", "updated": "2025-04-04T06:14:47.461Z", "is_active": true, "first_name": "safa", "last_name": "sir", "joining_date": "2025-04-17", "date_of_birth": "2025-04-23", "gender": "FEMALE", "blood_group": "o-positive", "religion": "Muslim", "qualifications": null, "home_address": "aaa", "city": null, "district": null, "state": null, "pin_code": null, "personal_email": "safa@gmail.com", "contact_number": "+96898515943", "whatsapp_number": "96898515943", "admission_number": "0005", "admission_date": "2025-04-04", "photo": "", "other_details": null, "document": null, "signature": null, "parent_first_name": "Midh", "parent_last_name": "rahman", "parent_contact_number": "+9190376644", "parent_whatsapp_number": "+9190376644", "parent_mail_id": "midhlaj@gmail.com", "fee_type": null, "is_discount": null, "discount_percentage": null, "creator": null, "user": 14, "branch": 1, "academic_year": null, "course": null, "batch": null, "history_date": "2025-04-04T06:14:47.466Z", "history_change_reason": null, "history_type": "+", "history_user": 1}}, {"model": "admission.historicaladmission", "pk": 20, "fields": {"id": 8, "created": "2025-04-04T06:59:29.712Z", "updated": "2025-04-04T06:59:29.712Z", "is_active": true, "first_name": "saja", "last_name": "sir", "joining_date": "2025-04-18", "date_of_birth": "2025-04-23", "gender": "MALE", "blood_group": "b-negative", "religion": "Muslim", "qualifications": "+2 Graduate", "home_address": "aa", "city": null, "district": null, "state": null, "pin_code": null, "personal_email": "saja@gmail.com", "contact_number": "09562888666", "whatsapp_number": "96898515943", "admission_number": "0006", "admission_date": "2025-04-04", "photo": "admission/documents/716959d9-2345-4128-8242-e27a21365131.jpg", "other_details": null, "document": "admission/documents/dummy.pdf", "signature": "admission/signature/PngItem_4700386.png", "parent_first_name": "Midh", "parent_last_name": "rahman", "parent_contact_number": "+9190376644", "parent_whatsapp_number": "+9190376644", "parent_mail_id": "midhlaj@gmail.com", "fee_type": null, "is_discount": null, "discount_percentage": null, "creator": null, "user": 15, "branch": 1, "academic_year": null, "course": 1, "batch": null, "history_date": "2025-04-04T06:59:29.720Z", "history_change_reason": null, "history_type": "+", "history_user": 1}}, {"model": "admission.historicaladmission", "pk": 21, "fields": {"id": 8, "created": "2025-04-04T06:59:29.712Z", "updated": "2025-04-04T07:00:47.723Z", "is_active": true, "first_name": "saja", "last_name": "sir", "joining_date": "2025-04-18", "date_of_birth": "2025-04-23", "gender": "MALE", "blood_group": "b-negative", "religion": "Muslim", "qualifications": "+2 Graduate", "home_address": "aa", "city": null, "district": null, "state": null, "pin_code": null, "personal_email": "saja@gmail.com", "contact_number": "09562888666", "whatsapp_number": "96898515943", "admission_number": "0006", "admission_date": "2025-04-04", "photo": "admission/documents/716959d9-2345-4128-8242-e27a21365131.jpg", "other_details": "", "document": "admission/documents/dummy.pdf", "signature": "admission/signature/PngItem_4700386.png", "parent_first_name": "Midh", "parent_last_name": "rahman", "parent_contact_number": "+9190376644", "parent_whatsapp_number": "+9190376644", "parent_mail_id": "midhlaj@gmail.com", "fee_type": null, "is_discount": null, "discount_percentage": null, "creator": null, "user": 15, "branch": 1, "academic_year": 1, "course": 1, "batch": null, "history_date": "2025-04-04T07:00:47.725Z", "history_change_reason": null, "history_type": "~", "history_user": 1}}, {"model": "admission.historicaladmission", "pk": 22, "fields": {"id": 9, "created": "2025-04-04T08:46:44.679Z", "updated": "2025-04-04T08:46:44.679Z", "is_active": true, "first_name": "Nishad", "last_name": "Habeeb", "joining_date": "2025-04-23", "date_of_birth": "2025-04-24", "gender": "MALE", "blood_group": "ab-positive", "religion": "Muslim", "qualifications": "+2 Graduate", "home_address": "aaa", "city": null, "district": null, "state": null, "pin_code": null, "personal_email": "nishadh@gmail.com", "contact_number": "96898515943", "whatsapp_number": "96898515943", "admission_number": "0007", "admission_date": "2025-04-04", "photo": "", "other_details": null, "document": "admission/documents/dummy_5SwXxxA.pdf", "signature": "admission/signature/PngItem_4700386_OOaia8C.png", "parent_first_name": "Midh", "parent_last_name": "rahman", "parent_contact_number": "+9190376644", "parent_whatsapp_number": "+9190376644", "parent_mail_id": "midhlaj@gmail.com", "fee_type": null, "is_discount": null, "discount_percentage": null, "creator": null, "user": 16, "branch": 2, "academic_year": null, "course": 1, "batch": null, "history_date": "2025-04-04T08:46:44.685Z", "history_change_reason": null, "history_type": "+", "history_user": 1}}, {"model": "admission.historicaladmission", "pk": 23, "fields": {"id": 10, "created": "2025-04-04T08:47:40.862Z", "updated": "2025-04-04T08:47:40.862Z", "is_active": true, "first_name": "Nishad", "last_name": "Habeeb", "joining_date": "2025-04-23", "date_of_birth": "2025-04-24", "gender": "MALE", "blood_group": "ab-positive", "religion": "Muslim", "qualifications": "+2 Graduate", "home_address": "aaa", "city": null, "district": null, "state": null, "pin_code": null, "personal_email": "nishadh1@gmail.com", "contact_number": "96898515943", "whatsapp_number": "96898515943", "admission_number": "0008", "admission_date": "2025-04-04", "photo": "admission/documents/d8523120-3e4b-4e96-bf7a-1aa264af14db.jpg", "other_details": null, "document": "", "signature": "admission/signature/PngItem_4700386_bakPDkg.png", "parent_first_name": "Midh", "parent_last_name": "rahman", "parent_contact_number": "+9190376644", "parent_whatsapp_number": "+9190376644", "parent_mail_id": "midhlaj@gmail.com", "fee_type": null, "is_discount": null, "discount_percentage": null, "creator": null, "user": 17, "branch": 2, "academic_year": null, "course": 1, "batch": null, "history_date": "2025-04-04T08:47:40.869Z", "history_change_reason": null, "history_type": "+", "history_user": 1}}, {"model": "admission.historicaladmission", "pk": 24, "fields": {"id": 11, "created": "2025-04-04T08:49:51.670Z", "updated": "2025-04-04T08:49:51.670Z", "is_active": true, "first_name": "Nishad", "last_name": "Habeeb", "joining_date": "2025-04-23", "date_of_birth": "2025-04-24", "gender": "MALE", "blood_group": "ab-positive", "religion": "Muslim", "qualifications": "+2 Graduate", "home_address": "aaa", "city": null, "district": null, "state": null, "pin_code": null, "personal_email": "nishadh2@gmail.com", "contact_number": "96898515943", "whatsapp_number": "96898515943", "admission_number": "0009", "admission_date": "2025-04-04", "photo": "", "other_details": null, "document": "", "signature": "admission/signature/PngItem_4700386_tmChi4N.png", "parent_first_name": "Midh", "parent_last_name": "rahman", "parent_contact_number": "+9190376644", "parent_whatsapp_number": "+9190376644", "parent_mail_id": "midhlaj@gmail.com", "fee_type": null, "is_discount": null, "discount_percentage": null, "creator": null, "user": 18, "branch": 2, "academic_year": null, "course": 1, "batch": null, "history_date": "2025-04-04T08:49:51.675Z", "history_change_reason": null, "history_type": "+", "history_user": 1}}, {"model": "admission.historicaladmission", "pk": 25, "fields": {"id": 12, "created": "2025-04-04T09:06:31.364Z", "updated": "2025-04-04T09:06:31.364Z", "is_active": true, "first_name": "mushraf", "last_name": "Sha", "joining_date": "2025-04-17", "date_of_birth": "2025-04-08", "gender": "MALE", "blood_group": "a-positive", "religion": "Muslim", "qualifications": "+2 Graduate", "home_address": "aa", "city": null, "district": null, "state": null, "pin_code": null, "personal_email": "mushraf@gmail.com", "contact_number": "96898515943", "whatsapp_number": "96898515943", "admission_number": "0010", "admission_date": "2025-04-04", "photo": "", "other_details": null, "document": "admission/documents/dummy_KtNGxzw.pdf", "signature": "admission/signature/PngItem_4700386_kYAK660.png", "parent_first_name": "Midh", "parent_last_name": "rahman", "parent_contact_number": "+9190376644", "parent_whatsapp_number": "+9190376644", "parent_mail_id": "midhlaj@gmail.com", "fee_type": null, "is_discount": null, "discount_percentage": null, "creator": null, "user": 19, "branch": 2, "academic_year": null, "course": 1, "batch": null, "history_date": "2025-04-04T09:06:31.372Z", "history_change_reason": null, "history_type": "+", "history_user": 1}}, {"model": "admission.historicaladmission", "pk": 26, "fields": {"id": 13, "created": "2025-04-04T09:12:50.485Z", "updated": "2025-04-04T09:12:50.485Z", "is_active": true, "first_name": "musthafa", "last_name": "Habeeb", "joining_date": "2025-04-16", "date_of_birth": "2025-04-10", "gender": "FEMALE", "blood_group": "b-negative", "religion": "Muslim", "qualifications": "+2 Graduate", "home_address": "aaa", "city": null, "district": null, "state": null, "pin_code": null, "personal_email": "muthafa@gmail.com", "contact_number": "96898515943", "whatsapp_number": "96898515943", "admission_number": "0011", "admission_date": "2025-04-04", "photo": "", "other_details": null, "document": "admission/documents/dummy_imc2hSH.pdf", "signature": "admission/signature/PngItem_4700386_TErWP98.png", "parent_first_name": "Midh", "parent_last_name": "rahman", "parent_contact_number": "+9190376644", "parent_whatsapp_number": "+9190376644", "parent_mail_id": "midhlaj@gmail.com", "fee_type": null, "is_discount": null, "discount_percentage": null, "creator": null, "user": 20, "branch": 2, "academic_year": null, "course": 1, "batch": null, "history_date": "2025-04-04T09:12:50.490Z", "history_change_reason": null, "history_type": "+", "history_user": 1}}, {"model": "admission.historicaladmission", "pk": 27, "fields": {"id": 14, "created": "2025-04-04T09:16:37.377Z", "updated": "2025-04-04T09:16:37.377Z", "is_active": true, "first_name": "sajil", "last_name": "Habeeb", "joining_date": "2025-04-09", "date_of_birth": "2025-04-14", "gender": "FEMALE", "blood_group": "ab-positive", "religion": "Christian", "qualifications": "+2 Graduate", "home_address": "aa", "city": null, "district": null, "state": null, "pin_code": null, "personal_email": "sajil@gmail.com", "contact_number": "96898515943", "whatsapp_number": "96898515943", "admission_number": "0012", "admission_date": "2025-04-04", "photo": "", "other_details": null, "document": "admission/documents/dummy_AORLmjV.pdf", "signature": "admission/signature/PngItem_4700386_Fa6ilFr.png", "parent_first_name": "Midh", "parent_last_name": "rahman", "parent_contact_number": "+9190376644", "parent_whatsapp_number": "+9190376644", "parent_mail_id": "midhlaj@gmail.com", "fee_type": null, "is_discount": null, "discount_percentage": null, "creator": null, "user": 21, "branch": 1, "academic_year": null, "course": 1, "batch": null, "history_date": "2025-04-04T09:16:37.388Z", "history_change_reason": null, "history_type": "+", "history_user": 1}}, {"model": "admission.historicaladmission", "pk": 28, "fields": {"id": 15, "created": "2025-04-04T10:56:07.118Z", "updated": "2025-04-04T10:56:07.118Z", "is_active": true, "first_name": "raheem", "last_name": "Habeeb", "joining_date": "2025-04-24", "date_of_birth": "2025-04-09", "gender": "FEMALE", "blood_group": "o-positive", "religion": "Hindu", "qualifications": "+2 Graduate", "home_address": "123 MG Road, Bengaluru, Karnataka 560001, India", "city": "Kondotty", "district": "Malappuram", "state": "Kerala", "pin_code": "673638", "personal_email": "raheem@gmail.com", "contact_number": "96898515943", "whatsapp_number": "96898515943", "admission_number": "0013", "admission_date": "2025-04-04", "photo": "", "other_details": null, "document": "admission/documents/dummy_YIswx8B.pdf", "signature": "admission/signature/PngItem_4700386_z4xw2Mp.png", "parent_first_name": "Midh", "parent_last_name": "rahman", "parent_contact_number": "+9190376644", "parent_whatsapp_number": "+9190376644", "parent_mail_id": "midhlaj@gmail.com", "fee_type": null, "is_discount": null, "discount_percentage": null, "creator": null, "user": 22, "branch": 2, "academic_year": null, "course": 1, "batch": null, "history_date": "2025-04-04T10:56:07.126Z", "history_change_reason": null, "history_type": "+", "history_user": 1}}, {"model": "admission.historicaladmission", "pk": 29, "fields": {"id": 15, "created": "2025-04-04T10:56:07.118Z", "updated": "2025-04-04T11:16:55.343Z", "is_active": true, "first_name": "raheem", "last_name": "Habeeb", "joining_date": "2025-04-24", "date_of_birth": "2025-04-09", "gender": "FEMALE", "blood_group": "o-positive", "religion": "Hindu", "qualifications": "+2 Graduate", "home_address": "123 MG Road, Bengaluru, Karnataka 560001, India", "city": "Kondotty", "district": "Malappuram", "state": "Kerala", "pin_code": "673638", "personal_email": "raheem@gmail.com", "contact_number": "96898515943", "whatsapp_number": "96898515943", "admission_number": "0013", "admission_date": "2025-04-04", "photo": "", "other_details": "", "document": "admission/documents/dummy_YIswx8B.pdf", "signature": "admission/signature/PngItem_4700386_z4xw2Mp.png", "parent_first_name": "Midh", "parent_last_name": "rahman", "parent_contact_number": "+9190376644", "parent_whatsapp_number": "+9190376644", "parent_mail_id": "midhlaj@gmail.com", "fee_type": null, "is_discount": null, "discount_percentage": null, "creator": null, "user": 22, "branch": 2, "academic_year": 1, "course": 1, "batch": null, "history_date": "2025-04-04T11:16:55.345Z", "history_change_reason": null, "history_type": "~", "history_user": 1}}, {"model": "admission.historicaladmission", "pk": 30, "fields": {"id": 15, "created": "2025-04-04T10:56:07.118Z", "updated": "2025-04-04T11:17:36.345Z", "is_active": true, "first_name": "raheem", "last_name": "Habeeb", "joining_date": "2025-04-24", "date_of_birth": "2025-04-09", "gender": "FEMALE", "blood_group": "o-positive", "religion": "Hindu", "qualifications": "+2 Graduate", "home_address": "123 MG Road, Bengaluru, Karnataka 560001, India", "city": "Kondotty", "district": "Malappuram", "state": "Kerala", "pin_code": "673638", "personal_email": "raheem@gmail.com", "contact_number": "96898515943", "whatsapp_number": "96898515943", "admission_number": "0013", "admission_date": "2025-04-04", "photo": "admission/documents/468944360_967137345435002_6649101424529725336_n.jpg", "other_details": "", "document": "admission/documents/dummy_YIswx8B.pdf", "signature": "admission/signature/PngItem_4700386_z4xw2Mp.png", "parent_first_name": "Midh", "parent_last_name": "rahman", "parent_contact_number": "+9190376644", "parent_whatsapp_number": "+9190376644", "parent_mail_id": "midhlaj@gmail.com", "fee_type": null, "is_discount": null, "discount_percentage": null, "creator": null, "user": 22, "branch": 2, "academic_year": 1, "course": 1, "batch": null, "history_date": "2025-04-04T11:17:36.348Z", "history_change_reason": null, "history_type": "~", "history_user": 1}}, {"model": "admission.historicaladmission", "pk": 31, "fields": {"id": 15, "created": "2025-04-04T10:56:07.118Z", "updated": "2025-04-04T11:20:57.838Z", "is_active": true, "first_name": "Irfan", "last_name": "Habeeb", "joining_date": "2025-04-24", "date_of_birth": "2025-04-09", "gender": "FEMALE", "blood_group": "o-positive", "religion": "Hindu", "qualifications": "+2 Graduate", "home_address": "123 MG Road, Bengaluru, Karnataka 560001, India", "city": "Kondotty", "district": "Malappuram", "state": "Kerala", "pin_code": "673638", "personal_email": "raheem@gmail.com", "contact_number": "96898515943", "whatsapp_number": "96898515943", "admission_number": "0013", "admission_date": "2025-04-04", "photo": "admission/documents/468944360_967137345435002_6649101424529725336_n.jpg", "other_details": "", "document": "admission/documents/dummy_YIswx8B.pdf", "signature": "admission/signature/PngItem_4700386_z4xw2Mp.png", "parent_first_name": "Midh", "parent_last_name": "rahman", "parent_contact_number": "+9190376644", "parent_whatsapp_number": "+9190376644", "parent_mail_id": "midhlaj@gmail.com", "fee_type": null, "is_discount": null, "discount_percentage": null, "creator": null, "user": 22, "branch": 2, "academic_year": 1, "course": 1, "batch": null, "history_date": "2025-04-04T11:20:57.839Z", "history_change_reason": null, "history_type": "~", "history_user": 1}}, {"model": "admission.historicaladmission", "pk": 32, "fields": {"id": 16, "created": "2025-04-05T04:33:39.153Z", "updated": "2025-04-05T04:33:39.153Z", "is_active": true, "first_name": "Vaseem", "last_name": "Habeeb", "joining_date": "2025-04-18", "date_of_birth": "2025-04-23", "gender": "FEMALE", "blood_group": "a-negative", "religion": "Christian", "qualifications": "+2 Graduate", "home_address": "123, MG Road, Indiranagar, Bengaluru, Karnataka 560038, India", "city": "Kondotty", "district": "Malappuram", "state": "Kerala", "pin_code": "673638", "personal_email": "vaseem@gmail.com", "contact_number": "96898515943", "whatsapp_number": "96898515943", "admission_number": "0014", "admission_date": "2025-04-05", "photo": "", "other_details": null, "document": "", "signature": "admission/signature/PngItem_4700386_ZdNiWse.png", "parent_first_name": "Midh", "parent_last_name": "rahman", "parent_contact_number": "+9190376644", "parent_whatsapp_number": "+9190376644", "parent_mail_id": "midhlaj@gmail.com", "fee_type": null, "is_discount": null, "discount_percentage": null, "creator": null, "user": 23, "branch": 2, "academic_year": 1, "course": 1, "batch": null, "history_date": "2025-04-05T04:33:39.161Z", "history_change_reason": null, "history_type": "+", "history_user": null}}, {"model": "admission.historicaladmission", "pk": 33, "fields": {"id": 16, "created": "2025-04-05T04:33:39.153Z", "updated": "2025-04-05T04:50:24.616Z", "is_active": true, "first_name": "Vaseem", "last_name": "Habeeb", "joining_date": "2025-04-18", "date_of_birth": "2025-04-23", "gender": "FEMALE", "blood_group": "a-negative", "religion": "Christian", "qualifications": "+2 Graduate", "home_address": "Flat No. 502, Block C, Greenview Residency Apartments, 3rd Cross, 6th Main Road, Near HSR BDA Complex, HSR Layout Sector 7, Bengaluru, Karnataka 560102, India", "city": "Kondotty", "district": "Malappuram", "state": "Kerala", "pin_code": "673638", "personal_email": "vaseem@gmail.com", "contact_number": "96898515943", "whatsapp_number": "96898515943", "admission_number": "0014", "admission_date": "2025-04-05", "photo": "", "other_details": "", "document": "", "signature": "admission/signature/PngItem_4700386_ZdNiWse.png", "parent_first_name": "Midh", "parent_last_name": "rahman", "parent_contact_number": "+9190376644", "parent_whatsapp_number": "+9190376644", "parent_mail_id": "midhlaj@gmail.com", "fee_type": null, "is_discount": null, "discount_percentage": null, "creator": null, "user": 23, "branch": 2, "academic_year": 1, "course": 1, "batch": null, "history_date": "2025-04-05T04:50:24.620Z", "history_change_reason": null, "history_type": "~", "history_user": 1}}, {"model": "admission.historicaladmission", "pk": 34, "fields": {"id": 16, "created": "2025-04-05T04:33:39.153Z", "updated": "2025-04-05T04:54:46.221Z", "is_active": true, "first_name": "Vaseem", "last_name": "Habeeb", "joining_date": "2025-04-18", "date_of_birth": "2025-04-23", "gender": "FEMALE", "blood_group": "a-negative", "religion": "Christian", "qualifications": "+2 Graduate", "home_address": "Greenview Residency Apartments, 3rd Cross, 6th Main Road, Near HSR BDA Complex, HSR Layout Sector 7, Bengaluru, Karnataka 560102, India", "city": "Kondotty", "district": "Malappuram", "state": "Kerala", "pin_code": "673638", "personal_email": "vaseem@gmail.com", "contact_number": "96898515943", "whatsapp_number": "96898515943", "admission_number": "0014", "admission_date": "2025-04-05", "photo": "", "other_details": "", "document": "", "signature": "admission/signature/PngItem_4700386_ZdNiWse.png", "parent_first_name": "Midh", "parent_last_name": "rahman", "parent_contact_number": "+9190376644", "parent_whatsapp_number": "+9190376644", "parent_mail_id": "midhlaj@gmail.com", "fee_type": null, "is_discount": null, "discount_percentage": null, "creator": null, "user": 23, "branch": 2, "academic_year": 1, "course": 1, "batch": null, "history_date": "2025-04-05T04:54:46.227Z", "history_change_reason": null, "history_type": "~", "history_user": 1}}, {"model": "admission.historicaladmission", "pk": 35, "fields": {"id": 16, "created": "2025-04-05T04:33:39.153Z", "updated": "2025-04-05T06:05:40.023Z", "is_active": true, "first_name": "Vaseem", "last_name": "Habeeb", "joining_date": "2025-04-18", "date_of_birth": "2025-04-23", "gender": "FEMALE", "blood_group": "a-negative", "religion": "Christian", "qualifications": "+2 Graduate", "home_address": "Greenview Residency Apartments, 3rd Cross, 6th Main Road, Near HSR BDA Complex, HSR Layout Sector 7, Bengaluru, Karnataka 560102, India", "city": "Kondotty", "district": "Malappuram", "state": "Kerala", "pin_code": "673638", "personal_email": "vaseem@gmail.com", "contact_number": "96898515943", "whatsapp_number": "96898515943", "admission_number": "0014", "admission_date": "2025-04-05", "photo": "admission/documents/468944360_967137345435002_6649101424529725336_n_cqJ7f39.jpg", "other_details": "", "document": "", "signature": "admission/signature/PngItem_4700386_ZdNiWse.png", "parent_first_name": "Midh", "parent_last_name": "rahman", "parent_contact_number": "+9190376644", "parent_whatsapp_number": "+9190376644", "parent_mail_id": "midhlaj@gmail.com", "fee_type": null, "is_discount": null, "discount_percentage": null, "creator": null, "user": 23, "branch": 2, "academic_year": 1, "course": 1, "batch": null, "history_date": "2025-04-05T06:05:40.034Z", "history_change_reason": null, "history_type": "~", "history_user": 1}}, {"model": "admission.historicaladmission", "pk": 36, "fields": {"id": 17, "created": "2025-04-05T06:07:17.497Z", "updated": "2025-04-05T06:07:17.497Z", "is_active": true, "first_name": "nishal", "last_name": "salman", "joining_date": "2025-04-30", "date_of_birth": "2025-04-15", "gender": "FEMALE", "blood_group": "ab-positive", "religion": "Hindu", "qualifications": "+2 Graduate", "home_address": "Greenview Residency Apartments, 3rd Cross, 6th Main Road, Near HSR BDA Complex, HSR Layout Sector 7, Bengaluru, Karnataka 560102, India", "city": "Malappuram", "district": "test", "state": "Kerala", "pin_code": "673638", "personal_email": "nishal@gmail.com", "contact_number": "96898515943", "whatsapp_number": "96898515943", "admission_number": "0015", "admission_date": "2025-04-05", "photo": "admission/documents/63820f62-bb0c-46d1-8375-b908d36cd85a.jpg", "other_details": null, "document": "admission/documents/dummy_TwvfhHE.pdf", "signature": "admission/signature/PngItem_4700386_MePaeKP.png", "parent_first_name": "Midh", "parent_last_name": "rahman", "parent_contact_number": "+9190376644", "parent_whatsapp_number": "+9190376644", "parent_mail_id": "midhlaj@gmail.com", "fee_type": null, "is_discount": null, "discount_percentage": null, "creator": null, "user": 24, "branch": 2, "academic_year": 1, "course": 1, "batch": null, "history_date": "2025-04-05T06:07:17.504Z", "history_change_reason": null, "history_type": "+", "history_user": 1}}, {"model": "admission.historicaladmission", "pk": 37, "fields": {"id": 18, "created": "2025-04-05T07:11:59.473Z", "updated": "2025-04-05T07:11:59.473Z", "is_active": true, "first_name": "Shabeeb", "last_name": "Habeeb", "joining_date": "2025-04-08", "date_of_birth": "2025-04-15", "gender": "FEMALE", "blood_group": "b-negative", "religion": "Muslim", "qualifications": "+2 Graduate", "home_address": "Greenview Residency Apartments, 3rd Cross, 6th Main Road, Near HSR BDA Complex, HSR Layout Sector 7, Bengaluru, Karnataka 560102, India", "city": "Kondotty", "district": "Malappuram", "state": "Kerala", "pin_code": "673638", "personal_email": "shabeeb22@gmail.com", "contact_number": "96898515943", "whatsapp_number": "96898515943", "admission_number": "0016", "admission_date": "2025-04-05", "photo": "admission/documents/949e4a89-1937-479a-a7f4-a2d35738e56a.jpg", "other_details": null, "document": "admission/documents/dummy_Hn7NPDe.pdf", "signature": "admission/signature/PngItem_4700386_e4K4OoG.png", "parent_first_name": "Midh", "parent_last_name": "rahman", "parent_contact_number": "+9190376644", "parent_whatsapp_number": "+9190376644", "parent_mail_id": "midhlaj@gmail.com", "fee_type": null, "is_discount": null, "discount_percentage": null, "creator": null, "user": 25, "branch": 2, "academic_year": 1, "course": 1, "batch": null, "history_date": "2025-04-05T07:11:59.479Z", "history_change_reason": null, "history_type": "+", "history_user": 1}}, {"model": "admission.historicaladmission", "pk": 38, "fields": {"id": 19, "created": "2025-04-05T10:36:05.783Z", "updated": "2025-04-05T10:36:05.783Z", "is_active": true, "first_name": "rahman", "last_name": "Habeeb", "joining_date": "2025-04-06", "date_of_birth": "2025-04-23", "gender": "MALE", "blood_group": "b-positive", "religion": "Hindu", "qualifications": "+2 Graduate", "home_address": "Greenview Residency Apartments, 3rd Cross, 6th Main Road, Near HSR BDA Complex, HSR Layout Sector 7, Bengaluru, Karnataka 560102, India", "city": "Kondotty", "district": "Malappuram", "state": "Kerala", "pin_code": "673638", "personal_email": "rahmanhabeeb@gmail.com", "contact_number": "96898515943", "whatsapp_number": "96898515943", "admission_number": "0017", "admission_date": "2025-04-05", "photo": "", "other_details": null, "document": "admission/documents/dummy_5UNF0qk.pdf", "signature": "admission/signature/PngItem_4700386_gB60MYH.png", "parent_first_name": "Midh", "parent_last_name": "rahman", "parent_contact_number": "+9190376644", "parent_whatsapp_number": "+9190376644", "parent_mail_id": "midhlaj@gmail.com", "fee_type": null, "is_discount": null, "discount_percentage": null, "creator": null, "user": 26, "branch": 2, "academic_year": 1, "course": 1, "batch": null, "history_date": "2025-04-05T10:36:05.790Z", "history_change_reason": null, "history_type": "+", "history_user": 1}}, {"model": "admission.historicaladmission", "pk": 39, "fields": {"id": 19, "created": "2025-04-05T10:36:05.783Z", "updated": "2025-04-05T10:36:39.991Z", "is_active": true, "first_name": "Rahman", "last_name": "Habeeb", "joining_date": "2025-04-06", "date_of_birth": "2025-04-23", "gender": "MALE", "blood_group": "b-positive", "religion": "Hindu", "qualifications": "+2 Graduate", "home_address": "Greenview Residency Apartments, 3rd Cross, 6th Main Road, Near HSR BDA Complex, HSR Layout Sector 7, Bengaluru, Karnataka 560102, India", "city": "Kondotty", "district": "Malappuram", "state": "Kerala", "pin_code": "673638", "personal_email": "rahmanhabeeb@gmail.com", "contact_number": "96898515943", "whatsapp_number": "96898515943", "admission_number": "0017", "admission_date": "2025-04-05", "photo": "admission/documents/468944360_967137345435002_6649101424529725336_n_BZ0oXQf.jpg", "other_details": "", "document": "admission/documents/dummy_5UNF0qk.pdf", "signature": "admission/signature/PngItem_4700386_gB60MYH.png", "parent_first_name": "Midh", "parent_last_name": "rahman", "parent_contact_number": "+9190376644", "parent_whatsapp_number": "+9190376644", "parent_mail_id": "midhlaj@gmail.com", "fee_type": null, "is_discount": null, "discount_percentage": null, "creator": null, "user": 26, "branch": 2, "academic_year": 1, "course": 1, "batch": null, "history_date": "2025-04-05T10:36:39.993Z", "history_change_reason": null, "history_type": "~", "history_user": 1}}, {"model": "admission.historicaladmission", "pk": 40, "fields": {"id": 19, "created": "2025-04-05T10:36:05.783Z", "updated": "2025-04-05T11:08:06.472Z", "is_active": false, "first_name": "Rahman", "last_name": "Habeeb", "joining_date": "2025-04-06", "date_of_birth": "2025-04-23", "gender": "MALE", "blood_group": "b-positive", "religion": "Hindu", "qualifications": "+2 Graduate", "home_address": "Greenview Residency Apartments, 3rd Cross, 6th Main Road, Near HSR BDA Complex, HSR Layout Sector 7, Bengaluru, Karnataka 560102, India", "city": "Kondotty", "district": "Malappuram", "state": "Kerala", "pin_code": "673638", "personal_email": "rahmanhabeeb@gmail.com", "contact_number": "96898515943", "whatsapp_number": "96898515943", "admission_number": "0017", "admission_date": "2025-04-05", "photo": "admission/documents/468944360_967137345435002_6649101424529725336_n_BZ0oXQf.jpg", "other_details": "", "document": "admission/documents/dummy_5UNF0qk.pdf", "signature": "admission/signature/PngItem_4700386_gB60MYH.png", "parent_first_name": "Midh", "parent_last_name": "rahman", "parent_contact_number": "+9190376644", "parent_whatsapp_number": "+9190376644", "parent_mail_id": "midhlaj@gmail.com", "fee_type": null, "is_discount": null, "discount_percentage": null, "creator": null, "user": 26, "branch": 2, "academic_year": 1, "course": 1, "batch": null, "history_date": "2025-04-05T11:08:06.491Z", "history_change_reason": null, "history_type": "~", "history_user": 1}}, {"model": "admission.historicaladmission", "pk": 41, "fields": {"id": 18, "created": "2025-04-05T07:11:59.473Z", "updated": "2025-04-05T11:08:09.933Z", "is_active": false, "first_name": "Shabeeb", "last_name": "Habeeb", "joining_date": "2025-04-08", "date_of_birth": "2025-04-15", "gender": "FEMALE", "blood_group": "b-negative", "religion": "Muslim", "qualifications": "+2 Graduate", "home_address": "Greenview Residency Apartments, 3rd Cross, 6th Main Road, Near HSR BDA Complex, HSR Layout Sector 7, Bengaluru, Karnataka 560102, India", "city": "Kondotty", "district": "Malappuram", "state": "Kerala", "pin_code": "673638", "personal_email": "shabeeb22@gmail.com", "contact_number": "96898515943", "whatsapp_number": "96898515943", "admission_number": "0016", "admission_date": "2025-04-05", "photo": "admission/documents/949e4a89-1937-479a-a7f4-a2d35738e56a.jpg", "other_details": null, "document": "admission/documents/dummy_Hn7NPDe.pdf", "signature": "admission/signature/PngItem_4700386_e4K4OoG.png", "parent_first_name": "Midh", "parent_last_name": "rahman", "parent_contact_number": "+9190376644", "parent_whatsapp_number": "+9190376644", "parent_mail_id": "midhlaj@gmail.com", "fee_type": null, "is_discount": null, "discount_percentage": null, "creator": null, "user": 25, "branch": 2, "academic_year": 1, "course": 1, "batch": null, "history_date": "2025-04-05T11:08:09.945Z", "history_change_reason": null, "history_type": "~", "history_user": 1}}, {"model": "admission.historicaladmission", "pk": 42, "fields": {"id": 16, "created": "2025-04-05T04:33:39.153Z", "updated": "2025-04-05T11:08:11.999Z", "is_active": false, "first_name": "Vaseem", "last_name": "Habeeb", "joining_date": "2025-04-18", "date_of_birth": "2025-04-23", "gender": "FEMALE", "blood_group": "a-negative", "religion": "Christian", "qualifications": "+2 Graduate", "home_address": "Greenview Residency Apartments, 3rd Cross, 6th Main Road, Near HSR BDA Complex, HSR Layout Sector 7, Bengaluru, Karnataka 560102, India", "city": "Kondotty", "district": "Malappuram", "state": "Kerala", "pin_code": "673638", "personal_email": "vaseem@gmail.com", "contact_number": "96898515943", "whatsapp_number": "96898515943", "admission_number": "0014", "admission_date": "2025-04-05", "photo": "admission/documents/468944360_967137345435002_6649101424529725336_n_cqJ7f39.jpg", "other_details": "", "document": "", "signature": "admission/signature/PngItem_4700386_ZdNiWse.png", "parent_first_name": "Midh", "parent_last_name": "rahman", "parent_contact_number": "+9190376644", "parent_whatsapp_number": "+9190376644", "parent_mail_id": "midhlaj@gmail.com", "fee_type": null, "is_discount": null, "discount_percentage": null, "creator": null, "user": 23, "branch": 2, "academic_year": 1, "course": 1, "batch": null, "history_date": "2025-04-05T11:08:12.015Z", "history_change_reason": null, "history_type": "~", "history_user": 1}}, {"model": "admission.historicaladmission", "pk": 43, "fields": {"id": 17, "created": "2025-04-05T06:07:17.497Z", "updated": "2025-04-05T11:10:37.363Z", "is_active": false, "first_name": "nishal", "last_name": "salman", "joining_date": "2025-04-30", "date_of_birth": "2025-04-15", "gender": "FEMALE", "blood_group": "ab-positive", "religion": "Hindu", "qualifications": "+2 Graduate", "home_address": "Greenview Residency Apartments, 3rd Cross, 6th Main Road, Near HSR BDA Complex, HSR Layout Sector 7, Bengaluru, Karnataka 560102, India", "city": "Malappuram", "district": "test", "state": "Kerala", "pin_code": "673638", "personal_email": "nishal@gmail.com", "contact_number": "96898515943", "whatsapp_number": "96898515943", "admission_number": "0015", "admission_date": "2025-04-05", "photo": "admission/documents/63820f62-bb0c-46d1-8375-b908d36cd85a.jpg", "other_details": null, "document": "admission/documents/dummy_TwvfhHE.pdf", "signature": "admission/signature/PngItem_4700386_MePaeKP.png", "parent_first_name": "Midh", "parent_last_name": "rahman", "parent_contact_number": "+9190376644", "parent_whatsapp_number": "+9190376644", "parent_mail_id": "midhlaj@gmail.com", "fee_type": null, "is_discount": null, "discount_percentage": null, "creator": null, "user": 24, "branch": 2, "academic_year": 1, "course": 1, "batch": null, "history_date": "2025-04-05T11:10:37.378Z", "history_change_reason": null, "history_type": "~", "history_user": 1}}, {"model": "admission.historicaladmission", "pk": 44, "fields": {"id": 15, "created": "2025-04-04T10:56:07.118Z", "updated": "2025-04-05T11:10:40.511Z", "is_active": false, "first_name": "Irfan", "last_name": "Habeeb", "joining_date": "2025-04-24", "date_of_birth": "2025-04-09", "gender": "FEMALE", "blood_group": "o-positive", "religion": "Hindu", "qualifications": "+2 Graduate", "home_address": "123 MG Road, Bengaluru, Karnataka 560001, India", "city": "Kondotty", "district": "Malappuram", "state": "Kerala", "pin_code": "673638", "personal_email": "raheem@gmail.com", "contact_number": "96898515943", "whatsapp_number": "96898515943", "admission_number": "0013", "admission_date": "2025-04-04", "photo": "admission/documents/468944360_967137345435002_6649101424529725336_n.jpg", "other_details": "", "document": "admission/documents/dummy_YIswx8B.pdf", "signature": "admission/signature/PngItem_4700386_z4xw2Mp.png", "parent_first_name": "Midh", "parent_last_name": "rahman", "parent_contact_number": "+9190376644", "parent_whatsapp_number": "+9190376644", "parent_mail_id": "midhlaj@gmail.com", "fee_type": null, "is_discount": null, "discount_percentage": null, "creator": null, "user": 22, "branch": 2, "academic_year": 1, "course": 1, "batch": null, "history_date": "2025-04-05T11:10:40.520Z", "history_change_reason": null, "history_type": "~", "history_user": 1}}, {"model": "admission.historicaladmission", "pk": 45, "fields": {"id": 9, "created": "2025-04-04T08:46:44.679Z", "updated": "2025-04-05T11:10:48.027Z", "is_active": false, "first_name": "Nishad", "last_name": "Habeeb", "joining_date": "2025-04-23", "date_of_birth": "2025-04-24", "gender": "MALE", "blood_group": "ab-positive", "religion": "Muslim", "qualifications": "+2 Graduate", "home_address": "aaa", "city": null, "district": null, "state": null, "pin_code": null, "personal_email": "nishadh@gmail.com", "contact_number": "96898515943", "whatsapp_number": "96898515943", "admission_number": "0007", "admission_date": "2025-04-04", "photo": "", "other_details": null, "document": "admission/documents/dummy_5SwXxxA.pdf", "signature": "admission/signature/PngItem_4700386_OOaia8C.png", "parent_first_name": "Midh", "parent_last_name": "rahman", "parent_contact_number": "+9190376644", "parent_whatsapp_number": "+9190376644", "parent_mail_id": "midhlaj@gmail.com", "fee_type": null, "is_discount": null, "discount_percentage": null, "creator": null, "user": 16, "branch": 2, "academic_year": null, "course": 1, "batch": null, "history_date": "2025-04-05T11:10:48.035Z", "history_change_reason": null, "history_type": "~", "history_user": 1}}, {"model": "admission.historicaladmission", "pk": 46, "fields": {"id": 13, "created": "2025-04-04T09:12:50.485Z", "updated": "2025-04-05T11:12:59.665Z", "is_active": false, "first_name": "musthafa", "last_name": "Habeeb", "joining_date": "2025-04-16", "date_of_birth": "2025-04-10", "gender": "FEMALE", "blood_group": "b-negative", "religion": "Muslim", "qualifications": "+2 Graduate", "home_address": "aaa", "city": null, "district": null, "state": null, "pin_code": null, "personal_email": "muthafa@gmail.com", "contact_number": "96898515943", "whatsapp_number": "96898515943", "admission_number": "0011", "admission_date": "2025-04-04", "photo": "", "other_details": null, "document": "admission/documents/dummy_imc2hSH.pdf", "signature": "admission/signature/PngItem_4700386_TErWP98.png", "parent_first_name": "Midh", "parent_last_name": "rahman", "parent_contact_number": "+9190376644", "parent_whatsapp_number": "+9190376644", "parent_mail_id": "midhlaj@gmail.com", "fee_type": null, "is_discount": null, "discount_percentage": null, "creator": null, "user": 20, "branch": 2, "academic_year": null, "course": 1, "batch": null, "history_date": "2025-04-05T11:12:59.678Z", "history_change_reason": null, "history_type": "~", "history_user": 1}}, {"model": "admission.historicaladmission", "pk": 47, "fields": {"id": 12, "created": "2025-04-04T09:06:31.364Z", "updated": "2025-04-05T11:13:01.602Z", "is_active": false, "first_name": "mushraf", "last_name": "Sha", "joining_date": "2025-04-17", "date_of_birth": "2025-04-08", "gender": "MALE", "blood_group": "a-positive", "religion": "Muslim", "qualifications": "+2 Graduate", "home_address": "aa", "city": null, "district": null, "state": null, "pin_code": null, "personal_email": "mushraf@gmail.com", "contact_number": "96898515943", "whatsapp_number": "96898515943", "admission_number": "0010", "admission_date": "2025-04-04", "photo": "", "other_details": null, "document": "admission/documents/dummy_KtNGxzw.pdf", "signature": "admission/signature/PngItem_4700386_kYAK660.png", "parent_first_name": "Midh", "parent_last_name": "rahman", "parent_contact_number": "+9190376644", "parent_whatsapp_number": "+9190376644", "parent_mail_id": "midhlaj@gmail.com", "fee_type": null, "is_discount": null, "discount_percentage": null, "creator": null, "user": 19, "branch": 2, "academic_year": null, "course": 1, "batch": null, "history_date": "2025-04-05T11:13:01.611Z", "history_change_reason": null, "history_type": "~", "history_user": 1}}, {"model": "admission.historicaladmission", "pk": 48, "fields": {"id": 11, "created": "2025-04-04T08:49:51.670Z", "updated": "2025-04-05T11:17:49.312Z", "is_active": false, "first_name": "Nishad", "last_name": "Habeeb", "joining_date": "2025-04-23", "date_of_birth": "2025-04-24", "gender": "MALE", "blood_group": "ab-positive", "religion": "Muslim", "qualifications": "+2 Graduate", "home_address": "aaa", "city": null, "district": null, "state": null, "pin_code": null, "personal_email": "nishadh2@gmail.com", "contact_number": "96898515943", "whatsapp_number": "96898515943", "admission_number": "0009", "admission_date": "2025-04-04", "photo": "", "other_details": null, "document": "", "signature": "admission/signature/PngItem_4700386_tmChi4N.png", "parent_first_name": "Midh", "parent_last_name": "rahman", "parent_contact_number": "+9190376644", "parent_whatsapp_number": "+9190376644", "parent_mail_id": "midhlaj@gmail.com", "fee_type": null, "is_discount": null, "discount_percentage": null, "creator": null, "user": 18, "branch": 2, "academic_year": null, "course": 1, "batch": null, "history_date": "2025-04-05T11:17:49.319Z", "history_change_reason": null, "history_type": "~", "history_user": 1}}, {"model": "admission.historicaladmission", "pk": 49, "fields": {"id": 10, "created": "2025-04-04T08:47:40.862Z", "updated": "2025-04-05T11:17:52.106Z", "is_active": false, "first_name": "Nishad", "last_name": "Habeeb", "joining_date": "2025-04-23", "date_of_birth": "2025-04-24", "gender": "MALE", "blood_group": "ab-positive", "religion": "Muslim", "qualifications": "+2 Graduate", "home_address": "aaa", "city": null, "district": null, "state": null, "pin_code": null, "personal_email": "nishadh1@gmail.com", "contact_number": "96898515943", "whatsapp_number": "96898515943", "admission_number": "0008", "admission_date": "2025-04-04", "photo": "admission/documents/d8523120-3e4b-4e96-bf7a-1aa264af14db.jpg", "other_details": null, "document": "", "signature": "admission/signature/PngItem_4700386_bakPDkg.png", "parent_first_name": "Midh", "parent_last_name": "rahman", "parent_contact_number": "+9190376644", "parent_whatsapp_number": "+9190376644", "parent_mail_id": "midhlaj@gmail.com", "fee_type": null, "is_discount": null, "discount_percentage": null, "creator": null, "user": 17, "branch": 2, "academic_year": null, "course": 1, "batch": null, "history_date": "2025-04-05T11:17:52.110Z", "history_change_reason": null, "history_type": "~", "history_user": 1}}, {"model": "admission.historicaladmission", "pk": 50, "fields": {"id": 5, "created": "2025-04-03T06:21:17.347Z", "updated": "2025-04-05T11:19:42.289Z", "is_active": false, "first_name": "Shabeeb", "last_name": null, "joining_date": "2025-04-17", "date_of_birth": "2000-04-28", "gender": null, "blood_group": null, "religion": null, "qualifications": "", "home_address": "", "city": null, "district": null, "state": null, "pin_code": null, "personal_email": "shabeeb@gmail.com", "contact_number": "90371287876", "whatsapp_number": null, "admission_number": "0003", "admission_date": "2025-04-03", "photo": "", "other_details": "", "document": "", "signature": "", "parent_first_name": "shabeeb", "parent_last_name": null, "parent_contact_number": null, "parent_whatsapp_number": null, "parent_mail_id": null, "fee_type": "installment", "is_discount": null, "discount_percentage": null, "creator": 1, "user": 12, "branch": 2, "academic_year": 1, "course": 1, "batch": 1, "history_date": "2025-04-05T11:19:42.301Z", "history_change_reason": null, "history_type": "~", "history_user": 1}}, {"model": "admission.historicaladmission", "pk": 51, "fields": {"id": 5, "created": "2025-04-03T06:21:17.347Z", "updated": "2025-04-05T11:49:59.619Z", "is_active": true, "first_name": "Shabeeb", "last_name": null, "joining_date": "2025-04-17", "date_of_birth": "2000-04-28", "gender": null, "blood_group": null, "religion": null, "qualifications": "", "home_address": "", "city": null, "district": null, "state": null, "pin_code": null, "personal_email": "shabeeb@gmail.com", "contact_number": "90371287876", "whatsapp_number": null, "admission_number": "0003", "admission_date": "2025-04-03", "photo": "", "other_details": "", "document": "", "signature": "", "parent_first_name": "shabeeb", "parent_last_name": null, "parent_contact_number": null, "parent_whatsapp_number": null, "parent_mail_id": null, "fee_type": "installment", "is_discount": null, "discount_percentage": null, "creator": 1, "user": 12, "branch": 2, "academic_year": 1, "course": 1, "batch": 1, "history_date": "2025-04-05T11:49:59.643Z", "history_change_reason": null, "history_type": "~", "history_user": 1}}, {"model": "admission.admission", "pk": 4, "fields": {"created": "2025-04-03T04:37:28.463Z", "updated": "2025-04-03T06:29:54.858Z", "creator": 1, "is_active": true, "user": 4, "branch": 1, "first_name": "Midhlaj", "last_name": "Rahman", "joining_date": "2025-04-10", "date_of_birth": "2000-04-24", "gender": "MALE", "blood_group": "o-positive", "religion": "Muslim", "qualifications": "+2 Pass Out", "home_address": "", "city": null, "district": null, "state": null, "pin_code": null, "personal_email": "midhlajrahman@gmail.com", "contact_number": "+919037123177", "whatsapp_number": null, "admission_number": "0002", "admission_date": "2025-04-03", "academic_year": 1, "photo": "", "course": 1, "batch": 1, "other_details": "", "document": "", "signature": "", "parent_first_name": "Midh", "parent_last_name": null, "parent_contact_number": null, "parent_whatsapp_number": null, "parent_mail_id": null, "fee_type": "installment", "is_discount": null, "discount_percentage": null}}, {"model": "admission.admission", "pk": 5, "fields": {"created": "2025-04-03T06:21:17.347Z", "updated": "2025-04-05T11:49:59.619Z", "creator": 1, "is_active": true, "user": 12, "branch": 2, "first_name": "Shabeeb", "last_name": null, "joining_date": "2025-04-17", "date_of_birth": "2000-04-28", "gender": null, "blood_group": null, "religion": null, "qualifications": "", "home_address": "", "city": null, "district": null, "state": null, "pin_code": null, "personal_email": "shabeeb@gmail.com", "contact_number": "90371287876", "whatsapp_number": null, "admission_number": "0003", "admission_date": "2025-04-03", "academic_year": 1, "photo": "", "course": 1, "batch": 1, "other_details": "", "document": "", "signature": "", "parent_first_name": "shabeeb", "parent_last_name": null, "parent_contact_number": null, "parent_whatsapp_number": null, "parent_mail_id": null, "fee_type": "installment", "is_discount": null, "discount_percentage": null}}, {"model": "admission.admission", "pk": 6, "fields": {"created": "2025-04-04T06:04:01.815Z", "updated": "2025-04-04T06:04:01.815Z", "creator": 1, "is_active": true, "user": null, "branch": 2, "first_name": "irfan", "last_name": "Habeeb", "joining_date": "2025-04-13", "date_of_birth": "2025-04-24", "gender": "MALE", "blood_group": "b-negative", "religion": "Muslim", "qualifications": null, "home_address": "aa", "city": null, "district": null, "state": null, "pin_code": null, "personal_email": "habeeb@gmail.com", "contact_number": "96898515943", "whatsapp_number": "96898515943", "admission_number": "0004", "admission_date": "2025-04-04", "academic_year": null, "photo": "admission/documents/2e99de0f-2fd3-49c5-b76b-7a4f6a334bb9.jpg", "course": null, "batch": null, "other_details": null, "document": "", "signature": "", "parent_first_name": "Midhlaj", "parent_last_name": "rahman", "parent_contact_number": "+9190376644", "parent_whatsapp_number": "+9190376644", "parent_mail_id": "midhlaj@gmail.com", "fee_type": null, "is_discount": null, "discount_percentage": null}}, {"model": "admission.admission", "pk": 7, "fields": {"created": "2025-04-04T06:14:47.461Z", "updated": "2025-04-04T06:14:47.461Z", "creator": null, "is_active": true, "user": 14, "branch": 1, "first_name": "safa", "last_name": "sir", "joining_date": "2025-04-17", "date_of_birth": "2025-04-23", "gender": "FEMALE", "blood_group": "o-positive", "religion": "Muslim", "qualifications": null, "home_address": "aaa", "city": null, "district": null, "state": null, "pin_code": null, "personal_email": "safa@gmail.com", "contact_number": "+96898515943", "whatsapp_number": "96898515943", "admission_number": "0005", "admission_date": "2025-04-04", "academic_year": null, "photo": "", "course": null, "batch": null, "other_details": null, "document": "", "signature": "", "parent_first_name": "Midh", "parent_last_name": "rahman", "parent_contact_number": "+9190376644", "parent_whatsapp_number": "+9190376644", "parent_mail_id": "midhlaj@gmail.com", "fee_type": null, "is_discount": null, "discount_percentage": null}}, {"model": "admission.admission", "pk": 8, "fields": {"created": "2025-04-04T06:59:29.712Z", "updated": "2025-04-04T07:00:47.723Z", "creator": null, "is_active": true, "user": 15, "branch": 1, "first_name": "saja", "last_name": "sir", "joining_date": "2025-04-18", "date_of_birth": "2025-04-23", "gender": "MALE", "blood_group": "b-negative", "religion": "Muslim", "qualifications": "+2 Graduate", "home_address": "aa", "city": null, "district": null, "state": null, "pin_code": null, "personal_email": "saja@gmail.com", "contact_number": "09562888666", "whatsapp_number": "96898515943", "admission_number": "0006", "admission_date": "2025-04-04", "academic_year": 1, "photo": "admission/documents/716959d9-2345-4128-8242-e27a21365131.jpg", "course": 1, "batch": null, "other_details": "", "document": "admission/documents/dummy.pdf", "signature": "admission/signature/PngItem_4700386.png", "parent_first_name": "Midh", "parent_last_name": "rahman", "parent_contact_number": "+9190376644", "parent_whatsapp_number": "+9190376644", "parent_mail_id": "midhlaj@gmail.com", "fee_type": null, "is_discount": null, "discount_percentage": null}}, {"model": "admission.admission", "pk": 9, "fields": {"created": "2025-04-04T08:46:44.679Z", "updated": "2025-04-05T11:10:48.027Z", "creator": null, "is_active": false, "user": 16, "branch": 2, "first_name": "Nishad", "last_name": "Habeeb", "joining_date": "2025-04-23", "date_of_birth": "2025-04-24", "gender": "MALE", "blood_group": "ab-positive", "religion": "Muslim", "qualifications": "+2 Graduate", "home_address": "aaa", "city": null, "district": null, "state": null, "pin_code": null, "personal_email": "nishadh@gmail.com", "contact_number": "96898515943", "whatsapp_number": "96898515943", "admission_number": "0007", "admission_date": "2025-04-04", "academic_year": null, "photo": "", "course": 1, "batch": null, "other_details": null, "document": "admission/documents/dummy_5SwXxxA.pdf", "signature": "admission/signature/PngItem_4700386_OOaia8C.png", "parent_first_name": "Midh", "parent_last_name": "rahman", "parent_contact_number": "+9190376644", "parent_whatsapp_number": "+9190376644", "parent_mail_id": "midhlaj@gmail.com", "fee_type": null, "is_discount": null, "discount_percentage": null}}, {"model": "admission.admission", "pk": 10, "fields": {"created": "2025-04-04T08:47:40.862Z", "updated": "2025-04-05T11:17:52.106Z", "creator": null, "is_active": false, "user": 17, "branch": 2, "first_name": "Nishad", "last_name": "Habeeb", "joining_date": "2025-04-23", "date_of_birth": "2025-04-24", "gender": "MALE", "blood_group": "ab-positive", "religion": "Muslim", "qualifications": "+2 Graduate", "home_address": "aaa", "city": null, "district": null, "state": null, "pin_code": null, "personal_email": "nishadh1@gmail.com", "contact_number": "96898515943", "whatsapp_number": "96898515943", "admission_number": "0008", "admission_date": "2025-04-04", "academic_year": null, "photo": "admission/documents/d8523120-3e4b-4e96-bf7a-1aa264af14db.jpg", "course": 1, "batch": null, "other_details": null, "document": "", "signature": "admission/signature/PngItem_4700386_bakPDkg.png", "parent_first_name": "Midh", "parent_last_name": "rahman", "parent_contact_number": "+9190376644", "parent_whatsapp_number": "+9190376644", "parent_mail_id": "midhlaj@gmail.com", "fee_type": null, "is_discount": null, "discount_percentage": null}}, {"model": "admission.admission", "pk": 11, "fields": {"created": "2025-04-04T08:49:51.670Z", "updated": "2025-04-05T11:17:49.312Z", "creator": null, "is_active": false, "user": 18, "branch": 2, "first_name": "Nishad", "last_name": "Habeeb", "joining_date": "2025-04-23", "date_of_birth": "2025-04-24", "gender": "MALE", "blood_group": "ab-positive", "religion": "Muslim", "qualifications": "+2 Graduate", "home_address": "aaa", "city": null, "district": null, "state": null, "pin_code": null, "personal_email": "nishadh2@gmail.com", "contact_number": "96898515943", "whatsapp_number": "96898515943", "admission_number": "0009", "admission_date": "2025-04-04", "academic_year": null, "photo": "", "course": 1, "batch": null, "other_details": null, "document": "", "signature": "admission/signature/PngItem_4700386_tmChi4N.png", "parent_first_name": "Midh", "parent_last_name": "rahman", "parent_contact_number": "+9190376644", "parent_whatsapp_number": "+9190376644", "parent_mail_id": "midhlaj@gmail.com", "fee_type": null, "is_discount": null, "discount_percentage": null}}, {"model": "admission.admission", "pk": 12, "fields": {"created": "2025-04-04T09:06:31.364Z", "updated": "2025-04-05T11:13:01.602Z", "creator": null, "is_active": false, "user": 19, "branch": 2, "first_name": "mushraf", "last_name": "Sha", "joining_date": "2025-04-17", "date_of_birth": "2025-04-08", "gender": "MALE", "blood_group": "a-positive", "religion": "Muslim", "qualifications": "+2 Graduate", "home_address": "aa", "city": null, "district": null, "state": null, "pin_code": null, "personal_email": "mushraf@gmail.com", "contact_number": "96898515943", "whatsapp_number": "96898515943", "admission_number": "0010", "admission_date": "2025-04-04", "academic_year": null, "photo": "", "course": 1, "batch": null, "other_details": null, "document": "admission/documents/dummy_KtNGxzw.pdf", "signature": "admission/signature/PngItem_4700386_kYAK660.png", "parent_first_name": "Midh", "parent_last_name": "rahman", "parent_contact_number": "+9190376644", "parent_whatsapp_number": "+9190376644", "parent_mail_id": "midhlaj@gmail.com", "fee_type": null, "is_discount": null, "discount_percentage": null}}, {"model": "admission.admission", "pk": 13, "fields": {"created": "2025-04-04T09:12:50.485Z", "updated": "2025-04-05T11:12:59.665Z", "creator": null, "is_active": false, "user": 20, "branch": 2, "first_name": "musthafa", "last_name": "Habeeb", "joining_date": "2025-04-16", "date_of_birth": "2025-04-10", "gender": "FEMALE", "blood_group": "b-negative", "religion": "Muslim", "qualifications": "+2 Graduate", "home_address": "aaa", "city": null, "district": null, "state": null, "pin_code": null, "personal_email": "muthafa@gmail.com", "contact_number": "96898515943", "whatsapp_number": "96898515943", "admission_number": "0011", "admission_date": "2025-04-04", "academic_year": null, "photo": "", "course": 1, "batch": null, "other_details": null, "document": "admission/documents/dummy_imc2hSH.pdf", "signature": "admission/signature/PngItem_4700386_TErWP98.png", "parent_first_name": "Midh", "parent_last_name": "rahman", "parent_contact_number": "+9190376644", "parent_whatsapp_number": "+9190376644", "parent_mail_id": "midhlaj@gmail.com", "fee_type": null, "is_discount": null, "discount_percentage": null}}, {"model": "admission.admission", "pk": 14, "fields": {"created": "2025-04-04T09:16:37.377Z", "updated": "2025-04-04T09:16:37.377Z", "creator": null, "is_active": true, "user": 21, "branch": 1, "first_name": "sajil", "last_name": "Habeeb", "joining_date": "2025-04-09", "date_of_birth": "2025-04-14", "gender": "FEMALE", "blood_group": "ab-positive", "religion": "Christian", "qualifications": "+2 Graduate", "home_address": "aa", "city": null, "district": null, "state": null, "pin_code": null, "personal_email": "sajil@gmail.com", "contact_number": "96898515943", "whatsapp_number": "96898515943", "admission_number": "0012", "admission_date": "2025-04-04", "academic_year": null, "photo": "", "course": 1, "batch": null, "other_details": null, "document": "admission/documents/dummy_AORLmjV.pdf", "signature": "admission/signature/PngItem_4700386_Fa6ilFr.png", "parent_first_name": "Midh", "parent_last_name": "rahman", "parent_contact_number": "+9190376644", "parent_whatsapp_number": "+9190376644", "parent_mail_id": "midhlaj@gmail.com", "fee_type": null, "is_discount": null, "discount_percentage": null}}, {"model": "admission.admission", "pk": 15, "fields": {"created": "2025-04-04T10:56:07.118Z", "updated": "2025-04-05T11:10:40.511Z", "creator": null, "is_active": false, "user": 22, "branch": 2, "first_name": "Irfan", "last_name": "Habeeb", "joining_date": "2025-04-24", "date_of_birth": "2025-04-09", "gender": "FEMALE", "blood_group": "o-positive", "religion": "Hindu", "qualifications": "+2 Graduate", "home_address": "123 MG Road, Bengaluru, Karnataka 560001, India", "city": "Kondotty", "district": "Malappuram", "state": "Kerala", "pin_code": "673638", "personal_email": "raheem@gmail.com", "contact_number": "96898515943", "whatsapp_number": "96898515943", "admission_number": "0013", "admission_date": "2025-04-04", "academic_year": 1, "photo": "admission/documents/468944360_967137345435002_6649101424529725336_n.jpg", "course": 1, "batch": null, "other_details": "", "document": "admission/documents/dummy_YIswx8B.pdf", "signature": "admission/signature/PngItem_4700386_z4xw2Mp.png", "parent_first_name": "Midh", "parent_last_name": "rahman", "parent_contact_number": "+9190376644", "parent_whatsapp_number": "+9190376644", "parent_mail_id": "midhlaj@gmail.com", "fee_type": null, "is_discount": null, "discount_percentage": null}}, {"model": "admission.admission", "pk": 16, "fields": {"created": "2025-04-05T04:33:39.153Z", "updated": "2025-04-05T11:08:11.999Z", "creator": null, "is_active": false, "user": 23, "branch": 2, "first_name": "Vaseem", "last_name": "Habeeb", "joining_date": "2025-04-18", "date_of_birth": "2025-04-23", "gender": "FEMALE", "blood_group": "a-negative", "religion": "Christian", "qualifications": "+2 Graduate", "home_address": "Greenview Residency Apartments, 3rd Cross, 6th Main Road, Near HSR BDA Complex, HSR Layout Sector 7, Bengaluru, Karnataka 560102, India", "city": "Kondotty", "district": "Malappuram", "state": "Kerala", "pin_code": "673638", "personal_email": "vaseem@gmail.com", "contact_number": "96898515943", "whatsapp_number": "96898515943", "admission_number": "0014", "admission_date": "2025-04-05", "academic_year": 1, "photo": "admission/documents/468944360_967137345435002_6649101424529725336_n_cqJ7f39.jpg", "course": 1, "batch": null, "other_details": "", "document": "", "signature": "admission/signature/PngItem_4700386_ZdNiWse.png", "parent_first_name": "Midh", "parent_last_name": "rahman", "parent_contact_number": "+9190376644", "parent_whatsapp_number": "+9190376644", "parent_mail_id": "midhlaj@gmail.com", "fee_type": null, "is_discount": null, "discount_percentage": null}}, {"model": "admission.admission", "pk": 17, "fields": {"created": "2025-04-05T06:07:17.497Z", "updated": "2025-04-05T11:10:37.363Z", "creator": null, "is_active": false, "user": 24, "branch": 2, "first_name": "nishal", "last_name": "salman", "joining_date": "2025-04-30", "date_of_birth": "2025-04-15", "gender": "FEMALE", "blood_group": "ab-positive", "religion": "Hindu", "qualifications": "+2 Graduate", "home_address": "Greenview Residency Apartments, 3rd Cross, 6th Main Road, Near HSR BDA Complex, HSR Layout Sector 7, Bengaluru, Karnataka 560102, India", "city": "Malappuram", "district": "test", "state": "Kerala", "pin_code": "673638", "personal_email": "nishal@gmail.com", "contact_number": "96898515943", "whatsapp_number": "96898515943", "admission_number": "0015", "admission_date": "2025-04-05", "academic_year": 1, "photo": "admission/documents/63820f62-bb0c-46d1-8375-b908d36cd85a.jpg", "course": 1, "batch": null, "other_details": null, "document": "admission/documents/dummy_TwvfhHE.pdf", "signature": "admission/signature/PngItem_4700386_MePaeKP.png", "parent_first_name": "Midh", "parent_last_name": "rahman", "parent_contact_number": "+9190376644", "parent_whatsapp_number": "+9190376644", "parent_mail_id": "midhlaj@gmail.com", "fee_type": null, "is_discount": null, "discount_percentage": null}}, {"model": "admission.admission", "pk": 18, "fields": {"created": "2025-04-05T07:11:59.473Z", "updated": "2025-04-05T11:08:09.933Z", "creator": null, "is_active": false, "user": 25, "branch": 2, "first_name": "Shabeeb", "last_name": "Habeeb", "joining_date": "2025-04-08", "date_of_birth": "2025-04-15", "gender": "FEMALE", "blood_group": "b-negative", "religion": "Muslim", "qualifications": "+2 Graduate", "home_address": "Greenview Residency Apartments, 3rd Cross, 6th Main Road, Near HSR BDA Complex, HSR Layout Sector 7, Bengaluru, Karnataka 560102, India", "city": "Kondotty", "district": "Malappuram", "state": "Kerala", "pin_code": "673638", "personal_email": "shabeeb22@gmail.com", "contact_number": "96898515943", "whatsapp_number": "96898515943", "admission_number": "0016", "admission_date": "2025-04-05", "academic_year": 1, "photo": "admission/documents/949e4a89-1937-479a-a7f4-a2d35738e56a.jpg", "course": 1, "batch": null, "other_details": null, "document": "admission/documents/dummy_Hn7NPDe.pdf", "signature": "admission/signature/PngItem_4700386_e4K4OoG.png", "parent_first_name": "Midh", "parent_last_name": "rahman", "parent_contact_number": "+9190376644", "parent_whatsapp_number": "+9190376644", "parent_mail_id": "midhlaj@gmail.com", "fee_type": null, "is_discount": null, "discount_percentage": null}}, {"model": "admission.admission", "pk": 19, "fields": {"created": "2025-04-05T10:36:05.783Z", "updated": "2025-04-05T11:08:06.472Z", "creator": null, "is_active": false, "user": 26, "branch": 2, "first_name": "Rahman", "last_name": "Habeeb", "joining_date": "2025-04-06", "date_of_birth": "2025-04-23", "gender": "MALE", "blood_group": "b-positive", "religion": "Hindu", "qualifications": "+2 Graduate", "home_address": "Greenview Residency Apartments, 3rd Cross, 6th Main Road, Near HSR BDA Complex, HSR Layout Sector 7, Bengaluru, Karnataka 560102, India", "city": "Kondotty", "district": "Malappuram", "state": "Kerala", "pin_code": "673638", "personal_email": "rahmanhabeeb@gmail.com", "contact_number": "96898515943", "whatsapp_number": "96898515943", "admission_number": "0017", "admission_date": "2025-04-05", "academic_year": 1, "photo": "admission/documents/468944360_967137345435002_6649101424529725336_n_BZ0oXQf.jpg", "course": 1, "batch": null, "other_details": "", "document": "admission/documents/dummy_5UNF0qk.pdf", "signature": "admission/signature/PngItem_4700386_gB60MYH.png", "parent_first_name": "Midh", "parent_last_name": "rahman", "parent_contact_number": "+9190376644", "parent_whatsapp_number": "+9190376644", "parent_mail_id": "midhlaj@gmail.com", "fee_type": null, "is_discount": null, "discount_percentage": null}}, {"model": "admission.historicalattendanceregister", "pk": 1, "fields": {"id": 1, "created": "2025-04-03T07:26:26.283Z", "updated": "2025-04-03T07:26:26.283Z", "is_active": true, "date": "2025-04-03", "creator": null, "branch": 3, "batch": 1, "course": 1, "history_date": "2025-04-03T07:26:26.286Z", "history_change_reason": null, "history_type": "+", "history_user": 2}}, {"model": "admission.historicalattendanceregister", "pk": 2, "fields": {"id": 2, "created": "2025-04-03T07:27:22.424Z", "updated": "2025-04-03T07:27:22.424Z", "is_active": true, "date": "2025-04-04", "creator": null, "branch": 3, "batch": 1, "course": 1, "history_date": "2025-04-03T07:27:22.425Z", "history_change_reason": null, "history_type": "+", "history_user": 2}}, {"model": "admission.historicalattendanceregister", "pk": 3, "fields": {"id": 3, "created": "2025-04-03T07:31:42.994Z", "updated": "2025-04-03T07:31:42.994Z", "is_active": true, "date": "2025-04-02", "creator": null, "branch": 3, "batch": 1, "course": 1, "history_date": "2025-04-03T07:31:42.995Z", "history_change_reason": null, "history_type": "+", "history_user": 2}}, {"model": "admission.historicalattendanceregister", "pk": 4, "fields": {"id": 4, "created": "2025-04-03T07:34:27.869Z", "updated": "2025-04-03T07:34:27.869Z", "is_active": true, "date": "2025-04-17", "creator": null, "branch": 3, "batch": 1, "course": 1, "history_date": "2025-04-03T07:34:27.870Z", "history_change_reason": null, "history_type": "+", "history_user": 2}}, {"model": "admission.historicalattendanceregister", "pk": 5, "fields": {"id": 5, "created": "2025-04-03T07:48:43.933Z", "updated": "2025-04-03T07:48:43.933Z", "is_active": true, "date": "2025-04-23", "creator": null, "branch": 3, "batch": 1, "course": 1, "history_date": "2025-04-03T07:48:43.934Z", "history_change_reason": null, "history_type": "+", "history_user": 2}}, {"model": "admission.historicalattendanceregister", "pk": 6, "fields": {"id": 6, "created": "2025-04-03T08:22:51.084Z", "updated": "2025-04-03T08:22:51.084Z", "is_active": true, "date": "2025-04-21", "creator": null, "branch": 3, "batch": 1, "course": 1, "history_date": "2025-04-03T08:22:51.085Z", "history_change_reason": null, "history_type": "+", "history_user": 2}}, {"model": "admission.historicalattendanceregister", "pk": 7, "fields": {"id": 6, "created": "2025-04-03T08:22:51.084Z", "updated": "2025-04-03T08:22:51.084Z", "is_active": true, "date": "2025-04-21", "creator": null, "branch": 3, "batch": 1, "course": 1, "history_date": "2025-04-03T08:23:35.920Z", "history_change_reason": null, "history_type": "-", "history_user": 1}}, {"model": "admission.historicalattendanceregister", "pk": 8, "fields": {"id": 5, "created": "2025-04-03T07:48:43.933Z", "updated": "2025-04-03T07:48:43.933Z", "is_active": true, "date": "2025-04-23", "creator": null, "branch": 3, "batch": 1, "course": 1, "history_date": "2025-04-03T08:23:35.921Z", "history_change_reason": null, "history_type": "-", "history_user": 1}}, {"model": "admission.historicalattendanceregister", "pk": 9, "fields": {"id": 4, "created": "2025-04-03T07:34:27.869Z", "updated": "2025-04-03T07:34:27.869Z", "is_active": true, "date": "2025-04-17", "creator": null, "branch": 3, "batch": 1, "course": 1, "history_date": "2025-04-03T08:23:35.922Z", "history_change_reason": null, "history_type": "-", "history_user": 1}}, {"model": "admission.historicalattendanceregister", "pk": 10, "fields": {"id": 3, "created": "2025-04-03T07:31:42.994Z", "updated": "2025-04-03T07:31:42.994Z", "is_active": true, "date": "2025-04-02", "creator": null, "branch": 3, "batch": 1, "course": 1, "history_date": "2025-04-03T08:23:35.923Z", "history_change_reason": null, "history_type": "-", "history_user": 1}}, {"model": "admission.historicalattendanceregister", "pk": 11, "fields": {"id": 2, "created": "2025-04-03T07:27:22.424Z", "updated": "2025-04-03T07:27:22.424Z", "is_active": true, "date": "2025-04-04", "creator": null, "branch": 3, "batch": 1, "course": 1, "history_date": "2025-04-03T08:23:35.924Z", "history_change_reason": null, "history_type": "-", "history_user": 1}}, {"model": "admission.historicalattendanceregister", "pk": 12, "fields": {"id": 1, "created": "2025-04-03T07:26:26.283Z", "updated": "2025-04-03T07:26:26.283Z", "is_active": true, "date": "2025-04-03", "creator": null, "branch": 3, "batch": 1, "course": 1, "history_date": "2025-04-03T08:23:35.925Z", "history_change_reason": null, "history_type": "-", "history_user": 1}}, {"model": "admission.historicalattendanceregister", "pk": 13, "fields": {"id": 7, "created": "2025-04-03T08:24:00.283Z", "updated": "2025-04-03T08:24:00.283Z", "is_active": true, "date": "2025-04-03", "creator": null, "branch": 3, "batch": 1, "course": 1, "history_date": "2025-04-03T08:24:00.284Z", "history_change_reason": null, "history_type": "+", "history_user": 2}}, {"model": "admission.attendanceregister", "pk": 7, "fields": {"created": "2025-04-03T08:24:00.283Z", "updated": "2025-04-03T08:24:00.283Z", "creator": null, "is_active": true, "branch": 3, "batch": 1, "date": "2025-04-03", "course": 1}}, {"model": "admission.historicalattendance", "pk": 1, "fields": {"id": 1, "created": "2025-04-03T07:26:26.296Z", "updated": "2025-04-03T07:26:26.296Z", "is_active": true, "status": "Present", "creator": null, "register": 1, "student": 4, "history_date": "2025-04-03T07:26:26.298Z", "history_change_reason": null, "history_type": "+", "history_user": 2}}, {"model": "admission.historicalattendance", "pk": 2, "fields": {"id": 2, "created": "2025-04-03T07:27:22.432Z", "updated": "2025-04-03T07:27:22.433Z", "is_active": true, "status": "Present", "creator": null, "register": 2, "student": 4, "history_date": "2025-04-03T07:27:22.434Z", "history_change_reason": null, "history_type": "+", "history_user": 2}}, {"model": "admission.historicalattendance", "pk": 3, "fields": {"id": 3, "created": "2025-04-03T07:31:43.002Z", "updated": "2025-04-03T07:31:43.002Z", "is_active": true, "status": "Present", "creator": null, "register": 3, "student": 4, "history_date": "2025-04-03T07:31:43.004Z", "history_change_reason": null, "history_type": "+", "history_user": 2}}, {"model": "admission.historicalattendance", "pk": 4, "fields": {"id": 4, "created": "2025-04-03T07:34:27.875Z", "updated": "2025-04-03T07:34:27.875Z", "is_active": true, "status": "Absent", "creator": null, "register": 4, "student": 4, "history_date": "2025-04-03T07:34:27.876Z", "history_change_reason": null, "history_type": "+", "history_user": 2}}, {"model": "admission.historicalattendance", "pk": 5, "fields": {"id": 5, "created": "2025-04-03T07:48:43.942Z", "updated": "2025-04-03T07:48:43.942Z", "is_active": true, "status": "Present", "creator": null, "register": 5, "student": 4, "history_date": "2025-04-03T07:48:43.944Z", "history_change_reason": null, "history_type": "+", "history_user": 2}}, {"model": "admission.historicalattendance", "pk": 6, "fields": {"id": 6, "created": "2025-04-03T08:22:51.090Z", "updated": "2025-04-03T08:22:51.090Z", "is_active": true, "status": "Present", "creator": null, "register": 6, "student": 4, "history_date": "2025-04-03T08:22:51.091Z", "history_change_reason": null, "history_type": "+", "history_user": 2}}, {"model": "admission.historicalattendance", "pk": 7, "fields": {"id": 6, "created": "2025-04-03T08:22:51.090Z", "updated": "2025-04-03T08:22:51.090Z", "is_active": true, "status": "Present", "creator": null, "register": 6, "student": 4, "history_date": "2025-04-03T08:23:35.913Z", "history_change_reason": null, "history_type": "-", "history_user": 1}}, {"model": "admission.historicalattendance", "pk": 8, "fields": {"id": 5, "created": "2025-04-03T07:48:43.942Z", "updated": "2025-04-03T07:48:43.942Z", "is_active": true, "status": "Present", "creator": null, "register": 5, "student": 4, "history_date": "2025-04-03T08:23:35.914Z", "history_change_reason": null, "history_type": "-", "history_user": 1}}, {"model": "admission.historicalattendance", "pk": 9, "fields": {"id": 4, "created": "2025-04-03T07:34:27.875Z", "updated": "2025-04-03T07:34:27.875Z", "is_active": true, "status": "Absent", "creator": null, "register": 4, "student": 4, "history_date": "2025-04-03T08:23:35.915Z", "history_change_reason": null, "history_type": "-", "history_user": 1}}, {"model": "admission.historicalattendance", "pk": 10, "fields": {"id": 3, "created": "2025-04-03T07:31:43.002Z", "updated": "2025-04-03T07:31:43.002Z", "is_active": true, "status": "Present", "creator": null, "register": 3, "student": 4, "history_date": "2025-04-03T08:23:35.916Z", "history_change_reason": null, "history_type": "-", "history_user": 1}}, {"model": "admission.historicalattendance", "pk": 11, "fields": {"id": 2, "created": "2025-04-03T07:27:22.432Z", "updated": "2025-04-03T07:27:22.433Z", "is_active": true, "status": "Present", "creator": null, "register": 2, "student": 4, "history_date": "2025-04-03T08:23:35.917Z", "history_change_reason": null, "history_type": "-", "history_user": 1}}, {"model": "admission.historicalattendance", "pk": 12, "fields": {"id": 1, "created": "2025-04-03T07:26:26.296Z", "updated": "2025-04-03T07:26:26.296Z", "is_active": true, "status": "Present", "creator": null, "register": 1, "student": 4, "history_date": "2025-04-03T08:23:35.918Z", "history_change_reason": null, "history_type": "-", "history_user": 1}}, {"model": "admission.historicalattendance", "pk": 13, "fields": {"id": 7, "created": "2025-04-03T08:24:00.290Z", "updated": "2025-04-03T08:24:00.290Z", "is_active": true, "status": "Present", "creator": null, "register": 7, "student": 4, "history_date": "2025-04-03T08:24:00.291Z", "history_change_reason": null, "history_type": "+", "history_user": 2}}, {"model": "admission.attendance", "pk": 7, "fields": {"created": "2025-04-03T08:24:00.290Z", "updated": "2025-04-03T08:24:00.290Z", "creator": null, "is_active": true, "register": 7, "student": 4, "status": "Present"}}, {"model": "core.historicalacademicyear", "pk": 1, "fields": {"id": 1, "created": "2025-03-06T07:21:29.143Z", "updated": "2025-03-06T07:21:29.143Z", "is_active": true, "start_month_session": "1", "start_year_session": 2024, "end_month_session": "12", "end_year_session": 2024, "creator": null, "history_date": "2025-03-06T07:21:29.145Z", "history_change_reason": null, "history_type": "+", "history_user": 1}}, {"model": "core.academicyear", "pk": 1, "fields": {"created": "2025-03-06T07:21:29.143Z", "updated": "2025-03-06T07:21:29.143Z", "creator": null, "is_active": true, "start_month_session": "1", "start_year_session": 2024, "end_month_session": "12", "end_year_session": 2024}}, {"model": "accounts.user", "pk": 1, "fields": {"password": "pbkdf2_sha256$600000$TpNZwrXHQpNycrZ0TlBJSu$fuOX6jxPTtEk2V2bcbF9rOvosvUafAgTLcgJs9Exsq4=", "last_login": "2025-04-28T07:02:09.959Z", "is_superuser": true, "first_name": "", "last_name": "", "is_staff": true, "is_active": true, "date_joined": "2025-03-06T07:10:32.197Z", "branch": null, "email": "admin@gmail.com", "usertype": "branch_staff", "groups": [], "user_permissions": []}}, {"model": "accounts.user", "pk": 2, "fields": {"password": "pbkdf2_sha256$600000$xwweFRqjv1rUkRGaLs74uO$1t4Xl+gTnoaUkp5+bGhBzoG3QpWHU+/y5rTp2vZ6cko=", "last_login": "2025-04-03T08:23:51.463Z", "is_superuser": false, "first_name": "Muhammed", "last_name": "Mansha", "is_staff": false, "is_active": true, "date_joined": "2025-03-06T09:49:45.956Z", "branch": 1, "email": "mansha@gmail.com", "usertype": "teacher", "groups": [], "user_permissions": []}}, {"model": "accounts.user", "pk": 3, "fields": {"password": "pbkdf2_sha256$600000$JMW2G7yvmoLnXeJvw9WFIv$RCqadNduO3hlHLxmFmOP4dJWIn8jm+jw5c3p3f3Aef4=", "last_login": "2025-04-03T06:37:52.550Z", "is_superuser": false, "first_name": "Branch", "last_name": "Staff", "is_staff": false, "is_active": true, "date_joined": "2025-03-06T10:08:03.524Z", "branch": 1, "email": "branch@gmail.com", "usertype": "branch_staff", "groups": [], "user_permissions": []}}, {"model": "accounts.user", "pk": 4, "fields": {"password": "pbkdf2_sha256$600000$pK3HLMsoIPTSjWcIwsn0Jm$P5VkLB5P/656JuXz/9xcjs5B48k5bduy29iTKbJZXFw=", "last_login": "2025-04-03T07:46:41.868Z", "is_superuser": false, "first_name": "Midhlaj", "last_name": "Rahman", "is_staff": false, "is_active": true, "date_joined": "2025-04-03T04:42:25.388Z", "branch": 3, "email": "midhlajrahman@gmail.com", "usertype": "student", "groups": [], "user_permissions": []}}, {"model": "accounts.user", "pk": 5, "fields": {"password": "pbkdf2_sha256$600000$ouG6Tx317eYcsf2ytVtsnu$xlepNEFQ3wXcZXWK+togUErm1PfHK64nT6shARjeDNo=", "last_login": "2025-04-03T06:20:11.510Z", "is_superuser": false, "first_name": "Nishad", "last_name": "", "is_staff": false, "is_active": true, "date_joined": "2025-04-03T04:53:22.920Z", "branch": 2, "email": "nishad@gmail.com", "usertype": "teacher", "groups": [], "user_permissions": []}}, {"model": "accounts.user", "pk": 6, "fields": {"password": "pbkdf2_sha256$600000$rOWWF4A8gFbL16qsouI7SA$ftqKt55ulWRfSRibWbs6DeCwqNS7L937k0PeSIX0rYA=", "last_login": null, "is_superuser": false, "first_name": "Shaheem", "last_name": "", "is_staff": false, "is_active": true, "date_joined": "2025-04-03T05:45:37.328Z", "branch": null, "email": "shaheem@gmail.com", "usertype": "teacher", "groups": [], "user_permissions": []}}, {"model": "accounts.user", "pk": 7, "fields": {"password": "pbkdf2_sha256$600000$00YmZnUHIipGpl43v3jDgO$Mvwrm2kL1P1vV3yhLLT1PTPJz21nafboYdr8LtjzVYA=", "last_login": null, "is_superuser": false, "first_name": "Shaheem", "last_name": "", "is_staff": false, "is_active": true, "date_joined": "2025-04-03T05:50:53.430Z", "branch": null, "email": "shaheem22@gmail.com", "usertype": "teacher", "groups": [], "user_permissions": []}}, {"model": "accounts.user", "pk": 8, "fields": {"password": "pbkdf2_sha256$600000$TAByUlpEUQE4fxeR7LPEQl$k8Ev7eA0+e37EEGpbgU9ENcU9n2mgdyqxcdCeCQuRxQ=", "last_login": null, "is_superuser": false, "first_name": "shaheem", "last_name": "", "is_staff": false, "is_active": true, "date_joined": "2025-04-03T05:52:50.526Z", "branch": null, "email": "shaheem23@gmail.com", "usertype": "teacher", "groups": [], "user_permissions": []}}, {"model": "accounts.user", "pk": 9, "fields": {"password": "pbkdf2_sha256$600000$pwDa3CvrzrMYu3eo9ip4LB$+RyWG9Esua1bdI5gXlk4Ws0/etRkDRC3JTWE1M7ixIQ=", "last_login": null, "is_superuser": false, "first_name": "shaheem", "last_name": "", "is_staff": false, "is_active": true, "date_joined": "2025-04-03T05:54:42.665Z", "branch": null, "email": "shaheem43@gmail.com", "usertype": "teacher", "groups": [], "user_permissions": []}}, {"model": "accounts.user", "pk": 10, "fields": {"password": "pbkdf2_sha256$600000$DYvMXOdvnK4yt0GDATE3eE$hArMG7O4ySGfKUV+nrER8hVLdFg4utzdhvLDIivGElU=", "last_login": null, "is_superuser": false, "first_name": "javasil", "last_name": "", "is_staff": false, "is_active": true, "date_joined": "2025-04-03T05:55:58.835Z", "branch": null, "email": "javasil@gmail.com", "usertype": "teacher", "groups": [], "user_permissions": []}}, {"model": "accounts.user", "pk": 11, "fields": {"password": "pbkdf2_sha256$600000$bJZx06Wgqx9mu2IY1MgOUf$SOW54AciJj65cUeRrJleYVsR00LsqVTQgnojCWiIQIw=", "last_login": null, "is_superuser": false, "first_name": "javasil", "last_name": "", "is_staff": false, "is_active": true, "date_joined": "2025-04-03T05:57:06.448Z", "branch": null, "email": "javasil2@gmail.com", "usertype": "teacher", "groups": [], "user_permissions": []}}, {"model": "accounts.user", "pk": 12, "fields": {"password": "pbkdf2_sha256$600000$Us0cIUptruxCpjTpC4tTtJ$QrKYeDMJwyCO5Xc0hY/hYepT/k/bhAXz+y3EyMhadeU=", "last_login": null, "is_superuser": false, "first_name": "Shabeeb", "last_name": "", "is_staff": false, "is_active": true, "date_joined": "2025-04-03T06:21:52.590Z", "branch": 2, "email": "shabeeb@gmail.com", "usertype": "student", "groups": [], "user_permissions": []}}, {"model": "accounts.user", "pk": 13, "fields": {"password": "pbkdf2_sha256$600000$vO9iuSHzo00DY74GJnHpLx$Ejg8v1TKm+0qE9cIoznYunqiUYuLMLJz8Ok13AFCVho=", "last_login": null, "is_superuser": false, "first_name": "Ahmed", "last_name": "Habeeb", "is_staff": false, "is_active": true, "date_joined": "2025-04-04T06:12:30.797Z", "branch": null, "email": "habeeb2@gmail.com", "usertype": "student", "groups": [], "user_permissions": []}}, {"model": "accounts.user", "pk": 14, "fields": {"password": "pbkdf2_sha256$600000$RkAf3lbAybaPtNA3o43X2q$sOWUvy6OoLDQn9R0U3xju3bh4KpYawrS5qg4pKk3ZFw=", "last_login": "2025-04-04T06:16:46.634Z", "is_superuser": false, "first_name": "safa", "last_name": "sir", "is_staff": false, "is_active": true, "date_joined": "2025-04-04T06:14:46.868Z", "branch": 1, "email": "safa@gmail.com", "usertype": "student", "groups": [], "user_permissions": []}}, {"model": "accounts.user", "pk": 15, "fields": {"password": "pbkdf2_sha256$600000$0SDrwO7qyklSGAF2dGm8iQ$xljlQzJt9oVj5wGryFUEU+0tTMOtAlwUq1stgFR77GM=", "last_login": "2025-04-04T07:01:52.518Z", "is_superuser": false, "first_name": "saja", "last_name": "sir", "is_staff": false, "is_active": true, "date_joined": "2025-04-04T06:59:29.142Z", "branch": 1, "email": "saja@gmail.com", "usertype": "student", "groups": [], "user_permissions": []}}, {"model": "accounts.user", "pk": 16, "fields": {"password": "pbkdf2_sha256$600000$BG8kcCkE2gTaP4FuwpPvu1$ak9ZR11cEcizKLnGGnzPPvQNRfrgw11bcZMj3H2aeGM=", "last_login": null, "is_superuser": false, "first_name": "Nishad", "last_name": "Habeeb", "is_staff": false, "is_active": true, "date_joined": "2025-04-04T08:46:44.128Z", "branch": 2, "email": "nishadh@gmail.com", "usertype": "student", "groups": [], "user_permissions": []}}, {"model": "accounts.user", "pk": 17, "fields": {"password": "pbkdf2_sha256$600000$xQ6PEZo8xNLb6LNX5JQtoD$6/VVp7YSSUaH2i9Qgx81bY6Q3jexG2umOZVJR31tQ10=", "last_login": null, "is_superuser": false, "first_name": "Nishad", "last_name": "Habeeb", "is_staff": false, "is_active": true, "date_joined": "2025-04-04T08:47:40.323Z", "branch": 2, "email": "nishadh1@gmail.com", "usertype": "student", "groups": [], "user_permissions": []}}, {"model": "accounts.user", "pk": 18, "fields": {"password": "pbkdf2_sha256$600000$n8UU1Jf8vXechi1d1d8ufk$+ojZUKW/GGvIMJMOZf3A5mY2iPbMYmr2tfVflS6Jiqg=", "last_login": null, "is_superuser": false, "first_name": "Nishad", "last_name": "Habeeb", "is_staff": false, "is_active": true, "date_joined": "2025-04-04T08:49:51.122Z", "branch": 2, "email": "nishadh2@gmail.com", "usertype": "student", "groups": [], "user_permissions": []}}, {"model": "accounts.user", "pk": 19, "fields": {"password": "pbkdf2_sha256$600000$LDvkxYaXAknh4WMo8A61tq$p3+HCncRPC1Ntx63wtW5omJbQHJ1ZNGJ9gklD1AN/Uo=", "last_login": null, "is_superuser": false, "first_name": "mushraf", "last_name": "Sha", "is_staff": false, "is_active": true, "date_joined": "2025-04-04T09:06:30.789Z", "branch": 2, "email": "mushraf@gmail.com", "usertype": "student", "groups": [], "user_permissions": []}}, {"model": "accounts.user", "pk": 20, "fields": {"password": "pbkdf2_sha256$600000$8yBcIM2EwI9GhBUukHOsHe$Y6gI2lL0cB16eJJuIWt3QsxT5gR8IQddsKdHdXEyPII=", "last_login": null, "is_superuser": false, "first_name": "musthafa", "last_name": "Habeeb", "is_staff": false, "is_active": true, "date_joined": "2025-04-04T09:12:49.927Z", "branch": 2, "email": "muthafa@gmail.com", "usertype": "student", "groups": [], "user_permissions": []}}, {"model": "accounts.user", "pk": 21, "fields": {"password": "pbkdf2_sha256$600000$UT5qpcXZsRQBxVdwpjNihD$lKhc7bUQfhZIP44/g3OksPZ9eXiX9spWN7V1e5t4c+8=", "last_login": null, "is_superuser": false, "first_name": "sajil", "last_name": "Habeeb", "is_staff": false, "is_active": true, "date_joined": "2025-04-04T09:16:36.813Z", "branch": 1, "email": "sajil@gmail.com", "usertype": "student", "groups": [], "user_permissions": []}}, {"model": "accounts.user", "pk": 22, "fields": {"password": "pbkdf2_sha256$600000$YrnQjwfmIXXg6WnvN3aYtc$mFljiq/LLWY+Ci8Lo3J6bnmoqL6Go98b6RhBVBxB/Tg=", "last_login": null, "is_superuser": false, "first_name": "raheem", "last_name": "Habeeb", "is_staff": false, "is_active": true, "date_joined": "2025-04-04T10:56:06.555Z", "branch": 2, "email": "raheem@gmail.com", "usertype": "student", "groups": [], "user_permissions": []}}, {"model": "accounts.user", "pk": 23, "fields": {"password": "pbkdf2_sha256$600000$FTjAixg4h4weSv3nUw8S6D$Xxxf5SL++XIpjg+hbFRSAbIH7aqti/3EdXIA0Z4ig+0=", "last_login": null, "is_superuser": false, "first_name": "Vaseem", "last_name": "Habeeb", "is_staff": false, "is_active": true, "date_joined": "2025-04-05T04:33:38.602Z", "branch": 2, "email": "vaseem@gmail.com", "usertype": "student", "groups": [], "user_permissions": []}}, {"model": "accounts.user", "pk": 24, "fields": {"password": "pbkdf2_sha256$600000$m1VZcVA1Eow7yEwSKDdYmH$VbnAshwHQJ9EseDtWFN/i4jWmiw1k3EEhbTc0S7WfjI=", "last_login": null, "is_superuser": false, "first_name": "nishal", "last_name": "salman", "is_staff": false, "is_active": true, "date_joined": "2025-04-05T06:07:16.520Z", "branch": 2, "email": "nishal@gmail.com", "usertype": "student", "groups": [], "user_permissions": []}}, {"model": "accounts.user", "pk": 25, "fields": {"password": "pbkdf2_sha256$600000$xWz8vonEuMk0Y5GoKtyqqC$6DfCMPm7WP3xC21UFVNOGyWNcQNPK3zAX2I5sM/A2fo=", "last_login": null, "is_superuser": false, "first_name": "Shabeeb", "last_name": "Habeeb", "is_staff": false, "is_active": true, "date_joined": "2025-04-05T07:11:58.931Z", "branch": 2, "email": "shabeeb22@gmail.com", "usertype": "student", "groups": [], "user_permissions": []}}, {"model": "accounts.user", "pk": 26, "fields": {"password": "pbkdf2_sha256$600000$6cMTellZ89g4gojqMFZTOw$ep1nwxoVfvN5vrjollF4y2M77/fl0oGWLn60ESm0ib4=", "last_login": null, "is_superuser": false, "first_name": "rahman", "last_name": "Habeeb", "is_staff": false, "is_active": true, "date_joined": "2025-04-05T10:36:05.196Z", "branch": 2, "email": "rahmanhabeeb@gmail.com", "usertype": "student", "groups": [], "user_permissions": []}}, {"model": "masters.historicalbatch", "pk": 1, "fields": {"id": 1, "created": "2025-04-03T04:55:59.192Z", "updated": "2025-04-03T04:55:59.192Z", "is_active": true, "batch_name": "Morning Batch", "description": "", "creator": 1, "branch": 3, "academic_year": 1, "history_date": "2025-04-03T04:55:59.197Z", "history_change_reason": null, "history_type": "+", "history_user": 1}}, {"model": "masters.batch", "pk": 1, "fields": {"created": "2025-04-03T04:55:59.192Z", "updated": "2025-04-03T04:55:59.192Z", "creator": 1, "is_active": true, "branch": 3, "batch_name": "Morning Batch", "description": "", "academic_year": 1}}, {"model": "masters.historicalcourse", "pk": 1, "fields": {"id": 1, "created": "2025-03-06T09:48:45.588Z", "updated": "2025-03-06T09:48:45.588Z", "is_active": true, "name": "Graphics Designing", "fees": 50000, "description": "", "creator": 1, "history_date": "2025-03-06T09:48:45.592Z", "history_change_reason": null, "history_type": "+", "history_user": 1}}, {"model": "masters.course", "pk": 1, "fields": {"created": "2025-03-06T09:48:45.588Z", "updated": "2025-03-06T09:48:45.588Z", "creator": 1, "is_active": true, "name": "Graphics Designing", "fees": 50000, "description": ""}}, {"model": "branches.historicalbranch", "pk": 1, "fields": {"id": 1, "created": "2025-03-06T07:18:21.804Z", "updated": "2025-03-06T07:18:21.804Z", "name": "Kondotty", "address": "", "city": null, "state": null, "country": null, "postal_code": null, "contact_number": null, "email": null, "manager_name": null, "is_active": true, "opening_date": null, "creator": 1, "history_date": "2025-03-06T07:18:21.806Z", "history_change_reason": null, "history_type": "+", "history_user": 1}}, {"model": "branches.historicalbranch", "pk": 2, "fields": {"id": 2, "created": "2025-03-06T07:19:16.554Z", "updated": "2025-03-06T07:19:16.554Z", "name": "Ramanatukara", "address": "", "city": null, "state": null, "country": null, "postal_code": null, "contact_number": null, "email": null, "manager_name": null, "is_active": true, "opening_date": null, "creator": 1, "history_date": "2025-03-06T07:19:16.555Z", "history_change_reason": null, "history_type": "+", "history_user": 1}}, {"model": "branches.historicalbranch", "pk": 3, "fields": {"id": 3, "created": "2025-03-06T07:19:42.874Z", "updated": "2025-03-06T07:19:42.874Z", "name": "Perinthalmanna", "address": "", "city": null, "state": null, "country": null, "postal_code": null, "contact_number": null, "email": null, "manager_name": null, "is_active": true, "opening_date": null, "creator": 1, "history_date": "2025-03-06T07:19:42.875Z", "history_change_reason": null, "history_type": "+", "history_user": 1}}, {"model": "branches.historicalbranch", "pk": 4, "fields": {"id": 3, "created": "2025-03-06T07:19:42.874Z", "updated": "2025-04-03T07:07:27.458Z", "name": "Perinthalmanna", "address": "", "city": "Malappuram", "state": "Kerala", "country": "Indian", "postal_code": "679321", "contact_number": "+90876533", "email": "oxdu_perinthalmanna@gmail.com", "manager_name": "Resimina", "is_active": true, "opening_date": "2025-04-09", "creator": 1, "history_date": "2025-04-03T07:07:27.460Z", "history_change_reason": null, "history_type": "~", "history_user": 1}}, {"model": "branches.historicalbranch", "pk": 5, "fields": {"id": 3, "created": "2025-03-06T07:19:42.874Z", "updated": "2025-04-03T07:07:47.601Z", "name": "Perinthalmanna", "address": "", "city": "Malappuram", "state": "Kerala", "country": "Indian", "postal_code": "679321", "contact_number": "+90876533", "email": "oxdu_perinthalmanna@gmail.com", "manager_name": "Resmina", "is_active": true, "opening_date": "2025-04-09", "creator": 1, "history_date": "2025-04-03T07:07:47.603Z", "history_change_reason": null, "history_type": "~", "history_user": 1}}, {"model": "branches.historicalbranch", "pk": 6, "fields": {"id": 2, "created": "2025-03-06T07:19:16.554Z", "updated": "2025-04-03T07:09:17.115Z", "name": "Ramanattukara", "address": "", "city": "Calicut", "state": "Kerala", "country": "Indian", "postal_code": "673631", "contact_number": "+91908767637", "email": "oxdu_ramanattukara@gmail.com", "manager_name": "Resmina", "is_active": true, "opening_date": "2025-04-16", "creator": 1, "history_date": "2025-04-03T07:09:17.117Z", "history_change_reason": null, "history_type": "~", "history_user": 1}}, {"model": "branches.historicalbranch", "pk": 7, "fields": {"id": 1, "created": "2025-03-06T07:18:21.804Z", "updated": "2025-04-03T07:10:09.546Z", "name": "Kondotty", "address": "", "city": "Malappuram", "state": "Kerala", "country": "Indian", "postal_code": "673638", "contact_number": "+918078665543", "email": "oxdu_kondotty@gmail.com", "manager_name": "Resmina", "is_active": true, "opening_date": "2025-04-15", "creator": 1, "history_date": "2025-04-03T07:10:09.548Z", "history_change_reason": null, "history_type": "~", "history_user": 1}}, {"model": "branches.branch", "pk": 1, "fields": {"created": "2025-03-06T07:18:21.804Z", "updated": "2025-04-03T07:10:09.546Z", "creator": 1, "name": "Kondotty", "address": "", "city": "Malappuram", "state": "Kerala", "country": "Indian", "postal_code": "673638", "contact_number": "+918078665543", "email": "oxdu_kondotty@gmail.com", "manager_name": "Resmina", "is_active": true, "opening_date": "2025-04-15"}}, {"model": "branches.branch", "pk": 2, "fields": {"created": "2025-03-06T07:19:16.554Z", "updated": "2025-04-03T07:09:17.115Z", "creator": 1, "name": "Ramanattukara", "address": "", "city": "Calicut", "state": "Kerala", "country": "Indian", "postal_code": "673631", "contact_number": "+91908767637", "email": "oxdu_ramanattukara@gmail.com", "manager_name": "Resmina", "is_active": true, "opening_date": "2025-04-16"}}, {"model": "branches.branch", "pk": 3, "fields": {"created": "2025-03-06T07:19:42.874Z", "updated": "2025-04-03T07:07:47.601Z", "creator": 1, "name": "Perinthalmanna", "address": "", "city": "Malappuram", "state": "Kerala", "country": "Indian", "postal_code": "679321", "contact_number": "+90876533", "email": "oxdu_perinthalmanna@gmail.com", "manager_name": "Resmina", "is_active": true, "opening_date": "2025-04-09"}}]