[{"model": "admin_interface.theme", "pk": 1, "fields": {"name": "Django", "active": true, "title": "Django administration", "title_color": "#F5DD5D", "title_visible": true, "logo": "", "logo_color": "#FFFFFF", "logo_max_width": 400, "logo_max_height": 100, "logo_visible": true, "favicon": "", "env_name": "", "env_color": "#E74C3C", "env_visible_in_header": true, "env_visible_in_favicon": true, "language_chooser_active": true, "language_chooser_control": "default-select", "language_chooser_display": "code", "css_header_background_color": "#0C4B33", "css_header_text_color": "#44B78B", "css_header_link_color": "#FFFFFF", "css_header_link_hover_color": "#C9F0DD", "css_module_background_color": "#44B78B", "css_module_background_selected_color": "#FFFFCC", "css_module_text_color": "#FFFFFF", "css_module_link_color": "#FFFFFF", "css_module_link_selected_color": "#FFFFFF", "css_module_link_hover_color": "#C9F0DD", "css_module_rounded_corners": true, "css_generic_link_color": "#0C3C26", "css_generic_link_hover_color": "#156641", "css_generic_link_active_color": "#29B864", "css_save_button_background_color": "#0C4B33", "css_save_button_background_hover_color": "#0C3C26", "css_save_button_text_color": "#FFFFFF", "css_delete_button_background_color": "#BA2121", "css_delete_button_background_hover_color": "#A41515", "css_delete_button_text_color": "#FFFFFF", "related_modal_active": true, "related_modal_background_color": "#000000", "related_modal_background_opacity": "0.3", "related_modal_rounded_corners": true, "related_modal_close_button_visible": true, "list_filter_highlight": true, "list_filter_dropdown": true, "list_filter_sticky": true, "list_filter_removal_links": false, "foldable_apps": true, "show_fieldsets_as_tabs": false, "show_inlines_as_tabs": false, "collapsible_stacked_inlines": false, "collapsible_stacked_inlines_collapsed": true, "collapsible_tabular_inlines": false, "collapsible_tabular_inlines_collapsed": true, "recent_actions_visible": true, "form_submit_sticky": false, "form_pagination_sticky": false}}, {"model": "user_sessions.session", "pk": "3hrsi9597w05ryi1o13ui8ox7pi05lon", "fields": {"session_data": ".eJxVjMsOgyAQRf-FtSGgTBGX3fcbyDAM1T4gQV00Tf-9mrhot_ece97C47qMfp25-imKQehONL9jQLpz3km8Yb4WSSUvdQpyV-RBZ3kpkR_nw_0LjDiP25sBE_TognZkVYQTaM29dSoBke2i0-DQhgAmgW2VBiAVWmUTp9QZZbZoqJhpa5lGIGHk50T-xVjFoD9f1ZlBCg:1u9cd0:5csfH9q9g526AycUla4NaCHV2B72ER0EUeyJCEyH8WQ", "expire_date": "2025-05-13T04:31:30.940Z", "user": 13, "user_agent": "Mozilla/5.0 (iPhone; CPU iPhone OS 18_4 like Mac OS X) AppleWebKit/605.1.15 (KHTML, like Gecko) Version/18.4 Mobile/15E148 Safari/604.1", "last_activity": "2025-04-29T04:31:30.940Z", "ip": "106.222.236.182"}}, {"model": "user_sessions.session", "pk": "3sqa7knmo7i9we1gfjh3rum3z036gu4w", "fields": {"session_data": "e30:1u0FtL:JcOFVj2R-vEcmkpF42PEEF84LoY9CwWObOLCfcUgnFk", "expire_date": "2025-04-17T08:25:39.689Z", "user": null, "user_agent": "Mozilla/5.0 (X11; Linux x86_64) AppleWebKit/537.36 (KHTML, like Gecko) Chrome/134.0.0.0 Safari/537.36", "last_activity": "2025-04-03T08:25:39.689Z", "ip": "106.222.237.228"}}, {"model": "user_sessions.session", "pk": "4ori0ggdaj9y1rd1lwp1j0rs3901jffn", "fields": {"session_data": ".eJxVjE0OwiAYBe_C2pACRahL9z0D-f6QqqFJaVfGu2uTLnT7Zua9VIJtLWlrsqSJ1UUZdfrdEOghdQd8h3qbNc11XSbUu6IP2vQ4szyvh_t3UKCVb40eZSAHsQ_cUY5gyGOGLBji4HIH1rNzHDgY2_szWBOiRLKGCHw0pN4fDJ44jA:1u4aYJ:urS5TKdTMIe2AEAkFHa-toWHHS3Cmh-P4I0E3nJWgRI", "expire_date": "2025-04-29T07:17:51.129Z", "user": 1, "user_agent": "Mozilla/5.0 (X11; Linux x86_64) AppleWebKit/537.36 (KHTML, like Gecko) Chrome/126.0.0.0 Safari/537.36", "last_activity": "2025-04-15T07:17:51.130Z", "ip": "152.58.202.107"}}, {"model": "user_sessions.session", "pk": "74e3rfgvgixq8v4kvedccp2vdr1xywgc", "fields": {"session_data": ".eJxVjctuwyAURP-FtcXDNiX2svt-A7pcLoHWwRGPplHVf68jZdFu58yc-WYWeou2Vyo2ebYyNbHhb-gAPyg_iH-HfN457rmV5Pijwp-08rfd0_b67P4TRKjxWJOGoE-wOLWgkV6_aKXoZBYZNKKZ_KL0AsY5PQdtRqm0RulGaQKFMM1yPqSuQMbDNQ4MEDxdEto7QWGrGhj2Uig3-5noZnvZjsvY2rWuQuxfvlO58jNBvvMbuZoaiQvURqUKBw2j2FJtgv38ApFrW3M:1u9cZC:6jcroyUb-DpG6kXg7GCqSKt0CRNnPVV2WLZkzCzXnZ0", "expire_date": "2025-05-13T04:27:34.656Z", "user": 13, "user_agent": "Mozilla/5.0 (Windows NT 10.0; Win64; x64) AppleWebKit/537.36 (KHTML, like Gecko) Chrome/135.0.0.0 Safari/537.36", "last_activity": "2025-04-29T04:27:34.656Z", "ip": "103.42.196.121"}}, {"model": "user_sessions.session", "pk": "ce91vxf1gvg1615idc3kwav5tpec05k8", "fields": {"session_data": ".eJxVjcFOwzAQRP_F52DXSU3cHBHihsQfWOv1pjGkdrW2KRXi30mlHuA6b-bNt3DQ6uJaIXYxiElo0f3NPOAHpRsI75COWWJOlaOXt4q80yJfc6D16d79J1igLNvaG08HHMDux7DD2YJG42eYyY_2MMw76E0YhjCGUfd78wi9Hi1Z7DUiGKtxk3qGhJvLdAIQAp0iuisBi0l3Ahszpeo-I11c43W7XGo9l0mp_BUa8VkeCdJVXsiXWEmdoFTiot6eXx6YSm6MpNZYqhI_v4HIXsM:1uC9ha:JnUzcrBA1of9E22aM8he6wdtDrW3d1sv0RcqT8NcPeM", "expire_date": "2025-05-20T04:14:42.586Z", "user": 1, "user_agent": "Mozilla/5.0 (X11; Linux x86_64) AppleWebKit/537.36 (KHTML, like Gecko) Chrome/134.0.0.0 Safari/537.36", "last_activity": "2025-05-06T04:14:42.586Z", "ip": "110.225.131.182"}}, {"model": "user_sessions.session", "pk": "f8hy9aa91ixr1fgziultzy4xybti1vf1", "fields": {"session_data": ".eJxVjUtSwzAQRO-itUuWbA-KvWTPGVSj0SgWBDmlDyGVyt1xiixg26_79U1YbHW1rXC20YtF6FF0f0OH9MHpQfw7puMmaUs1RycfFfmkRb5tnk-vz-4_wYpl3dcMGOCAs9MzGeXhBbTmg5lVACIz-lnDjMY5mAKYQWkAUm5QJnAI46SmXeoyJtpdQyeQ0PNnJHtlzGLRnaCWM6dqvyJfbMun_XKt9VyWvt--feN8lkfGdJUXdiVW7n9tXHpx_wEM9Fee:1u9MOZ:M-v6_Q767-YAlD9kG6iXGLiHcauskRcQPK1Nvl-RJuM", "expire_date": "2025-05-12T11:11:31.354Z", "user": 13, "user_agent": "Mozilla/5.0 (iPhone; CPU iPhone OS 18_4 like Mac OS X) AppleWebKit/605.1.15 (KHTML, like Gecko) Version/18.4 Mobile/15E148 Safari/604.1", "last_activity": "2025-04-28T11:11:31.355Z", "ip": "157.51.210.20"}}, {"model": "user_sessions.session", "pk": "hpqncwhully3y8x2xhyler3nx504d0w0", "fields": {"session_data": ".eJxVjE0OwiAYBe_C2pACRahL9z0D-f6QqqFJaVfGu2uTLnT7Zua9VIJtLWlrsqSJ1UUZdfrdEOghdQd8h3qbNc11XSbUu6IP2vQ4szyvh_t3UKCVb40eZSAHsQ_cUY5gyGOGLBji4HIH1rNzHDgY2_szWBOiRLKGCHw0pN4fDJ44jA:1u0FuJ:KBmd8VpVNP1ugDgG-UAyHFgTFVatu9UfOJb8FLrl9ss", "expire_date": "2025-04-17T08:26:39.074Z", "user": 1, "user_agent": "Mozilla/5.0 (X11; Linux x86_64) AppleWebKit/537.36 (KHTML, like Gecko) Chrome/134.0.0.0 Safari/537.36", "last_activity": "2025-04-03T08:26:39.074Z", "ip": "106.222.237.228"}}, {"model": "user_sessions.session", "pk": "lojcijs4jpi4lwlcniy1y7iims7meudo", "fields": {"session_data": ".eJxVjktywyAQRO_CWuFjaYLR0vucgRpgkEhs5AIUx5XK3YOrvEi2_Xnd38zi3la7Vyo2BTYzNbLhr-jQf1B-OOEd87Jxv-VWkuOPCH-6lb9tgc6nZ_YfYMW69jYBRjiiccp4LQO8glJ01EZG8F6PwSgwqJ2DKYI-SAXgpTtIHSnGcZJTh7qC2XcWDAw9Brokb--Ehc1qYH4vhXKzn4ludi_nPrm2dq2zENtX2Klc-UKY7_xGrqZGAsMl1Zq2LLC1_rqz6aXQkmqjUgX7-QUCcGBt:1u9ShX:MRSX5-KuHPAmhp6FZSbT7TLGF6kSY_Ey01Kt_cSDnXQ", "expire_date": "2025-05-12T17:55:31.207Z", "user": 13, "user_agent": "Mozilla/5.0 (iPhone; CPU iPhone OS 18_4_0 like Mac OS X) AppleWebKit/605.1.15 (KHTML, like Gecko) CriOS/134.0.6998.99 Mobile/15E148 Safari/604.1", "last_activity": "2025-04-28T17:55:31.208Z", "ip": "106.222.182.110"}}, {"model": "user_sessions.session", "pk": "pbjgbcnmtwpja6be4k87t95oigohmg4s", "fields": {"session_data": ".eJxVjE0OwiAYBe_C2pACRahL9z0D-f6QqqFJaVfGu2uTLnT7Zua9VIJtLWlrsqSJ1UUZdfrdEOghdQd8h3qbNc11XSbUu6IP2vQ4szyvh_t3UKCVb40eZSAHsQ_cUY5gyGOGLBji4HIH1rNzHDgY2_szWBOiRLKGCHw0pN4fDJ44jA:1u9cbq:lsEUGyS3nVMgCz353spTp9f4oveti-xUl-MdNZC1EfA", "expire_date": "2025-05-13T04:30:18.271Z", "user": 1, "user_agent": "Mozilla/5.0 (X11; Linux x86_64) AppleWebKit/537.36 (KHTML, like Gecko) Chrome/134.0.0.0 Safari/537.36", "last_activity": "2025-04-29T04:30:18.271Z", "ip": "106.222.236.182"}}, {"model": "user_sessions.session", "pk": "ukfpe5vtmcg6qubwfiyf6urq9o7qqdbk", "fields": {"session_data": ".eJxVjUtywjAQRO-itZGQjWLhJfucQTWaGWMlIFH6QKhU7h67ikWy7e73-ls4aHVxrXB2gcQktOj-Zh7wk-NW0AfEc5KYYs3By20iX22R74n4cnpt_wkWKMtKe-P5iAPYw0h7nC1oNH6Gmf1oj8O8h97QMNBIo-4P5g16PVq22GtEMFbjKvUZIq4u0wlAIL4GdE-GLCbdCWw5c6zuHvjhWr6sl0uttzIplb6ocb7JM0N8ygf7EioroGsoJaSoSm20omU3M-_SnfPmUOLnF9FeYaw:1u9MVv:OR9zabCS6Amw4m02N_0vmv1vskyNvikdMGSmN0hKBac", "expire_date": "2025-05-12T11:19:07.917Z", "user": 1, "user_agent": "Mozilla/5.0 (X11; Linux x86_64) AppleWebKit/537.36 (KHTML, like Gecko) Chrome/134.0.0.0 Safari/537.36", "last_activity": "2025-04-28T11:19:07.917Z", "ip": "103.42.196.77"}}, {"model": "user_sessions.session", "pk": "zgqvtuk5536b2zxynb9lqee8dohyur47", "fields": {"session_data": ".eJxVjcFuwyAQRP-Fs4sh9pbYx9z7DWhZlpg2AQtw06jqv9eRcmiv82befAuLW1vsVrnY6MUs9CC6v6FD-uD0IP4d0zlLyqmV6OSjIp-0yrfs-XJ6dv8JFqzLvmbAAEecnJ7IKA-voDUfzaQCEJnBTxomNM7BGMAclAYg5Q7KBA5hGNW4S13BRLsLOoGEnq-R7J2xiFl3grZSODX7Gflmt3LZL5fW1jr3ff7yG5dVnhnTXd7Y1di4R3-Ntcac-sD8Upg4rq324ucXBS5dDQ:1u9MWe:npozI4zYUciBcFR8XD476BZFq-YOqtNcuh_osSEGrl4", "expire_date": "2025-05-12T11:19:52.947Z", "user": 13, "user_agent": "Mozilla/5.0 (X11; Linux x86_64) AppleWebKit/537.36 (KHTML, like Gecko) Chrome/134.0.0.0 Safari/537.36", "last_activity": "2025-04-28T11:19:52.947Z", "ip": "103.42.196.77"}}, {"model": "user_sessions.session", "pk": "zm0dulln94x852uebvjtl6z8gmdgj3uc", "fields": {"session_data": ".eJxVjE0OwiAYBe_C2pACRahL9z0D-f6QqqFJaVfGu2uTLnT7Zua9VIJtLWlrsqSJ1UUZdfrdEOghdQd8h3qbNc11XSbUu6IP2vQ4szyvh_t3UKCVb40eZSAHsQ_cUY5gyGOGLBji4HIH1rNzHDgY2_szWBOiRLKGCHw0pN4fDJ44jA:1u9KPp:FidSOmATIg3LiA055ZXob9bpEuCwBPFZRxWKLFfIAsQ", "expire_date": "2025-05-12T09:04:41.566Z", "user": 1, "user_agent": "Mozilla/5.0 (X11; Linux x86_64) AppleWebKit/537.36 (KHTML, like Gecko) Chrome/134.0.0.0 Safari/537.36", "last_activity": "2025-04-28T09:04:41.567Z", "ip": "103.42.196.77"}}, {"model": "employees.historicaldesignation", "pk": 1, "fields": {"id": 1, "created": "2025-04-03T08:29:45.780Z", "updated": "2025-04-03T08:29:45.780Z", "is_active": true, "name": "Teacher", "description": "", "creator": 1, "history_date": "2025-04-03T08:29:45.782Z", "history_change_reason": null, "history_type": "+", "history_user": 1}}, {"model": "employees.historicaldesignation", "pk": 2, "fields": {"id": 2, "created": "2025-04-03T08:36:04.083Z", "updated": "2025-04-03T08:36:04.083Z", "is_active": true, "name": "Manager", "description": "", "creator": 1, "history_date": "2025-04-03T08:36:04.086Z", "history_change_reason": null, "history_type": "+", "history_user": 1}}, {"model": "employees.designation", "pk": 1, "fields": {"created": "2025-04-03T08:29:45.780Z", "updated": "2025-04-03T08:29:45.780Z", "creator": 1, "is_active": true, "name": "Teacher", "description": ""}}, {"model": "employees.designation", "pk": 2, "fields": {"created": "2025-04-03T08:36:04.083Z", "updated": "2025-04-03T08:36:04.083Z", "creator": 1, "is_active": true, "name": "Manager", "description": ""}}, {"model": "employees.historicaldepartment", "pk": 1, "fields": {"id": 1, "created": "2025-04-03T08:29:37.182Z", "updated": "2025-04-03T08:29:37.182Z", "is_active": true, "name": "Designing", "description": "", "creator": 1, "department_lead": null, "history_date": "2025-04-03T08:29:37.185Z", "history_change_reason": null, "history_type": "+", "history_user": 1}}, {"model": "employees.historicaldepartment", "pk": 2, "fields": {"id": 2, "created": "2025-04-03T08:32:33.720Z", "updated": "2025-04-03T08:32:33.720Z", "is_active": true, "name": "Development", "description": "", "creator": 1, "department_lead": null, "history_date": "2025-04-03T08:32:33.722Z", "history_change_reason": null, "history_type": "+", "history_user": 1}}, {"model": "employees.historicaldepartment", "pk": 3, "fields": {"id": 3, "created": "2025-04-03T08:35:57.634Z", "updated": "2025-04-03T08:35:57.634Z", "is_active": true, "name": "Management", "description": "", "creator": 1, "department_lead": null, "history_date": "2025-04-03T08:35:57.637Z", "history_change_reason": null, "history_type": "+", "history_user": 1}}, {"model": "employees.department", "pk": 1, "fields": {"created": "2025-04-03T08:29:37.182Z", "updated": "2025-04-03T08:29:37.182Z", "creator": 1, "is_active": true, "name": "Designing", "description": "", "department_lead": null}}, {"model": "employees.department", "pk": 2, "fields": {"created": "2025-04-03T08:32:33.720Z", "updated": "2025-04-03T08:32:33.720Z", "creator": 1, "is_active": true, "name": "Development", "description": "", "department_lead": null}}, {"model": "employees.department", "pk": 3, "fields": {"created": "2025-04-03T08:35:57.634Z", "updated": "2025-04-03T08:35:57.634Z", "creator": 1, "is_active": true, "name": "Management", "description": "", "department_lead": null}}, {"model": "employees.historicalemployee", "pk": 1, "fields": {"id": 1, "created": "2025-04-03T08:29:17.603Z", "updated": "2025-04-03T08:29:17.604Z", "is_active": true, "first_name": "Ahmed", "last_name": "Mansha", "employee_id": null, "gender": "MALE", "marital_status": "MARRIED", "personal_email": "mansha@gmail.com", "mobile": "+91903767544", "whatsapp": "+91903767544", "date_of_birth": "2000-04-10", "religion": "Muslim", "experience": "", "qualifications": "", "photo": "", "official_email": null, "status": "Appointed", "resigned_date": null, "notice_date": null, "resigned_form": "", "termination_date": null, "termination_reason": null, "father_name": null, "father_mobile": null, "mother_name": null, "guardian_name": null, "guardian_mobile": null, "relationship_with_employee": null, "date_of_joining": null, "date_of_confirmation": null, "offer_letter": "", "joining_letter": "", "agreement_letter": "", "experience_letter": "", "type_of_residence": null, "residence_name": null, "residential_address": null, "residence_contact": null, "residential_zip_code": null, "permanent_address": null, "permanent_zip_code": null, "bank_name": null, "account_name": null, "account_number": null, "ifsc_code": null, "bank_branch": null, "pan_number": null, "employment_type": null, "blood_group": "a-positive", "basic_salary": null, "hra": null, "other_allowance": null, "transportation_allowance": null, "creator": null, "branch": 2, "user": null, "department": null, "designation": null, "course": null, "history_date": "2025-04-03T08:29:17.607Z", "history_change_reason": null, "history_type": "+", "history_user": 1}}, {"model": "employees.historicalemployee", "pk": 2, "fields": {"id": 1, "created": "2025-04-03T08:29:17.603Z", "updated": "2025-04-03T08:29:17.613Z", "is_active": true, "first_name": "Ahmed", "last_name": "Mansha", "employee_id": null, "gender": "MALE", "marital_status": "MARRIED", "personal_email": "mansha@gmail.com", "mobile": "+91903767544", "whatsapp": "+91903767544", "date_of_birth": "2000-04-10", "religion": "Muslim", "experience": "", "qualifications": "", "photo": "", "official_email": null, "status": "Appointed", "resigned_date": null, "notice_date": null, "resigned_form": "", "termination_date": null, "termination_reason": null, "father_name": null, "father_mobile": null, "mother_name": null, "guardian_name": null, "guardian_mobile": null, "relationship_with_employee": null, "date_of_joining": null, "date_of_confirmation": null, "offer_letter": "", "joining_letter": "", "agreement_letter": "", "experience_letter": "", "type_of_residence": null, "residence_name": null, "residential_address": null, "residence_contact": null, "residential_zip_code": null, "permanent_address": null, "permanent_zip_code": null, "bank_name": null, "account_name": null, "account_number": null, "ifsc_code": null, "bank_branch": null, "pan_number": null, "employment_type": null, "blood_group": "a-positive", "basic_salary": null, "hra": null, "other_allowance": null, "transportation_allowance": null, "creator": 1, "branch": 1, "user": null, "department": null, "designation": null, "course": null, "history_date": "2025-04-03T08:29:17.615Z", "history_change_reason": null, "history_type": "~", "history_user": 1}}, {"model": "employees.historicalemployee", "pk": 3, "fields": {"id": 1, "created": "2025-04-03T08:29:17.603Z", "updated": "2025-04-03T08:29:20.743Z", "is_active": true, "first_name": "Ahmed", "last_name": "Mansha", "employee_id": null, "gender": "MALE", "marital_status": "MARRIED", "personal_email": "mansha@gmail.com", "mobile": "+91903767544", "whatsapp": "+91903767544", "date_of_birth": "2000-04-10", "religion": "Muslim", "experience": "", "qualifications": "", "photo": "", "official_email": null, "status": "Appointed", "resigned_date": null, "notice_date": null, "resigned_form": "", "termination_date": null, "termination_reason": null, "father_name": null, "father_mobile": null, "mother_name": null, "guardian_name": null, "guardian_mobile": null, "relationship_with_employee": null, "date_of_joining": null, "date_of_confirmation": null, "offer_letter": "", "joining_letter": "", "agreement_letter": "", "experience_letter": "", "type_of_residence": null, "residence_name": null, "residential_address": null, "residence_contact": null, "residential_zip_code": null, "permanent_address": null, "permanent_zip_code": null, "bank_name": null, "account_name": null, "account_number": null, "ifsc_code": null, "bank_branch": null, "pan_number": null, "employment_type": null, "blood_group": "a-positive", "basic_salary": null, "hra": null, "other_allowance": null, "transportation_allowance": null, "creator": 1, "branch": 1, "user": null, "department": null, "designation": null, "course": null, "history_date": "2025-04-03T08:29:20.746Z", "history_change_reason": null, "history_type": "~", "history_user": 1}}, {"model": "employees.historicalemployee", "pk": 4, "fields": {"id": 1, "created": "2025-04-03T08:29:17.603Z", "updated": "2025-04-03T08:29:22.544Z", "is_active": true, "first_name": "Ahmed", "last_name": "Mansha", "employee_id": null, "gender": "MALE", "marital_status": "MARRIED", "personal_email": "mansha@gmail.com", "mobile": "+91903767544", "whatsapp": "+91903767544", "date_of_birth": "2000-04-10", "religion": "Muslim", "experience": "", "qualifications": "", "photo": "", "official_email": null, "status": "Appointed", "resigned_date": null, "notice_date": null, "resigned_form": "", "termination_date": null, "termination_reason": null, "father_name": null, "father_mobile": null, "mother_name": null, "guardian_name": null, "guardian_mobile": null, "relationship_with_employee": null, "date_of_joining": null, "date_of_confirmation": null, "offer_letter": "", "joining_letter": "", "agreement_letter": "", "experience_letter": "", "type_of_residence": null, "residence_name": null, "residential_address": "", "residence_contact": null, "residential_zip_code": null, "permanent_address": "", "permanent_zip_code": null, "bank_name": null, "account_name": null, "account_number": null, "ifsc_code": null, "bank_branch": null, "pan_number": null, "employment_type": null, "blood_group": "a-positive", "basic_salary": null, "hra": null, "other_allowance": null, "transportation_allowance": null, "creator": 1, "branch": 1, "user": null, "department": null, "designation": null, "course": null, "history_date": "2025-04-03T08:29:22.546Z", "history_change_reason": null, "history_type": "~", "history_user": 1}}, {"model": "employees.historicalemployee", "pk": 5, "fields": {"id": 1, "created": "2025-04-03T08:29:17.603Z", "updated": "2025-04-03T08:30:27.083Z", "is_active": true, "first_name": "Ahmed", "last_name": "Mansha", "employee_id": "0001", "gender": "MALE", "marital_status": "MARRIED", "personal_email": "mansha@gmail.com", "mobile": "+91903767544", "whatsapp": "+91903767544", "date_of_birth": "2000-04-10", "religion": "Muslim", "experience": "", "qualifications": "", "photo": "", "official_email": "mansha@gmail.com", "status": "Appointed", "resigned_date": null, "notice_date": null, "resigned_form": "", "termination_date": null, "termination_reason": null, "father_name": null, "father_mobile": null, "mother_name": null, "guardian_name": null, "guardian_mobile": null, "relationship_with_employee": null, "date_of_joining": "2025-04-10", "date_of_confirmation": "2025-04-09", "offer_letter": "", "joining_letter": "", "agreement_letter": "", "experience_letter": "", "type_of_residence": null, "residence_name": null, "residential_address": "", "residence_contact": null, "residential_zip_code": null, "permanent_address": "", "permanent_zip_code": null, "bank_name": null, "account_name": null, "account_number": null, "ifsc_code": null, "bank_branch": null, "pan_number": null, "employment_type": "PERMANENT", "blood_group": "a-positive", "basic_salary": null, "hra": null, "other_allowance": null, "transportation_allowance": null, "creator": 1, "branch": 1, "user": null, "department": 1, "designation": 1, "course": 1, "history_date": "2025-04-03T08:30:27.086Z", "history_change_reason": null, "history_type": "~", "history_user": 1}}, {"model": "employees.historicalemployee", "pk": 6, "fields": {"id": 1, "created": "2025-04-03T08:29:17.603Z", "updated": "2025-04-03T08:30:29.828Z", "is_active": true, "first_name": "Ahmed", "last_name": "Mansha", "employee_id": "0001", "gender": "MALE", "marital_status": "MARRIED", "personal_email": "mansha@gmail.com", "mobile": "+91903767544", "whatsapp": "+91903767544", "date_of_birth": "2000-04-10", "religion": "Muslim", "experience": "", "qualifications": "", "photo": "", "official_email": "mansha@gmail.com", "status": "Appointed", "resigned_date": null, "notice_date": null, "resigned_form": "", "termination_date": null, "termination_reason": null, "father_name": null, "father_mobile": null, "mother_name": null, "guardian_name": null, "guardian_mobile": null, "relationship_with_employee": null, "date_of_joining": "2025-04-10", "date_of_confirmation": "2025-04-09", "offer_letter": "", "joining_letter": "", "agreement_letter": "", "experience_letter": "", "type_of_residence": null, "residence_name": null, "residential_address": "", "residence_contact": null, "residential_zip_code": null, "permanent_address": "", "permanent_zip_code": null, "bank_name": null, "account_name": null, "account_number": null, "ifsc_code": null, "bank_branch": null, "pan_number": null, "employment_type": "PERMANENT", "blood_group": "a-positive", "basic_salary": null, "hra": null, "other_allowance": null, "transportation_allowance": null, "creator": 1, "branch": 1, "user": null, "department": 1, "designation": 1, "course": 1, "history_date": "2025-04-03T08:30:29.831Z", "history_change_reason": null, "history_type": "~", "history_user": 1}}, {"model": "employees.historicalemployee", "pk": 7, "fields": {"id": 1, "created": "2025-04-03T08:29:17.603Z", "updated": "2025-04-03T08:30:37.548Z", "is_active": true, "first_name": "Ahmed", "last_name": "Mansha", "employee_id": "0001", "gender": "MALE", "marital_status": "MARRIED", "personal_email": "mansha@gmail.com", "mobile": "+91903767544", "whatsapp": "+91903767544", "date_of_birth": "2000-04-10", "religion": "Muslim", "experience": "", "qualifications": "", "photo": "", "official_email": "mansha@gmail.com", "status": "Appointed", "resigned_date": null, "notice_date": null, "resigned_form": "", "termination_date": null, "termination_reason": null, "father_name": null, "father_mobile": null, "mother_name": null, "guardian_name": null, "guardian_mobile": null, "relationship_with_employee": null, "date_of_joining": "2025-04-10", "date_of_confirmation": "2025-04-09", "offer_letter": "", "joining_letter": "", "agreement_letter": "", "experience_letter": "", "type_of_residence": null, "residence_name": null, "residential_address": "", "residence_contact": null, "residential_zip_code": null, "permanent_address": "", "permanent_zip_code": null, "bank_name": null, "account_name": null, "account_number": null, "ifsc_code": null, "bank_branch": null, "pan_number": null, "employment_type": "PERMANENT", "blood_group": "a-positive", "basic_salary": null, "hra": null, "other_allowance": null, "transportation_allowance": null, "creator": 1, "branch": 1, "user": 2, "department": 1, "designation": 1, "course": 1, "history_date": "2025-04-03T08:30:37.550Z", "history_change_reason": null, "history_type": "~", "history_user": 1}}, {"model": "employees.historicalemployee", "pk": 8, "fields": {"id": 1, "created": "2025-04-03T08:29:17.603Z", "updated": "2025-04-03T08:30:59.104Z", "is_active": true, "first_name": "Ahmed", "last_name": "Mansha", "employee_id": "0001", "gender": "MALE", "marital_status": "MARRIED", "personal_email": "mansha@gmail.com", "mobile": "+91903767544", "whatsapp": "+91903767544", "date_of_birth": "2000-04-10", "religion": "Muslim", "experience": "", "qualifications": "", "photo": "", "official_email": "mansha@gmail.com", "status": "Appointed", "resigned_date": null, "notice_date": null, "resigned_form": "", "termination_date": null, "termination_reason": null, "father_name": null, "father_mobile": null, "mother_name": null, "guardian_name": null, "guardian_mobile": null, "relationship_with_employee": null, "date_of_joining": "2025-04-10", "date_of_confirmation": "2025-04-09", "offer_letter": "", "joining_letter": "", "agreement_letter": "", "experience_letter": "", "type_of_residence": null, "residence_name": null, "residential_address": "", "residence_contact": null, "residential_zip_code": null, "permanent_address": "", "permanent_zip_code": null, "bank_name": null, "account_name": null, "account_number": null, "ifsc_code": null, "bank_branch": null, "pan_number": null, "employment_type": "PERMANENT", "blood_group": "a-positive", "basic_salary": null, "hra": null, "other_allowance": null, "transportation_allowance": null, "creator": 1, "branch": 2, "user": 2, "department": 1, "designation": 1, "course": 1, "history_date": "2025-04-03T08:30:59.106Z", "history_change_reason": null, "history_type": "~", "history_user": 1}}, {"model": "employees.historicalemployee", "pk": 9, "fields": {"id": 2, "created": "2025-04-03T08:32:18.461Z", "updated": "2025-04-03T08:32:18.461Z", "is_active": true, "first_name": "Nishad", "last_name": null, "employee_id": null, "gender": null, "marital_status": null, "personal_email": "nishad@gmail.com", "mobile": null, "whatsapp": null, "date_of_birth": null, "religion": null, "experience": "", "qualifications": "", "photo": "", "official_email": null, "status": "Appointed", "resigned_date": null, "notice_date": null, "resigned_form": "", "termination_date": null, "termination_reason": null, "father_name": null, "father_mobile": null, "mother_name": null, "guardian_name": null, "guardian_mobile": null, "relationship_with_employee": null, "date_of_joining": null, "date_of_confirmation": null, "offer_letter": "", "joining_letter": "", "agreement_letter": "", "experience_letter": "", "type_of_residence": null, "residence_name": null, "residential_address": null, "residence_contact": null, "residential_zip_code": null, "permanent_address": null, "permanent_zip_code": null, "bank_name": null, "account_name": null, "account_number": null, "ifsc_code": null, "bank_branch": null, "pan_number": null, "employment_type": null, "blood_group": null, "basic_salary": null, "hra": null, "other_allowance": null, "transportation_allowance": null, "creator": null, "branch": 2, "user": null, "department": null, "designation": null, "course": null, "history_date": "2025-04-03T08:32:18.465Z", "history_change_reason": null, "history_type": "+", "history_user": 1}}, {"model": "employees.historicalemployee", "pk": 10, "fields": {"id": 2, "created": "2025-04-03T08:32:18.461Z", "updated": "2025-04-03T08:32:18.470Z", "is_active": true, "first_name": "Nishad", "last_name": null, "employee_id": null, "gender": null, "marital_status": null, "personal_email": "nishad@gmail.com", "mobile": null, "whatsapp": null, "date_of_birth": null, "religion": null, "experience": "", "qualifications": "", "photo": "", "official_email": null, "status": "Appointed", "resigned_date": null, "notice_date": null, "resigned_form": "", "termination_date": null, "termination_reason": null, "father_name": null, "father_mobile": null, "mother_name": null, "guardian_name": null, "guardian_mobile": null, "relationship_with_employee": null, "date_of_joining": null, "date_of_confirmation": null, "offer_letter": "", "joining_letter": "", "agreement_letter": "", "experience_letter": "", "type_of_residence": null, "residence_name": null, "residential_address": null, "residence_contact": null, "residential_zip_code": null, "permanent_address": null, "permanent_zip_code": null, "bank_name": null, "account_name": null, "account_number": null, "ifsc_code": null, "bank_branch": null, "pan_number": null, "employment_type": null, "blood_group": null, "basic_salary": null, "hra": null, "other_allowance": null, "transportation_allowance": null, "creator": 1, "branch": 1, "user": null, "department": null, "designation": null, "course": null, "history_date": "2025-04-03T08:32:18.472Z", "history_change_reason": null, "history_type": "~", "history_user": 1}}, {"model": "employees.historicalemployee", "pk": 11, "fields": {"id": 2, "created": "2025-04-03T08:32:18.461Z", "updated": "2025-04-03T08:32:20.655Z", "is_active": true, "first_name": "Nishad", "last_name": null, "employee_id": null, "gender": null, "marital_status": null, "personal_email": "nishad@gmail.com", "mobile": null, "whatsapp": null, "date_of_birth": null, "religion": null, "experience": "", "qualifications": "", "photo": "", "official_email": null, "status": "Appointed", "resigned_date": null, "notice_date": null, "resigned_form": "", "termination_date": null, "termination_reason": null, "father_name": null, "father_mobile": null, "mother_name": null, "guardian_name": null, "guardian_mobile": null, "relationship_with_employee": null, "date_of_joining": null, "date_of_confirmation": null, "offer_letter": "", "joining_letter": "", "agreement_letter": "", "experience_letter": "", "type_of_residence": null, "residence_name": null, "residential_address": null, "residence_contact": null, "residential_zip_code": null, "permanent_address": null, "permanent_zip_code": null, "bank_name": null, "account_name": null, "account_number": null, "ifsc_code": null, "bank_branch": null, "pan_number": null, "employment_type": null, "blood_group": null, "basic_salary": null, "hra": null, "other_allowance": null, "transportation_allowance": null, "creator": 1, "branch": 1, "user": null, "department": null, "designation": null, "course": null, "history_date": "2025-04-03T08:32:20.658Z", "history_change_reason": null, "history_type": "~", "history_user": 1}}, {"model": "employees.historicalemployee", "pk": 12, "fields": {"id": 2, "created": "2025-04-03T08:32:18.461Z", "updated": "2025-04-03T08:32:22.903Z", "is_active": true, "first_name": "Nishad", "last_name": null, "employee_id": null, "gender": null, "marital_status": null, "personal_email": "nishad@gmail.com", "mobile": null, "whatsapp": null, "date_of_birth": null, "religion": null, "experience": "", "qualifications": "", "photo": "", "official_email": null, "status": "Appointed", "resigned_date": null, "notice_date": null, "resigned_form": "", "termination_date": null, "termination_reason": null, "father_name": null, "father_mobile": null, "mother_name": null, "guardian_name": null, "guardian_mobile": null, "relationship_with_employee": null, "date_of_joining": null, "date_of_confirmation": null, "offer_letter": "", "joining_letter": "", "agreement_letter": "", "experience_letter": "", "type_of_residence": null, "residence_name": null, "residential_address": "", "residence_contact": null, "residential_zip_code": null, "permanent_address": "", "permanent_zip_code": null, "bank_name": null, "account_name": null, "account_number": null, "ifsc_code": null, "bank_branch": null, "pan_number": null, "employment_type": null, "blood_group": null, "basic_salary": null, "hra": null, "other_allowance": null, "transportation_allowance": null, "creator": 1, "branch": 1, "user": null, "department": null, "designation": null, "course": null, "history_date": "2025-04-03T08:32:22.906Z", "history_change_reason": null, "history_type": "~", "history_user": 1}}, {"model": "employees.historicalemployee", "pk": 13, "fields": {"id": 2, "created": "2025-04-03T08:32:18.461Z", "updated": "2025-04-03T08:33:10.447Z", "is_active": true, "first_name": "Nishad", "last_name": null, "employee_id": "0002", "gender": null, "marital_status": null, "personal_email": "nishad@gmail.com", "mobile": null, "whatsapp": null, "date_of_birth": null, "religion": null, "experience": "", "qualifications": "", "photo": "", "official_email": null, "status": "Appointed", "resigned_date": null, "notice_date": null, "resigned_form": "", "termination_date": null, "termination_reason": null, "father_name": null, "father_mobile": null, "mother_name": null, "guardian_name": null, "guardian_mobile": null, "relationship_with_employee": null, "date_of_joining": "2025-04-11", "date_of_confirmation": "2025-04-09", "offer_letter": "", "joining_letter": "", "agreement_letter": "", "experience_letter": "", "type_of_residence": null, "residence_name": null, "residential_address": "", "residence_contact": null, "residential_zip_code": null, "permanent_address": "", "permanent_zip_code": null, "bank_name": null, "account_name": null, "account_number": null, "ifsc_code": null, "bank_branch": null, "pan_number": null, "employment_type": "PERMANENT", "blood_group": null, "basic_salary": null, "hra": null, "other_allowance": null, "transportation_allowance": null, "creator": 1, "branch": 1, "user": null, "department": 2, "designation": 1, "course": 2, "history_date": "2025-04-03T08:33:10.450Z", "history_change_reason": null, "history_type": "~", "history_user": 1}}, {"model": "employees.historicalemployee", "pk": 14, "fields": {"id": 2, "created": "2025-04-03T08:32:18.461Z", "updated": "2025-04-03T08:33:12.374Z", "is_active": true, "first_name": "Nishad", "last_name": null, "employee_id": "0002", "gender": null, "marital_status": null, "personal_email": "nishad@gmail.com", "mobile": null, "whatsapp": null, "date_of_birth": null, "religion": null, "experience": "", "qualifications": "", "photo": "", "official_email": null, "status": "Appointed", "resigned_date": null, "notice_date": null, "resigned_form": "", "termination_date": null, "termination_reason": null, "father_name": null, "father_mobile": null, "mother_name": null, "guardian_name": null, "guardian_mobile": null, "relationship_with_employee": null, "date_of_joining": "2025-04-11", "date_of_confirmation": "2025-04-09", "offer_letter": "", "joining_letter": "", "agreement_letter": "", "experience_letter": "", "type_of_residence": null, "residence_name": null, "residential_address": "", "residence_contact": null, "residential_zip_code": null, "permanent_address": "", "permanent_zip_code": null, "bank_name": null, "account_name": null, "account_number": null, "ifsc_code": null, "bank_branch": null, "pan_number": null, "employment_type": "PERMANENT", "blood_group": null, "basic_salary": null, "hra": null, "other_allowance": null, "transportation_allowance": null, "creator": 1, "branch": 1, "user": null, "department": 2, "designation": 1, "course": 2, "history_date": "2025-04-03T08:33:12.376Z", "history_change_reason": null, "history_type": "~", "history_user": 1}}, {"model": "employees.historicalemployee", "pk": 15, "fields": {"id": 2, "created": "2025-04-03T08:32:18.461Z", "updated": "2025-04-03T08:33:18.564Z", "is_active": true, "first_name": "Nishad", "last_name": null, "employee_id": "0002", "gender": null, "marital_status": null, "personal_email": "nishad@gmail.com", "mobile": null, "whatsapp": null, "date_of_birth": null, "religion": null, "experience": "", "qualifications": "", "photo": "", "official_email": null, "status": "Appointed", "resigned_date": null, "notice_date": null, "resigned_form": "", "termination_date": null, "termination_reason": null, "father_name": null, "father_mobile": null, "mother_name": null, "guardian_name": null, "guardian_mobile": null, "relationship_with_employee": null, "date_of_joining": "2025-04-11", "date_of_confirmation": "2025-04-09", "offer_letter": "", "joining_letter": "", "agreement_letter": "", "experience_letter": "", "type_of_residence": null, "residence_name": null, "residential_address": "", "residence_contact": null, "residential_zip_code": null, "permanent_address": "", "permanent_zip_code": null, "bank_name": null, "account_name": null, "account_number": null, "ifsc_code": null, "bank_branch": null, "pan_number": null, "employment_type": "PERMANENT", "blood_group": null, "basic_salary": null, "hra": null, "other_allowance": null, "transportation_allowance": null, "creator": 1, "branch": 1, "user": 3, "department": 2, "designation": 1, "course": 2, "history_date": "2025-04-03T08:33:18.567Z", "history_change_reason": null, "history_type": "~", "history_user": 1}}, {"model": "employees.historicalemployee", "pk": 16, "fields": {"id": 2, "created": "2025-04-03T08:32:18.461Z", "updated": "2025-04-03T08:33:39.214Z", "is_active": true, "first_name": "Nishad", "last_name": null, "employee_id": "0002", "gender": null, "marital_status": null, "personal_email": "nishad@gmail.com", "mobile": "+91180786655", "whatsapp": "+91180786655", "date_of_birth": null, "religion": null, "experience": "", "qualifications": "", "photo": "", "official_email": null, "status": "Appointed", "resigned_date": null, "notice_date": null, "resigned_form": "", "termination_date": null, "termination_reason": null, "father_name": null, "father_mobile": null, "mother_name": null, "guardian_name": null, "guardian_mobile": null, "relationship_with_employee": null, "date_of_joining": "2025-04-11", "date_of_confirmation": "2025-04-09", "offer_letter": "", "joining_letter": "", "agreement_letter": "", "experience_letter": "", "type_of_residence": null, "residence_name": null, "residential_address": "", "residence_contact": null, "residential_zip_code": null, "permanent_address": "", "permanent_zip_code": null, "bank_name": null, "account_name": null, "account_number": null, "ifsc_code": null, "bank_branch": null, "pan_number": null, "employment_type": "PERMANENT", "blood_group": null, "basic_salary": null, "hra": null, "other_allowance": null, "transportation_allowance": null, "creator": 1, "branch": 1, "user": 3, "department": 2, "designation": 1, "course": 2, "history_date": "2025-04-03T08:33:39.217Z", "history_change_reason": null, "history_type": "~", "history_user": 1}}, {"model": "employees.historicalemployee", "pk": 17, "fields": {"id": 3, "created": "2025-04-03T08:35:31.028Z", "updated": "2025-04-03T08:35:31.028Z", "is_active": true, "first_name": "Branch", "last_name": "Manager", "employee_id": null, "gender": "MALE", "marital_status": null, "personal_email": "manager@gmail.com", "mobile": "+9154954985", "whatsapp": "+9154954985", "date_of_birth": "2025-04-09", "religion": "Hindu", "experience": "", "qualifications": "", "photo": "", "official_email": null, "status": "Appointed", "resigned_date": null, "notice_date": null, "resigned_form": "", "termination_date": null, "termination_reason": null, "father_name": null, "father_mobile": null, "mother_name": null, "guardian_name": null, "guardian_mobile": null, "relationship_with_employee": null, "date_of_joining": null, "date_of_confirmation": null, "offer_letter": "", "joining_letter": "", "agreement_letter": "", "experience_letter": "", "type_of_residence": null, "residence_name": null, "residential_address": null, "residence_contact": null, "residential_zip_code": null, "permanent_address": null, "permanent_zip_code": null, "bank_name": null, "account_name": null, "account_number": null, "ifsc_code": null, "bank_branch": null, "pan_number": null, "employment_type": null, "blood_group": null, "basic_salary": null, "hra": null, "other_allowance": null, "transportation_allowance": null, "creator": null, "branch": 2, "user": null, "department": null, "designation": null, "course": null, "history_date": "2025-04-03T08:35:31.031Z", "history_change_reason": null, "history_type": "+", "history_user": 1}}, {"model": "employees.historicalemployee", "pk": 18, "fields": {"id": 3, "created": "2025-04-03T08:35:31.028Z", "updated": "2025-04-03T08:35:31.037Z", "is_active": true, "first_name": "Branch", "last_name": "Manager", "employee_id": null, "gender": "MALE", "marital_status": null, "personal_email": "manager@gmail.com", "mobile": "+9154954985", "whatsapp": "+9154954985", "date_of_birth": "2025-04-09", "religion": "Hindu", "experience": "", "qualifications": "", "photo": "", "official_email": null, "status": "Appointed", "resigned_date": null, "notice_date": null, "resigned_form": "", "termination_date": null, "termination_reason": null, "father_name": null, "father_mobile": null, "mother_name": null, "guardian_name": null, "guardian_mobile": null, "relationship_with_employee": null, "date_of_joining": null, "date_of_confirmation": null, "offer_letter": "", "joining_letter": "", "agreement_letter": "", "experience_letter": "", "type_of_residence": null, "residence_name": null, "residential_address": null, "residence_contact": null, "residential_zip_code": null, "permanent_address": null, "permanent_zip_code": null, "bank_name": null, "account_name": null, "account_number": null, "ifsc_code": null, "bank_branch": null, "pan_number": null, "employment_type": null, "blood_group": null, "basic_salary": null, "hra": null, "other_allowance": null, "transportation_allowance": null, "creator": 1, "branch": 1, "user": null, "department": null, "designation": null, "course": null, "history_date": "2025-04-03T08:35:31.040Z", "history_change_reason": null, "history_type": "~", "history_user": 1}}, {"model": "employees.historicalemployee", "pk": 19, "fields": {"id": 4, "created": "2025-04-03T08:35:31.176Z", "updated": "2025-04-03T08:35:31.176Z", "is_active": true, "first_name": "Branch", "last_name": "Manager", "employee_id": null, "gender": "MALE", "marital_status": null, "personal_email": "manager@gmail.com", "mobile": "+9154954985", "whatsapp": "+9154954985", "date_of_birth": "2025-04-09", "religion": "Hindu", "experience": "", "qualifications": "", "photo": "", "official_email": null, "status": "Appointed", "resigned_date": null, "notice_date": null, "resigned_form": "", "termination_date": null, "termination_reason": null, "father_name": null, "father_mobile": null, "mother_name": null, "guardian_name": null, "guardian_mobile": null, "relationship_with_employee": null, "date_of_joining": null, "date_of_confirmation": null, "offer_letter": "", "joining_letter": "", "agreement_letter": "", "experience_letter": "", "type_of_residence": null, "residence_name": null, "residential_address": null, "residence_contact": null, "residential_zip_code": null, "permanent_address": null, "permanent_zip_code": null, "bank_name": null, "account_name": null, "account_number": null, "ifsc_code": null, "bank_branch": null, "pan_number": null, "employment_type": null, "blood_group": null, "basic_salary": null, "hra": null, "other_allowance": null, "transportation_allowance": null, "creator": null, "branch": 2, "user": null, "department": null, "designation": null, "course": null, "history_date": "2025-04-03T08:35:31.179Z", "history_change_reason": null, "history_type": "+", "history_user": 1}}, {"model": "employees.historicalemployee", "pk": 20, "fields": {"id": 4, "created": "2025-04-03T08:35:31.176Z", "updated": "2025-04-03T08:35:31.184Z", "is_active": true, "first_name": "Branch", "last_name": "Manager", "employee_id": null, "gender": "MALE", "marital_status": null, "personal_email": "manager@gmail.com", "mobile": "+9154954985", "whatsapp": "+9154954985", "date_of_birth": "2025-04-09", "religion": "Hindu", "experience": "", "qualifications": "", "photo": "", "official_email": null, "status": "Appointed", "resigned_date": null, "notice_date": null, "resigned_form": "", "termination_date": null, "termination_reason": null, "father_name": null, "father_mobile": null, "mother_name": null, "guardian_name": null, "guardian_mobile": null, "relationship_with_employee": null, "date_of_joining": null, "date_of_confirmation": null, "offer_letter": "", "joining_letter": "", "agreement_letter": "", "experience_letter": "", "type_of_residence": null, "residence_name": null, "residential_address": null, "residence_contact": null, "residential_zip_code": null, "permanent_address": null, "permanent_zip_code": null, "bank_name": null, "account_name": null, "account_number": null, "ifsc_code": null, "bank_branch": null, "pan_number": null, "employment_type": null, "blood_group": null, "basic_salary": null, "hra": null, "other_allowance": null, "transportation_allowance": null, "creator": 1, "branch": 1, "user": null, "department": null, "designation": null, "course": null, "history_date": "2025-04-03T08:35:31.187Z", "history_change_reason": null, "history_type": "~", "history_user": 1}}, {"model": "employees.historicalemployee", "pk": 21, "fields": {"id": 4, "created": "2025-04-03T08:35:31.176Z", "updated": "2025-04-03T08:35:34.742Z", "is_active": true, "first_name": "Branch", "last_name": "Manager", "employee_id": null, "gender": "MALE", "marital_status": null, "personal_email": "manager@gmail.com", "mobile": "+9154954985", "whatsapp": "+9154954985", "date_of_birth": "2025-04-09", "religion": "Hindu", "experience": "", "qualifications": "", "photo": "", "official_email": null, "status": "Appointed", "resigned_date": null, "notice_date": null, "resigned_form": "", "termination_date": null, "termination_reason": null, "father_name": null, "father_mobile": null, "mother_name": null, "guardian_name": null, "guardian_mobile": null, "relationship_with_employee": null, "date_of_joining": null, "date_of_confirmation": null, "offer_letter": "", "joining_letter": "", "agreement_letter": "", "experience_letter": "", "type_of_residence": null, "residence_name": null, "residential_address": null, "residence_contact": null, "residential_zip_code": null, "permanent_address": null, "permanent_zip_code": null, "bank_name": null, "account_name": null, "account_number": null, "ifsc_code": null, "bank_branch": null, "pan_number": null, "employment_type": null, "blood_group": null, "basic_salary": null, "hra": null, "other_allowance": null, "transportation_allowance": null, "creator": 1, "branch": 1, "user": null, "department": null, "designation": null, "course": null, "history_date": "2025-04-03T08:35:34.744Z", "history_change_reason": null, "history_type": "~", "history_user": 1}}, {"model": "employees.historicalemployee", "pk": 22, "fields": {"id": 4, "created": "2025-04-03T08:35:31.176Z", "updated": "2025-04-03T08:35:36.630Z", "is_active": true, "first_name": "Branch", "last_name": "Manager", "employee_id": null, "gender": "MALE", "marital_status": null, "personal_email": "manager@gmail.com", "mobile": "+9154954985", "whatsapp": "+9154954985", "date_of_birth": "2025-04-09", "religion": "Hindu", "experience": "", "qualifications": "", "photo": "", "official_email": null, "status": "Appointed", "resigned_date": null, "notice_date": null, "resigned_form": "", "termination_date": null, "termination_reason": null, "father_name": null, "father_mobile": null, "mother_name": null, "guardian_name": null, "guardian_mobile": null, "relationship_with_employee": null, "date_of_joining": null, "date_of_confirmation": null, "offer_letter": "", "joining_letter": "", "agreement_letter": "", "experience_letter": "", "type_of_residence": null, "residence_name": null, "residential_address": "", "residence_contact": null, "residential_zip_code": null, "permanent_address": "", "permanent_zip_code": null, "bank_name": null, "account_name": null, "account_number": null, "ifsc_code": null, "bank_branch": null, "pan_number": null, "employment_type": null, "blood_group": null, "basic_salary": null, "hra": null, "other_allowance": null, "transportation_allowance": null, "creator": 1, "branch": 1, "user": null, "department": null, "designation": null, "course": null, "history_date": "2025-04-03T08:35:36.634Z", "history_change_reason": null, "history_type": "~", "history_user": 1}}, {"model": "employees.historicalemployee", "pk": 23, "fields": {"id": 4, "created": "2025-04-03T08:35:31.176Z", "updated": "2025-04-03T08:36:16.207Z", "is_active": true, "first_name": "Branch", "last_name": "Manager", "employee_id": "0003", "gender": "MALE", "marital_status": null, "personal_email": "manager@gmail.com", "mobile": "+9154954985", "whatsapp": "+9154954985", "date_of_birth": "2025-04-09", "religion": "Hindu", "experience": "", "qualifications": "", "photo": "", "official_email": null, "status": "Appointed", "resigned_date": null, "notice_date": null, "resigned_form": "", "termination_date": null, "termination_reason": null, "father_name": null, "father_mobile": null, "mother_name": null, "guardian_name": null, "guardian_mobile": null, "relationship_with_employee": null, "date_of_joining": "2025-04-12", "date_of_confirmation": "2025-04-09", "offer_letter": "", "joining_letter": "", "agreement_letter": "", "experience_letter": "", "type_of_residence": null, "residence_name": null, "residential_address": "", "residence_contact": null, "residential_zip_code": null, "permanent_address": "", "permanent_zip_code": null, "bank_name": null, "account_name": null, "account_number": null, "ifsc_code": null, "bank_branch": null, "pan_number": null, "employment_type": null, "blood_group": null, "basic_salary": null, "hra": null, "other_allowance": null, "transportation_allowance": null, "creator": 1, "branch": 1, "user": null, "department": 3, "designation": 2, "course": null, "history_date": "2025-04-03T08:36:16.209Z", "history_change_reason": null, "history_type": "~", "history_user": 1}}, {"model": "employees.historicalemployee", "pk": 24, "fields": {"id": 4, "created": "2025-04-03T08:35:31.176Z", "updated": "2025-04-03T08:36:19.419Z", "is_active": true, "first_name": "Branch", "last_name": "Manager", "employee_id": "0003", "gender": "MALE", "marital_status": null, "personal_email": "manager@gmail.com", "mobile": "+9154954985", "whatsapp": "+9154954985", "date_of_birth": "2025-04-09", "religion": "Hindu", "experience": "", "qualifications": "", "photo": "", "official_email": null, "status": "Appointed", "resigned_date": null, "notice_date": null, "resigned_form": "", "termination_date": null, "termination_reason": null, "father_name": null, "father_mobile": null, "mother_name": null, "guardian_name": null, "guardian_mobile": null, "relationship_with_employee": null, "date_of_joining": "2025-04-12", "date_of_confirmation": "2025-04-09", "offer_letter": "", "joining_letter": "", "agreement_letter": "", "experience_letter": "", "type_of_residence": null, "residence_name": null, "residential_address": "", "residence_contact": null, "residential_zip_code": null, "permanent_address": "", "permanent_zip_code": null, "bank_name": null, "account_name": null, "account_number": null, "ifsc_code": null, "bank_branch": null, "pan_number": null, "employment_type": null, "blood_group": null, "basic_salary": null, "hra": null, "other_allowance": null, "transportation_allowance": null, "creator": 1, "branch": 1, "user": null, "department": 3, "designation": 2, "course": null, "history_date": "2025-04-03T08:36:19.421Z", "history_change_reason": null, "history_type": "~", "history_user": 1}}, {"model": "employees.historicalemployee", "pk": 25, "fields": {"id": 4, "created": "2025-04-03T08:35:31.176Z", "updated": "2025-04-03T08:36:27.435Z", "is_active": true, "first_name": "Branch", "last_name": "Manager", "employee_id": "0003", "gender": "MALE", "marital_status": null, "personal_email": "manager@gmail.com", "mobile": "+9154954985", "whatsapp": "+9154954985", "date_of_birth": "2025-04-09", "religion": "Hindu", "experience": "", "qualifications": "", "photo": "", "official_email": null, "status": "Appointed", "resigned_date": null, "notice_date": null, "resigned_form": "", "termination_date": null, "termination_reason": null, "father_name": null, "father_mobile": null, "mother_name": null, "guardian_name": null, "guardian_mobile": null, "relationship_with_employee": null, "date_of_joining": "2025-04-12", "date_of_confirmation": "2025-04-09", "offer_letter": "", "joining_letter": "", "agreement_letter": "", "experience_letter": "", "type_of_residence": null, "residence_name": null, "residential_address": "", "residence_contact": null, "residential_zip_code": null, "permanent_address": "", "permanent_zip_code": null, "bank_name": null, "account_name": null, "account_number": null, "ifsc_code": null, "bank_branch": null, "pan_number": null, "employment_type": null, "blood_group": null, "basic_salary": null, "hra": null, "other_allowance": null, "transportation_allowance": null, "creator": 1, "branch": 1, "user": 4, "department": 3, "designation": 2, "course": null, "history_date": "2025-04-03T08:36:27.439Z", "history_change_reason": null, "history_type": "~", "history_user": 1}}, {"model": "employees.historicalemployee", "pk": 26, "fields": {"id": 3, "created": "2025-04-03T08:35:31.028Z", "updated": "2025-04-03T08:36:36.378Z", "is_active": false, "first_name": "Branch", "last_name": "Manager", "employee_id": null, "gender": "MALE", "marital_status": null, "personal_email": "manager@gmail.com", "mobile": "+9154954985", "whatsapp": "+9154954985", "date_of_birth": "2025-04-09", "religion": "Hindu", "experience": "", "qualifications": "", "photo": "", "official_email": null, "status": "Appointed", "resigned_date": null, "notice_date": null, "resigned_form": "", "termination_date": null, "termination_reason": null, "father_name": null, "father_mobile": null, "mother_name": null, "guardian_name": null, "guardian_mobile": null, "relationship_with_employee": null, "date_of_joining": null, "date_of_confirmation": null, "offer_letter": "", "joining_letter": "", "agreement_letter": "", "experience_letter": "", "type_of_residence": null, "residence_name": null, "residential_address": null, "residence_contact": null, "residential_zip_code": null, "permanent_address": null, "permanent_zip_code": null, "bank_name": null, "account_name": null, "account_number": null, "ifsc_code": null, "bank_branch": null, "pan_number": null, "employment_type": null, "blood_group": null, "basic_salary": null, "hra": null, "other_allowance": null, "transportation_allowance": null, "creator": 1, "branch": 1, "user": null, "department": null, "designation": null, "course": null, "history_date": "2025-04-03T08:36:36.381Z", "history_change_reason": null, "history_type": "~", "history_user": 1}}, {"model": "employees.historicalemployee", "pk": 27, "fields": {"id": 3, "created": "2025-04-03T08:35:31.028Z", "updated": "2025-04-03T08:36:36.378Z", "is_active": false, "first_name": "Branch", "last_name": "Manager", "employee_id": null, "gender": "MALE", "marital_status": null, "personal_email": "manager@gmail.com", "mobile": "+9154954985", "whatsapp": "+9154954985", "date_of_birth": "2025-04-09", "religion": "Hindu", "experience": "", "qualifications": "", "photo": "", "official_email": null, "status": "Appointed", "resigned_date": null, "notice_date": null, "resigned_form": "", "termination_date": null, "termination_reason": null, "father_name": null, "father_mobile": null, "mother_name": null, "guardian_name": null, "guardian_mobile": null, "relationship_with_employee": null, "date_of_joining": null, "date_of_confirmation": null, "offer_letter": "", "joining_letter": "", "agreement_letter": "", "experience_letter": "", "type_of_residence": null, "residence_name": null, "residential_address": null, "residence_contact": null, "residential_zip_code": null, "permanent_address": null, "permanent_zip_code": null, "bank_name": null, "account_name": null, "account_number": null, "ifsc_code": null, "bank_branch": null, "pan_number": null, "employment_type": null, "blood_group": null, "basic_salary": null, "hra": null, "other_allowance": null, "transportation_allowance": null, "creator": 1, "branch": 1, "user": null, "department": null, "designation": null, "course": null, "history_date": "2025-04-03T08:37:48.928Z", "history_change_reason": null, "history_type": "-", "history_user": 1}}, {"model": "employees.historicalemployee", "pk": 28, "fields": {"id": 5, "created": "2025-04-03T08:39:55.416Z", "updated": "2025-04-03T08:39:55.416Z", "is_active": true, "first_name": "shaheem", "last_name": null, "employee_id": null, "gender": null, "marital_status": null, "personal_email": "shaheem@gmail.com", "mobile": null, "whatsapp": null, "date_of_birth": null, "religion": null, "experience": "", "qualifications": "", "photo": "", "official_email": null, "status": "Appointed", "resigned_date": null, "notice_date": null, "resigned_form": "", "termination_date": null, "termination_reason": null, "father_name": null, "father_mobile": null, "mother_name": null, "guardian_name": null, "guardian_mobile": null, "relationship_with_employee": null, "date_of_joining": null, "date_of_confirmation": null, "offer_letter": "", "joining_letter": "", "agreement_letter": "", "experience_letter": "", "type_of_residence": null, "residence_name": null, "residential_address": null, "residence_contact": null, "residential_zip_code": null, "permanent_address": null, "permanent_zip_code": null, "bank_name": null, "account_name": null, "account_number": null, "ifsc_code": null, "bank_branch": null, "pan_number": null, "employment_type": null, "blood_group": null, "basic_salary": null, "hra": null, "other_allowance": null, "transportation_allowance": null, "creator": null, "branch": 2, "user": null, "department": null, "designation": null, "course": null, "history_date": "2025-04-03T08:39:55.419Z", "history_change_reason": null, "history_type": "+", "history_user": 1}}, {"model": "employees.historicalemployee", "pk": 29, "fields": {"id": 5, "created": "2025-04-03T08:39:55.416Z", "updated": "2025-04-03T08:39:55.424Z", "is_active": true, "first_name": "shaheem", "last_name": null, "employee_id": null, "gender": null, "marital_status": null, "personal_email": "shaheem@gmail.com", "mobile": null, "whatsapp": null, "date_of_birth": null, "religion": null, "experience": "", "qualifications": "", "photo": "", "official_email": null, "status": "Appointed", "resigned_date": null, "notice_date": null, "resigned_form": "", "termination_date": null, "termination_reason": null, "father_name": null, "father_mobile": null, "mother_name": null, "guardian_name": null, "guardian_mobile": null, "relationship_with_employee": null, "date_of_joining": null, "date_of_confirmation": null, "offer_letter": "", "joining_letter": "", "agreement_letter": "", "experience_letter": "", "type_of_residence": null, "residence_name": null, "residential_address": null, "residence_contact": null, "residential_zip_code": null, "permanent_address": null, "permanent_zip_code": null, "bank_name": null, "account_name": null, "account_number": null, "ifsc_code": null, "bank_branch": null, "pan_number": null, "employment_type": null, "blood_group": null, "basic_salary": null, "hra": null, "other_allowance": null, "transportation_allowance": null, "creator": 1, "branch": 1, "user": null, "department": null, "designation": null, "course": null, "history_date": "2025-04-03T08:39:55.426Z", "history_change_reason": null, "history_type": "~", "history_user": 1}}, {"model": "employees.historicalemployee", "pk": 30, "fields": {"id": 5, "created": "2025-04-03T08:39:55.416Z", "updated": "2025-04-03T08:39:57.351Z", "is_active": true, "first_name": "shaheem", "last_name": null, "employee_id": null, "gender": null, "marital_status": null, "personal_email": "shaheem@gmail.com", "mobile": null, "whatsapp": null, "date_of_birth": null, "religion": null, "experience": "", "qualifications": "", "photo": "", "official_email": null, "status": "Appointed", "resigned_date": null, "notice_date": null, "resigned_form": "", "termination_date": null, "termination_reason": null, "father_name": null, "father_mobile": null, "mother_name": null, "guardian_name": null, "guardian_mobile": null, "relationship_with_employee": null, "date_of_joining": null, "date_of_confirmation": null, "offer_letter": "", "joining_letter": "", "agreement_letter": "", "experience_letter": "", "type_of_residence": null, "residence_name": null, "residential_address": null, "residence_contact": null, "residential_zip_code": null, "permanent_address": null, "permanent_zip_code": null, "bank_name": null, "account_name": null, "account_number": null, "ifsc_code": null, "bank_branch": null, "pan_number": null, "employment_type": null, "blood_group": null, "basic_salary": null, "hra": null, "other_allowance": null, "transportation_allowance": null, "creator": 1, "branch": 1, "user": null, "department": null, "designation": null, "course": null, "history_date": "2025-04-03T08:39:57.354Z", "history_change_reason": null, "history_type": "~", "history_user": 1}}, {"model": "employees.historicalemployee", "pk": 31, "fields": {"id": 5, "created": "2025-04-03T08:39:55.416Z", "updated": "2025-04-03T08:39:59.049Z", "is_active": true, "first_name": "shaheem", "last_name": null, "employee_id": null, "gender": null, "marital_status": null, "personal_email": "shaheem@gmail.com", "mobile": null, "whatsapp": null, "date_of_birth": null, "religion": null, "experience": "", "qualifications": "", "photo": "", "official_email": null, "status": "Appointed", "resigned_date": null, "notice_date": null, "resigned_form": "", "termination_date": null, "termination_reason": null, "father_name": null, "father_mobile": null, "mother_name": null, "guardian_name": null, "guardian_mobile": null, "relationship_with_employee": null, "date_of_joining": null, "date_of_confirmation": null, "offer_letter": "", "joining_letter": "", "agreement_letter": "", "experience_letter": "", "type_of_residence": null, "residence_name": null, "residential_address": "", "residence_contact": null, "residential_zip_code": null, "permanent_address": "", "permanent_zip_code": null, "bank_name": null, "account_name": null, "account_number": null, "ifsc_code": null, "bank_branch": null, "pan_number": null, "employment_type": null, "blood_group": null, "basic_salary": null, "hra": null, "other_allowance": null, "transportation_allowance": null, "creator": 1, "branch": 1, "user": null, "department": null, "designation": null, "course": null, "history_date": "2025-04-03T08:39:59.052Z", "history_change_reason": null, "history_type": "~", "history_user": 1}}, {"model": "employees.historicalemployee", "pk": 32, "fields": {"id": 5, "created": "2025-04-03T08:39:55.416Z", "updated": "2025-04-03T08:40:09.526Z", "is_active": true, "first_name": "shaheem", "last_name": null, "employee_id": "0004", "gender": null, "marital_status": null, "personal_email": "shaheem@gmail.com", "mobile": null, "whatsapp": null, "date_of_birth": null, "religion": null, "experience": "", "qualifications": "", "photo": "", "official_email": null, "status": "Appointed", "resigned_date": null, "notice_date": null, "resigned_form": "", "termination_date": null, "termination_reason": null, "father_name": null, "father_mobile": null, "mother_name": null, "guardian_name": null, "guardian_mobile": null, "relationship_with_employee": null, "date_of_joining": null, "date_of_confirmation": null, "offer_letter": "", "joining_letter": "", "agreement_letter": "", "experience_letter": "", "type_of_residence": null, "residence_name": null, "residential_address": "", "residence_contact": null, "residential_zip_code": null, "permanent_address": "", "permanent_zip_code": null, "bank_name": null, "account_name": null, "account_number": null, "ifsc_code": null, "bank_branch": null, "pan_number": null, "employment_type": null, "blood_group": null, "basic_salary": null, "hra": null, "other_allowance": null, "transportation_allowance": null, "creator": 1, "branch": 1, "user": null, "department": 2, "designation": 1, "course": 2, "history_date": "2025-04-03T08:40:09.529Z", "history_change_reason": null, "history_type": "~", "history_user": 1}}, {"model": "employees.historicalemployee", "pk": 33, "fields": {"id": 5, "created": "2025-04-03T08:39:55.416Z", "updated": "2025-04-03T08:40:11.445Z", "is_active": true, "first_name": "shaheem", "last_name": null, "employee_id": "0004", "gender": null, "marital_status": null, "personal_email": "shaheem@gmail.com", "mobile": null, "whatsapp": null, "date_of_birth": null, "religion": null, "experience": "", "qualifications": "", "photo": "", "official_email": null, "status": "Appointed", "resigned_date": null, "notice_date": null, "resigned_form": "", "termination_date": null, "termination_reason": null, "father_name": null, "father_mobile": null, "mother_name": null, "guardian_name": null, "guardian_mobile": null, "relationship_with_employee": null, "date_of_joining": null, "date_of_confirmation": null, "offer_letter": "", "joining_letter": "", "agreement_letter": "", "experience_letter": "", "type_of_residence": null, "residence_name": null, "residential_address": "", "residence_contact": null, "residential_zip_code": null, "permanent_address": "", "permanent_zip_code": null, "bank_name": null, "account_name": null, "account_number": null, "ifsc_code": null, "bank_branch": null, "pan_number": null, "employment_type": null, "blood_group": null, "basic_salary": null, "hra": null, "other_allowance": null, "transportation_allowance": null, "creator": 1, "branch": 1, "user": null, "department": 2, "designation": 1, "course": 2, "history_date": "2025-04-03T08:40:11.448Z", "history_change_reason": null, "history_type": "~", "history_user": 1}}, {"model": "employees.historicalemployee", "pk": 34, "fields": {"id": 5, "created": "2025-04-03T08:39:55.416Z", "updated": "2025-04-03T08:40:21.623Z", "is_active": true, "first_name": "shaheem", "last_name": null, "employee_id": "0004", "gender": null, "marital_status": null, "personal_email": "shaheem@gmail.com", "mobile": null, "whatsapp": null, "date_of_birth": null, "religion": null, "experience": "", "qualifications": "", "photo": "", "official_email": null, "status": "Appointed", "resigned_date": null, "notice_date": null, "resigned_form": "", "termination_date": null, "termination_reason": null, "father_name": null, "father_mobile": null, "mother_name": null, "guardian_name": null, "guardian_mobile": null, "relationship_with_employee": null, "date_of_joining": null, "date_of_confirmation": null, "offer_letter": "", "joining_letter": "", "agreement_letter": "", "experience_letter": "", "type_of_residence": null, "residence_name": null, "residential_address": "", "residence_contact": null, "residential_zip_code": null, "permanent_address": "", "permanent_zip_code": null, "bank_name": null, "account_name": null, "account_number": null, "ifsc_code": null, "bank_branch": null, "pan_number": null, "employment_type": null, "blood_group": null, "basic_salary": null, "hra": null, "other_allowance": null, "transportation_allowance": null, "creator": 1, "branch": 1, "user": 5, "department": 2, "designation": 1, "course": 2, "history_date": "2025-04-03T08:40:21.625Z", "history_change_reason": null, "history_type": "~", "history_user": 1}}, {"model": "employees.historicalemployee", "pk": 35, "fields": {"id": 5, "created": "2025-04-03T08:39:55.416Z", "updated": "2025-04-03T08:40:21.623Z", "is_active": true, "first_name": "shaheem", "last_name": null, "employee_id": "0004", "gender": null, "marital_status": null, "personal_email": "shaheem@gmail.com", "mobile": null, "whatsapp": null, "date_of_birth": null, "religion": null, "experience": "", "qualifications": "", "photo": "", "official_email": null, "status": "Appointed", "resigned_date": null, "notice_date": null, "resigned_form": "", "termination_date": null, "termination_reason": null, "father_name": null, "father_mobile": null, "mother_name": null, "guardian_name": null, "guardian_mobile": null, "relationship_with_employee": null, "date_of_joining": null, "date_of_confirmation": null, "offer_letter": "", "joining_letter": "", "agreement_letter": "", "experience_letter": "", "type_of_residence": null, "residence_name": null, "residential_address": "", "residence_contact": null, "residential_zip_code": null, "permanent_address": "", "permanent_zip_code": null, "bank_name": null, "account_name": null, "account_number": null, "ifsc_code": null, "bank_branch": null, "pan_number": null, "employment_type": null, "blood_group": null, "basic_salary": null, "hra": null, "other_allowance": null, "transportation_allowance": null, "creator": 1, "branch": 1, "user": 5, "department": 2, "designation": 1, "course": 2, "history_date": "2025-04-28T10:50:06.912Z", "history_change_reason": null, "history_type": "-", "history_user": 1}}, {"model": "employees.historicalemployee", "pk": 36, "fields": {"id": 2, "created": "2025-04-03T08:32:18.461Z", "updated": "2025-04-03T08:33:39.214Z", "is_active": true, "first_name": "Nishad", "last_name": null, "employee_id": "0002", "gender": null, "marital_status": null, "personal_email": "nishad@gmail.com", "mobile": "+91180786655", "whatsapp": "+91180786655", "date_of_birth": null, "religion": null, "experience": "", "qualifications": "", "photo": "", "official_email": null, "status": "Appointed", "resigned_date": null, "notice_date": null, "resigned_form": "", "termination_date": null, "termination_reason": null, "father_name": null, "father_mobile": null, "mother_name": null, "guardian_name": null, "guardian_mobile": null, "relationship_with_employee": null, "date_of_joining": "2025-04-11", "date_of_confirmation": "2025-04-09", "offer_letter": "", "joining_letter": "", "agreement_letter": "", "experience_letter": "", "type_of_residence": null, "residence_name": null, "residential_address": "", "residence_contact": null, "residential_zip_code": null, "permanent_address": "", "permanent_zip_code": null, "bank_name": null, "account_name": null, "account_number": null, "ifsc_code": null, "bank_branch": null, "pan_number": null, "employment_type": "PERMANENT", "blood_group": null, "basic_salary": null, "hra": null, "other_allowance": null, "transportation_allowance": null, "creator": 1, "branch": 1, "user": 3, "department": 2, "designation": 1, "course": 2, "history_date": "2025-04-28T10:50:06.923Z", "history_change_reason": null, "history_type": "-", "history_user": 1}}, {"model": "employees.historicalemployee", "pk": 37, "fields": {"id": 1, "created": "2025-04-03T08:29:17.603Z", "updated": "2025-04-03T08:30:59.104Z", "is_active": true, "first_name": "Ahmed", "last_name": "Mansha", "employee_id": "0001", "gender": "MALE", "marital_status": "MARRIED", "personal_email": "mansha@gmail.com", "mobile": "+91903767544", "whatsapp": "+91903767544", "date_of_birth": "2000-04-10", "religion": "Muslim", "experience": "", "qualifications": "", "photo": "", "official_email": "mansha@gmail.com", "status": "Appointed", "resigned_date": null, "notice_date": null, "resigned_form": "", "termination_date": null, "termination_reason": null, "father_name": null, "father_mobile": null, "mother_name": null, "guardian_name": null, "guardian_mobile": null, "relationship_with_employee": null, "date_of_joining": "2025-04-10", "date_of_confirmation": "2025-04-09", "offer_letter": "", "joining_letter": "", "agreement_letter": "", "experience_letter": "", "type_of_residence": null, "residence_name": null, "residential_address": "", "residence_contact": null, "residential_zip_code": null, "permanent_address": "", "permanent_zip_code": null, "bank_name": null, "account_name": null, "account_number": null, "ifsc_code": null, "bank_branch": null, "pan_number": null, "employment_type": "PERMANENT", "blood_group": "a-positive", "basic_salary": null, "hra": null, "other_allowance": null, "transportation_allowance": null, "creator": 1, "branch": 2, "user": 2, "department": 1, "designation": 1, "course": 1, "history_date": "2025-04-28T10:50:06.926Z", "history_change_reason": null, "history_type": "-", "history_user": 1}}, {"model": "employees.historicalemployee", "pk": 38, "fields": {"id": 4, "created": "2025-04-03T08:35:31.176Z", "updated": "2025-04-28T10:50:54.730Z", "is_active": false, "first_name": "Branch", "last_name": "Manager", "employee_id": "0003", "gender": "MALE", "marital_status": null, "personal_email": "manager@gmail.com", "mobile": "+9154954985", "whatsapp": "+9154954985", "date_of_birth": "2025-04-09", "religion": "Hindu", "experience": "", "qualifications": "", "photo": "", "official_email": null, "status": "Appointed", "resigned_date": null, "notice_date": null, "resigned_form": "", "termination_date": null, "termination_reason": null, "father_name": null, "father_mobile": null, "mother_name": null, "guardian_name": null, "guardian_mobile": null, "relationship_with_employee": null, "date_of_joining": "2025-04-12", "date_of_confirmation": "2025-04-09", "offer_letter": "", "joining_letter": "", "agreement_letter": "", "experience_letter": "", "type_of_residence": null, "residence_name": null, "residential_address": "", "residence_contact": null, "residential_zip_code": null, "permanent_address": "", "permanent_zip_code": null, "bank_name": null, "account_name": null, "account_number": null, "ifsc_code": null, "bank_branch": null, "pan_number": null, "employment_type": null, "blood_group": null, "basic_salary": null, "hra": null, "other_allowance": null, "transportation_allowance": null, "creator": 1, "branch": 1, "user": 4, "department": 3, "designation": 2, "course": null, "history_date": "2025-04-28T10:50:54.732Z", "history_change_reason": null, "history_type": "~", "history_user": 1}}, {"model": "employees.historicalemployee", "pk": 39, "fields": {"id": 4, "created": "2025-04-03T08:35:31.176Z", "updated": "2025-04-28T10:51:08.948Z", "is_active": false, "first_name": "Branch", "last_name": "Manager", "employee_id": "0003", "gender": "MALE", "marital_status": null, "personal_email": "manager@gmail.com", "mobile": "+9154954985", "whatsapp": "+9154954985", "date_of_birth": "2025-04-09", "religion": "Hindu", "experience": "", "qualifications": "", "photo": "", "official_email": null, "status": "Appointed", "resigned_date": null, "notice_date": null, "resigned_form": "", "termination_date": null, "termination_reason": null, "father_name": null, "father_mobile": null, "mother_name": null, "guardian_name": null, "guardian_mobile": null, "relationship_with_employee": null, "date_of_joining": "2025-04-12", "date_of_confirmation": "2025-04-09", "offer_letter": "", "joining_letter": "", "agreement_letter": "", "experience_letter": "", "type_of_residence": null, "residence_name": null, "residential_address": "", "residence_contact": null, "residential_zip_code": null, "permanent_address": "", "permanent_zip_code": null, "bank_name": null, "account_name": null, "account_number": null, "ifsc_code": null, "bank_branch": null, "pan_number": null, "employment_type": null, "blood_group": null, "basic_salary": null, "hra": null, "other_allowance": null, "transportation_allowance": null, "creator": 1, "branch": 1, "user": 4, "department": 3, "designation": 2, "course": null, "history_date": "2025-04-28T10:51:08.950Z", "history_change_reason": null, "history_type": "~", "history_user": 1}}, {"model": "employees.historicalemployee", "pk": 40, "fields": {"id": 4, "created": "2025-04-03T08:35:31.176Z", "updated": "2025-04-28T10:51:08.948Z", "is_active": false, "first_name": "Branch", "last_name": "Manager", "employee_id": "0003", "gender": "MALE", "marital_status": null, "personal_email": "manager@gmail.com", "mobile": "+9154954985", "whatsapp": "+9154954985", "date_of_birth": "2025-04-09", "religion": "Hindu", "experience": "", "qualifications": "", "photo": "", "official_email": null, "status": "Appointed", "resigned_date": null, "notice_date": null, "resigned_form": "", "termination_date": null, "termination_reason": null, "father_name": null, "father_mobile": null, "mother_name": null, "guardian_name": null, "guardian_mobile": null, "relationship_with_employee": null, "date_of_joining": "2025-04-12", "date_of_confirmation": "2025-04-09", "offer_letter": "", "joining_letter": "", "agreement_letter": "", "experience_letter": "", "type_of_residence": null, "residence_name": null, "residential_address": "", "residence_contact": null, "residential_zip_code": null, "permanent_address": "", "permanent_zip_code": null, "bank_name": null, "account_name": null, "account_number": null, "ifsc_code": null, "bank_branch": null, "pan_number": null, "employment_type": null, "blood_group": null, "basic_salary": null, "hra": null, "other_allowance": null, "transportation_allowance": null, "creator": 1, "branch": 1, "user": 4, "department": 3, "designation": 2, "course": null, "history_date": "2025-04-28T10:51:14.043Z", "history_change_reason": null, "history_type": "-", "history_user": 1}}, {"model": "admission.historicaladmission", "pk": 1, "fields": {"id": 1, "created": "2025-04-03T09:20:39.888Z", "updated": "2025-04-03T09:20:39.888Z", "is_active": true, "first_name": "Midhlaj", "last_name": "Rahman", "joining_date": null, "date_of_birth": "2006-05-01", "gender": "MALE", "blood_group": "o-positive", "religion": "Muslim", "qualifications": "", "home_address": null, "city": null, "district": null, "state": null, "pin_code": null, "personal_email": "midhlajrahman@gmail.com", "contact_number": "+919037126305", "whatsapp_number": null, "admission_number": "0001", "admission_date": "2025-04-03", "photo": "", "other_details": null, "document": null, "signature": null, "parent_first_name": null, "parent_last_name": null, "parent_contact_number": null, "parent_whatsapp_number": null, "parent_mail_id": null, "fee_type": null, "is_discount": null, "discount_percentage": null, "creator": 4, "user": null, "branch": 1, "academic_year": 1, "course": null, "batch": null, "history_date": "2025-04-03T09:20:39.892Z", "history_change_reason": null, "history_type": "+", "history_user": null}}, {"model": "admission.historicaladmission", "pk": 2, "fields": {"id": 1, "created": "2025-04-03T09:20:39.888Z", "updated": "2025-04-03T09:20:46.027Z", "is_active": true, "first_name": "Midhlaj", "last_name": "Rahman", "joining_date": null, "date_of_birth": "2006-05-01", "gender": "MALE", "blood_group": "o-positive", "religion": "Muslim", "qualifications": "", "home_address": null, "city": null, "district": null, "state": null, "pin_code": null, "personal_email": "midhlajrahman@gmail.com", "contact_number": "+919037126305", "whatsapp_number": null, "admission_number": "0001", "admission_date": "2025-04-03", "photo": "", "other_details": null, "document": null, "signature": null, "parent_first_name": "Basheer", "parent_last_name": null, "parent_contact_number": null, "parent_whatsapp_number": null, "parent_mail_id": null, "fee_type": null, "is_discount": null, "discount_percentage": null, "creator": 4, "user": null, "branch": 1, "academic_year": 1, "course": null, "batch": null, "history_date": "2025-04-03T09:20:46.030Z", "history_change_reason": null, "history_type": "~", "history_user": null}}, {"model": "admission.historicaladmission", "pk": 3, "fields": {"id": 1, "created": "2025-04-03T09:20:39.888Z", "updated": "2025-04-03T09:20:48.003Z", "is_active": true, "first_name": "Midhlaj", "last_name": "Rahman", "joining_date": null, "date_of_birth": "2006-05-01", "gender": "MALE", "blood_group": "o-positive", "religion": "Muslim", "qualifications": "", "home_address": "", "city": null, "district": null, "state": null, "pin_code": null, "personal_email": "midhlajrahman@gmail.com", "contact_number": "+919037126305", "whatsapp_number": null, "admission_number": "0001", "admission_date": "2025-04-03", "photo": "", "other_details": null, "document": null, "signature": null, "parent_first_name": "Basheer", "parent_last_name": null, "parent_contact_number": null, "parent_whatsapp_number": null, "parent_mail_id": null, "fee_type": null, "is_discount": null, "discount_percentage": null, "creator": 4, "user": null, "branch": 1, "academic_year": 1, "course": null, "batch": null, "history_date": "2025-04-03T09:20:48.005Z", "history_change_reason": null, "history_type": "~", "history_user": null}}, {"model": "admission.historicaladmission", "pk": 4, "fields": {"id": 1, "created": "2025-04-03T09:20:39.888Z", "updated": "2025-04-03T09:21:48.909Z", "is_active": true, "first_name": "Midhlaj", "last_name": "Rahman", "joining_date": null, "date_of_birth": "2006-05-01", "gender": "MALE", "blood_group": "o-positive", "religion": "Muslim", "qualifications": "", "home_address": "", "city": null, "district": null, "state": null, "pin_code": null, "personal_email": "midhlajrahman@gmail.com", "contact_number": "+919037126305", "whatsapp_number": null, "admission_number": "0001", "admission_date": "2025-04-03", "photo": "", "other_details": "", "document": null, "signature": null, "parent_first_name": "Basheer", "parent_last_name": null, "parent_contact_number": null, "parent_whatsapp_number": null, "parent_mail_id": null, "fee_type": null, "is_discount": null, "discount_percentage": null, "creator": 4, "user": null, "branch": 1, "academic_year": 1, "course": 2, "batch": null, "history_date": "2025-04-03T09:21:48.913Z", "history_change_reason": null, "history_type": "~", "history_user": null}}, {"model": "admission.historicaladmission", "pk": 5, "fields": {"id": 1, "created": "2025-04-03T09:20:39.888Z", "updated": "2025-04-03T09:21:54.630Z", "is_active": true, "first_name": "Midhlaj", "last_name": "Rahman", "joining_date": null, "date_of_birth": "2006-05-01", "gender": "MALE", "blood_group": "o-positive", "religion": "Muslim", "qualifications": "", "home_address": "", "city": null, "district": null, "state": null, "pin_code": null, "personal_email": "midhlajrahman@gmail.com", "contact_number": "+919037126305", "whatsapp_number": null, "admission_number": "0001", "admission_date": "2025-04-03", "photo": "", "other_details": "", "document": null, "signature": null, "parent_first_name": "Basheer", "parent_last_name": null, "parent_contact_number": null, "parent_whatsapp_number": null, "parent_mail_id": null, "fee_type": "installment", "is_discount": null, "discount_percentage": null, "creator": 4, "user": null, "branch": 1, "academic_year": 1, "course": 2, "batch": null, "history_date": "2025-04-03T09:21:54.633Z", "history_change_reason": null, "history_type": "~", "history_user": null}}, {"model": "admission.historicaladmission", "pk": 6, "fields": {"id": 1, "created": "2025-04-03T09:20:39.888Z", "updated": "2025-04-03T09:22:03.874Z", "is_active": true, "first_name": "Midhlaj", "last_name": "Rahman", "joining_date": null, "date_of_birth": "2006-05-01", "gender": "MALE", "blood_group": "o-positive", "religion": "Muslim", "qualifications": "", "home_address": "", "city": null, "district": null, "state": null, "pin_code": null, "personal_email": "midhlajrahman@gmail.com", "contact_number": "+919037126305", "whatsapp_number": null, "admission_number": "0001", "admission_date": "2025-04-03", "photo": "", "other_details": "", "document": null, "signature": null, "parent_first_name": "Basheer", "parent_last_name": null, "parent_contact_number": null, "parent_whatsapp_number": null, "parent_mail_id": null, "fee_type": "installment", "is_discount": null, "discount_percentage": null, "creator": 4, "user": 6, "branch": 1, "academic_year": 1, "course": 2, "batch": null, "history_date": "2025-04-03T09:22:03.878Z", "history_change_reason": null, "history_type": "~", "history_user": null}}, {"model": "admission.historicaladmission", "pk": 7, "fields": {"id": 1, "created": "2025-04-03T09:20:39.888Z", "updated": "2025-04-03T09:22:09.688Z", "is_active": true, "first_name": "Midhlaj", "last_name": "Rahman", "joining_date": null, "date_of_birth": "2006-05-01", "gender": "MALE", "blood_group": "o-positive", "religion": "Muslim", "qualifications": "", "home_address": "", "city": null, "district": null, "state": null, "pin_code": null, "personal_email": "midhlajrahman@gmail.com", "contact_number": "+919037126305", "whatsapp_number": null, "admission_number": "0001", "admission_date": "2025-04-03", "photo": "", "other_details": "", "document": null, "signature": null, "parent_first_name": "Basheer", "parent_last_name": null, "parent_contact_number": null, "parent_whatsapp_number": null, "parent_mail_id": null, "fee_type": "installment", "is_discount": null, "discount_percentage": null, "creator": 4, "user": 6, "branch": 1, "academic_year": 1, "course": 2, "batch": null, "history_date": "2025-04-03T09:22:09.691Z", "history_change_reason": null, "history_type": "~", "history_user": null}}, {"model": "admission.historicaladmission", "pk": 8, "fields": {"id": 1, "created": "2025-04-03T09:20:39.888Z", "updated": "2025-04-03T09:22:11.901Z", "is_active": true, "first_name": "Midhlaj", "last_name": "Rahman", "joining_date": null, "date_of_birth": "2006-05-01", "gender": "MALE", "blood_group": "o-positive", "religion": "Muslim", "qualifications": "", "home_address": "", "city": null, "district": null, "state": null, "pin_code": null, "personal_email": "midhlajrahman@gmail.com", "contact_number": "+919037126305", "whatsapp_number": null, "admission_number": "0001", "admission_date": "2025-04-03", "photo": "", "other_details": "", "document": null, "signature": null, "parent_first_name": "Basheer", "parent_last_name": null, "parent_contact_number": null, "parent_whatsapp_number": null, "parent_mail_id": null, "fee_type": "installment", "is_discount": null, "discount_percentage": null, "creator": 4, "user": 6, "branch": 1, "academic_year": 1, "course": 2, "batch": null, "history_date": "2025-04-03T09:22:11.904Z", "history_change_reason": null, "history_type": "~", "history_user": null}}, {"model": "admission.historicaladmission", "pk": 9, "fields": {"id": 1, "created": "2025-04-03T09:20:39.888Z", "updated": "2025-04-03T09:22:13.448Z", "is_active": true, "first_name": "Midhlaj", "last_name": "Rahman", "joining_date": null, "date_of_birth": "2006-05-01", "gender": "MALE", "blood_group": "o-positive", "religion": "Muslim", "qualifications": "", "home_address": "", "city": null, "district": null, "state": null, "pin_code": null, "personal_email": "midhlajrahman@gmail.com", "contact_number": "+919037126305", "whatsapp_number": null, "admission_number": "0001", "admission_date": "2025-04-03", "photo": "", "other_details": "", "document": null, "signature": null, "parent_first_name": "Basheer", "parent_last_name": null, "parent_contact_number": null, "parent_whatsapp_number": null, "parent_mail_id": null, "fee_type": "installment", "is_discount": null, "discount_percentage": null, "creator": 4, "user": 6, "branch": 1, "academic_year": 1, "course": 2, "batch": null, "history_date": "2025-04-03T09:22:13.450Z", "history_change_reason": null, "history_type": "~", "history_user": null}}, {"model": "admission.historicaladmission", "pk": 10, "fields": {"id": 1, "created": "2025-04-03T09:20:39.888Z", "updated": "2025-04-03T09:22:17.769Z", "is_active": true, "first_name": "Midhlaj", "last_name": "Rahman", "joining_date": null, "date_of_birth": "2006-05-01", "gender": "MALE", "blood_group": "o-positive", "religion": "Muslim", "qualifications": "", "home_address": "", "city": null, "district": null, "state": null, "pin_code": null, "personal_email": "midhlajrahman@gmail.com", "contact_number": "+919037126305", "whatsapp_number": null, "admission_number": "0001", "admission_date": "2025-04-03", "photo": "", "other_details": "", "document": null, "signature": null, "parent_first_name": "Basheer", "parent_last_name": null, "parent_contact_number": null, "parent_whatsapp_number": null, "parent_mail_id": null, "fee_type": "installment", "is_discount": null, "discount_percentage": null, "creator": 4, "user": 6, "branch": 1, "academic_year": 1, "course": 2, "batch": 1, "history_date": "2025-04-03T09:22:17.772Z", "history_change_reason": null, "history_type": "~", "history_user": null}}, {"model": "admission.historicaladmission", "pk": 11, "fields": {"id": 2, "created": "2025-04-03T09:22:55.401Z", "updated": "2025-04-03T09:22:55.401Z", "is_active": true, "first_name": "Shabeeb", "last_name": "Sha", "joining_date": null, "date_of_birth": "2000-04-22", "gender": null, "blood_group": "o-positive", "religion": "Muslim", "qualifications": "", "home_address": null, "city": null, "district": null, "state": null, "pin_code": null, "personal_email": "shabeeb@gmail.com", "contact_number": "+919037126344", "whatsapp_number": null, "admission_number": "0002", "admission_date": "2025-04-03", "photo": "", "other_details": null, "document": null, "signature": null, "parent_first_name": null, "parent_last_name": null, "parent_contact_number": null, "parent_whatsapp_number": null, "parent_mail_id": null, "fee_type": null, "is_discount": null, "discount_percentage": null, "creator": 4, "user": null, "branch": 1, "academic_year": 1, "course": null, "batch": null, "history_date": "2025-04-03T09:22:55.404Z", "history_change_reason": null, "history_type": "+", "history_user": null}}, {"model": "admission.historicaladmission", "pk": 12, "fields": {"id": 2, "created": "2025-04-03T09:22:55.401Z", "updated": "2025-04-03T09:23:01.022Z", "is_active": true, "first_name": "Shabeeb", "last_name": "Sha", "joining_date": null, "date_of_birth": "2000-04-22", "gender": null, "blood_group": "o-positive", "religion": "Muslim", "qualifications": "", "home_address": null, "city": null, "district": null, "state": null, "pin_code": null, "personal_email": "shabeeb@gmail.com", "contact_number": "+919037126344", "whatsapp_number": null, "admission_number": "0002", "admission_date": "2025-04-03", "photo": "", "other_details": null, "document": null, "signature": null, "parent_first_name": "Sha", "parent_last_name": null, "parent_contact_number": null, "parent_whatsapp_number": null, "parent_mail_id": null, "fee_type": null, "is_discount": null, "discount_percentage": null, "creator": 4, "user": null, "branch": 1, "academic_year": 1, "course": null, "batch": null, "history_date": "2025-04-03T09:23:01.026Z", "history_change_reason": null, "history_type": "~", "history_user": null}}, {"model": "admission.historicaladmission", "pk": 13, "fields": {"id": 2, "created": "2025-04-03T09:22:55.401Z", "updated": "2025-04-03T09:23:02.868Z", "is_active": true, "first_name": "Shabeeb", "last_name": "Sha", "joining_date": null, "date_of_birth": "2000-04-22", "gender": null, "blood_group": "o-positive", "religion": "Muslim", "qualifications": "", "home_address": "", "city": null, "district": null, "state": null, "pin_code": null, "personal_email": "shabeeb@gmail.com", "contact_number": "+919037126344", "whatsapp_number": null, "admission_number": "0002", "admission_date": "2025-04-03", "photo": "", "other_details": null, "document": null, "signature": null, "parent_first_name": "Sha", "parent_last_name": null, "parent_contact_number": null, "parent_whatsapp_number": null, "parent_mail_id": null, "fee_type": null, "is_discount": null, "discount_percentage": null, "creator": 4, "user": null, "branch": 1, "academic_year": 1, "course": null, "batch": null, "history_date": "2025-04-03T09:23:02.871Z", "history_change_reason": null, "history_type": "~", "history_user": null}}, {"model": "admission.historicaladmission", "pk": 14, "fields": {"id": 2, "created": "2025-04-03T09:22:55.401Z", "updated": "2025-04-03T09:23:12.214Z", "is_active": true, "first_name": "Shabeeb", "last_name": "Sha", "joining_date": "2025-04-03", "date_of_birth": "2000-04-22", "gender": null, "blood_group": "o-positive", "religion": "Muslim", "qualifications": "", "home_address": "", "city": null, "district": null, "state": null, "pin_code": null, "personal_email": "shabeeb@gmail.com", "contact_number": "+919037126344", "whatsapp_number": null, "admission_number": "0002", "admission_date": "2025-04-03", "photo": "", "other_details": "", "document": null, "signature": null, "parent_first_name": "Sha", "parent_last_name": null, "parent_contact_number": null, "parent_whatsapp_number": null, "parent_mail_id": null, "fee_type": null, "is_discount": null, "discount_percentage": null, "creator": 4, "user": null, "branch": 1, "academic_year": 1, "course": 2, "batch": 2, "history_date": "2025-04-03T09:23:12.216Z", "history_change_reason": null, "history_type": "~", "history_user": null}}, {"model": "admission.historicaladmission", "pk": 15, "fields": {"id": 2, "created": "2025-04-03T09:22:55.401Z", "updated": "2025-04-03T09:23:17.050Z", "is_active": true, "first_name": "Shabeeb", "last_name": "Sha", "joining_date": "2025-04-03", "date_of_birth": "2000-04-22", "gender": null, "blood_group": "o-positive", "religion": "Muslim", "qualifications": "", "home_address": "", "city": null, "district": null, "state": null, "pin_code": null, "personal_email": "shabeeb@gmail.com", "contact_number": "+919037126344", "whatsapp_number": null, "admission_number": "0002", "admission_date": "2025-04-03", "photo": "", "other_details": "", "document": null, "signature": null, "parent_first_name": "Sha", "parent_last_name": null, "parent_contact_number": null, "parent_whatsapp_number": null, "parent_mail_id": null, "fee_type": "installment", "is_discount": null, "discount_percentage": null, "creator": 4, "user": null, "branch": 1, "academic_year": 1, "course": 2, "batch": 2, "history_date": "2025-04-03T09:23:17.052Z", "history_change_reason": null, "history_type": "~", "history_user": null}}, {"model": "admission.historicaladmission", "pk": 16, "fields": {"id": 2, "created": "2025-04-03T09:22:55.401Z", "updated": "2025-04-03T09:23:25.151Z", "is_active": true, "first_name": "Shabeeb", "last_name": "Sha", "joining_date": "2025-04-03", "date_of_birth": "2000-04-22", "gender": null, "blood_group": "o-positive", "religion": "Muslim", "qualifications": "", "home_address": "", "city": null, "district": null, "state": null, "pin_code": null, "personal_email": "shabeeb@gmail.com", "contact_number": "+919037126344", "whatsapp_number": null, "admission_number": "0002", "admission_date": "2025-04-03", "photo": "", "other_details": "", "document": null, "signature": null, "parent_first_name": "Sha", "parent_last_name": null, "parent_contact_number": null, "parent_whatsapp_number": null, "parent_mail_id": null, "fee_type": "installment", "is_discount": null, "discount_percentage": null, "creator": 4, "user": 7, "branch": 1, "academic_year": 1, "course": 2, "batch": 2, "history_date": "2025-04-03T09:23:25.154Z", "history_change_reason": null, "history_type": "~", "history_user": null}}, {"model": "admission.historicaladmission", "pk": 17, "fields": {"id": 3, "created": "2025-04-05T05:57:58.539Z", "updated": "2025-04-05T05:57:58.539Z", "is_active": true, "first_name": "Afsal", "last_name": "Muhammed", "joining_date": "2025-04-18", "date_of_birth": "2025-04-26", "gender": "MALE", "blood_group": "o-positive", "religion": "Muslim", "qualifications": "+2 graduate", "home_address": "Greenview Residency Apartments, 3rd Cross, 6th Main Road, Near HSR BDA Complex, HSR Layout Sector 7, Bengaluru, Karnataka 560102, India", "city": "Calicut", "district": "Malappuram", "state": "Kerala", "pin_code": "673638", "personal_email": "midhu@gmail.com", "contact_number": "+919037126305", "whatsapp_number": "+919037126305", "admission_number": "0003", "admission_date": "2025-04-05", "photo": "admission/documents/01b10711-547f-4d37-a592-3846819305ee.jpg", "other_details": null, "document": "admission/documents/Oxdu_Registration_Form_NEW.pdf", "signature": "admission/signature/1000049225.jpg", "parent_first_name": "Midhlaj", "parent_last_name": "Rahman", "parent_contact_number": "+918078990044", "parent_whatsapp_number": "+918078990045", "parent_mail_id": "midhlajrahman33@gmail.com", "fee_type": null, "is_discount": null, "discount_percentage": null, "creator": null, "user": 8, "branch": 1, "academic_year": 1, "course": 2, "batch": null, "history_date": "2025-04-05T05:57:58.547Z", "history_change_reason": null, "history_type": "+", "history_user": null}}, {"model": "admission.historicaladmission", "pk": 18, "fields": {"id": 4, "created": "2025-04-05T06:02:25.784Z", "updated": "2025-04-05T06:02:25.784Z", "is_active": true, "first_name": "nishal", "last_name": "Habeeb", "joining_date": "2025-04-09", "date_of_birth": "2025-04-15", "gender": "OTHER", "blood_group": "b-positive", "religion": "Hindu", "qualifications": "+2 Graduate", "home_address": "Greenview Residency Apartments, 3rd Cross, 6th Main Road, Near HSR BDA Complex, HSR Layout Sector 7, Bengaluru, Karnataka 560102, India", "city": "Kondotty", "district": "Malappuram", "state": "Kerala", "pin_code": "673638", "personal_email": "nishal@gmail.com", "contact_number": "96898515943", "whatsapp_number": "96898515943", "admission_number": "0004", "admission_date": "2025-04-05", "photo": "", "other_details": null, "document": "admission/documents/dummy.pdf", "signature": "admission/signature/PngItem_4700386.png", "parent_first_name": "Midh", "parent_last_name": "rahman", "parent_contact_number": "+9190376644", "parent_whatsapp_number": "+9190376644", "parent_mail_id": "midhlaj@gmail.com", "fee_type": null, "is_discount": null, "discount_percentage": null, "creator": null, "user": 9, "branch": 2, "academic_year": 1, "course": 1, "batch": null, "history_date": "2025-04-05T06:02:25.789Z", "history_change_reason": null, "history_type": "+", "history_user": 1}}, {"model": "admission.historicaladmission", "pk": 19, "fields": {"id": 4, "created": "2025-04-05T06:02:25.784Z", "updated": "2025-04-05T06:03:43.385Z", "is_active": true, "first_name": "nishal", "last_name": "Habeeb", "joining_date": "2025-04-09", "date_of_birth": "2025-04-15", "gender": "OTHER", "blood_group": "b-positive", "religion": "Hindu", "qualifications": "+2 Graduate", "home_address": "Greenview Residency Apartments, 3rd Cross, 6th Main Road, Near HSR BDA Complex, HSR Layout Sector 7, Bengaluru, Karnataka 560102, India", "city": "Kondotty", "district": "Malappuram", "state": "Kerala", "pin_code": "673638", "personal_email": "nishal@gmail.com", "contact_number": "96898515943", "whatsapp_number": "96898515943", "admission_number": "0004", "admission_date": "2025-04-05", "photo": "admission/documents/468944360_967137345435002_6649101424529725336_n.jpg", "other_details": "", "document": "admission/documents/dummy.pdf", "signature": "admission/signature/PngItem_4700386.png", "parent_first_name": "Midh", "parent_last_name": "rahman", "parent_contact_number": "+9190376644", "parent_whatsapp_number": "+9190376644", "parent_mail_id": "midhlaj@gmail.com", "fee_type": null, "is_discount": null, "discount_percentage": null, "creator": null, "user": 9, "branch": 2, "academic_year": 1, "course": 1, "batch": null, "history_date": "2025-04-05T06:03:43.388Z", "history_change_reason": null, "history_type": "~", "history_user": 1}}, {"model": "admission.historicaladmission", "pk": 20, "fields": {"id": 5, "created": "2025-04-06T15:08:45.479Z", "updated": "2025-04-06T15:08:45.479Z", "is_active": true, "first_name": "Muhammed", "last_name": "Rashad", "joining_date": "2025-04-09", "date_of_birth": "2007-07-18", "gender": "MALE", "blood_group": "b-positive", "religion": "Muslim", "qualifications": "+2 graduate", "home_address": "Eratthali House musliyarangadi nediyiruppu po Malappuram kondotty 673638", "city": "Calicut", "district": "Malappuram", "state": "Kerala", "pin_code": "673638", "personal_email": "muhammedrashad@gmail.com", "contact_number": "+919544770441", "whatsapp_number": "+919544770441", "admission_number": "0005", "admission_date": "2025-04-06", "photo": "admission/documents/ee3499ee-1d40-4d35-8082-505253105cd0.jpg", "other_details": null, "document": "", "signature": "admission/signature/1000049225_6pGnmM2.jpg", "parent_first_name": "Hameed", "parent_last_name": "Eratthali", "parent_contact_number": "+918714200441", "parent_whatsapp_number": "+918714200441", "parent_mail_id": "hameed.ertthali@gmail.com", "fee_type": null, "is_discount": null, "discount_percentage": null, "creator": null, "user": 10, "branch": 2, "academic_year": 1, "course": 1, "batch": null, "history_date": "2025-04-06T15:08:45.491Z", "history_change_reason": null, "history_type": "+", "history_user": null}}, {"model": "admission.historicaladmission", "pk": 21, "fields": {"id": 6, "created": "2025-04-10T05:53:58.912Z", "updated": "2025-04-10T05:53:58.912Z", "is_active": true, "first_name": "Fazil", "last_name": "Mohammed", "joining_date": "2025-04-10", "date_of_birth": "2025-04-10", "gender": "MALE", "blood_group": "a-negative", "religion": "Muslim", "qualifications": "BTEC", "home_address": "ABC at district", "city": "Malappuram", "district": "Malappuram", "state": "Kerala", "pin_code": "764778", "personal_email": "abc@gmail.com", "contact_number": "9876543210", "whatsapp_number": "9876543210", "admission_number": "0006", "admission_date": "2025-04-10", "photo": "", "other_details": null, "document": "", "signature": "admission/signature/17442644225507624794508905047943.jpg", "parent_first_name": "Vhbj", "parent_last_name": "Ghnn", "parent_contact_number": "9876543210", "parent_whatsapp_number": "9876542568", "parent_mail_id": "abc@gmail.com", "fee_type": null, "is_discount": null, "discount_percentage": null, "creator": null, "user": 11, "branch": 2, "academic_year": 1, "course": 2, "batch": null, "history_date": "2025-04-10T05:53:58.929Z", "history_change_reason": null, "history_type": "+", "history_user": null}}, {"model": "admission.historicaladmission", "pk": 22, "fields": {"id": 7, "created": "2025-04-28T08:04:51.405Z", "updated": "2025-04-28T08:04:51.405Z", "is_active": true, "first_name": "Bree", "last_name": "Rivers", "joining_date": null, "date_of_birth": "2025-07-24", "gender": "MALE", "blood_group": "ab-negative", "religion": "Other", "qualifications": "Et error ex sit in", "home_address": null, "city": null, "district": null, "state": null, "pin_code": null, "personal_email": "mymajanepy@mailinator.com", "contact_number": "270", "whatsapp_number": "448", "admission_number": "0007", "admission_date": "2025-04-28", "photo": "admission/documents/249ff7b2-312c-43e8-9ccb-100b4e41c6b5.jpeg", "other_details": null, "document": "", "signature": "", "parent_first_name": null, "parent_last_name": null, "parent_contact_number": null, "parent_whatsapp_number": null, "parent_mail_id": null, "fee_type": null, "is_discount": null, "discount_percentage": null, "creator": 1, "user": null, "branch": 1, "academic_year": 1, "course": null, "batch": null, "history_date": "2025-04-28T08:04:51.412Z", "history_change_reason": null, "history_type": "+", "history_user": 1}}, {"model": "admission.historicaladmission", "pk": 23, "fields": {"id": 7, "created": "2025-04-28T08:04:51.405Z", "updated": "2025-04-28T08:04:56.310Z", "is_active": true, "first_name": "Bree", "last_name": "Rivers", "joining_date": null, "date_of_birth": "2025-07-24", "gender": "MALE", "blood_group": "ab-negative", "religion": "Other", "qualifications": "Et error ex sit in", "home_address": null, "city": null, "district": null, "state": null, "pin_code": null, "personal_email": "mymajanepy@mailinator.com", "contact_number": "270", "whatsapp_number": "448", "admission_number": "0007", "admission_date": "2025-04-28", "photo": "admission/documents/249ff7b2-312c-43e8-9ccb-100b4e41c6b5.jpeg", "other_details": null, "document": "", "signature": "", "parent_first_name": "Rhea", "parent_last_name": "Huffman", "parent_contact_number": "139", "parent_whatsapp_number": "892", "parent_mail_id": "honanome@mailinator.com", "fee_type": null, "is_discount": null, "discount_percentage": null, "creator": 1, "user": null, "branch": 1, "academic_year": 1, "course": null, "batch": null, "history_date": "2025-04-28T08:04:56.313Z", "history_change_reason": null, "history_type": "~", "history_user": 1}}, {"model": "admission.historicaladmission", "pk": 24, "fields": {"id": 7, "created": "2025-04-28T08:04:51.405Z", "updated": "2025-04-28T08:05:00.999Z", "is_active": true, "first_name": "Bree", "last_name": "Rivers", "joining_date": null, "date_of_birth": "2025-07-24", "gender": "MALE", "blood_group": "ab-negative", "religion": "Other", "qualifications": "Et error ex sit in", "home_address": "Nostrud consequatur", "city": "In necessitatibus vitae aute officiis", "district": "Doloribus quaerat dolor Nam placeat nisi sint amet impedit dolor itaque", "state": "Perferendis reprehenderit et qui labore est voluptatem Et molestias esse facere aspernatur minim", "pin_code": "Nostrum qui ab aspernatur ab quo atque quidem in minus asperiores praesentium atque placeat ut", "personal_email": "mymajanepy@mailinator.com", "contact_number": "270", "whatsapp_number": "448", "admission_number": "0007", "admission_date": "2025-04-28", "photo": "admission/documents/249ff7b2-312c-43e8-9ccb-100b4e41c6b5.jpeg", "other_details": null, "document": "", "signature": "", "parent_first_name": "Rhea", "parent_last_name": "Huffman", "parent_contact_number": "139", "parent_whatsapp_number": "892", "parent_mail_id": "honanome@mailinator.com", "fee_type": null, "is_discount": null, "discount_percentage": null, "creator": 1, "user": null, "branch": 1, "academic_year": 1, "course": null, "batch": null, "history_date": "2025-04-28T08:05:01.003Z", "history_change_reason": null, "history_type": "~", "history_user": 1}}, {"model": "admission.historicaladmission", "pk": 25, "fields": {"id": 7, "created": "2025-04-28T08:04:51.405Z", "updated": "2025-04-28T08:05:00.999Z", "is_active": true, "first_name": "Bree", "last_name": "Rivers", "joining_date": null, "date_of_birth": "2025-07-24", "gender": "MALE", "blood_group": "ab-negative", "religion": "Other", "qualifications": "Et error ex sit in", "home_address": "Nostrud consequatur", "city": "In necessitatibus vitae aute officiis", "district": "Doloribus quaerat dolor Nam placeat nisi sint amet impedit dolor itaque", "state": "Perferendis reprehenderit et qui labore est voluptatem Et molestias esse facere aspernatur minim", "pin_code": "Nostrum qui ab aspernatur ab quo atque quidem in minus asperiores praesentium atque placeat ut", "personal_email": "mymajanepy@mailinator.com", "contact_number": "270", "whatsapp_number": "448", "admission_number": "0007", "admission_date": "2025-04-28", "photo": "admission/documents/249ff7b2-312c-43e8-9ccb-100b4e41c6b5.jpeg", "other_details": null, "document": "", "signature": "", "parent_first_name": "Rhea", "parent_last_name": "Huffman", "parent_contact_number": "139", "parent_whatsapp_number": "892", "parent_mail_id": "honanome@mailinator.com", "fee_type": null, "is_discount": null, "discount_percentage": null, "creator": 1, "user": null, "branch": 1, "academic_year": 1, "course": null, "batch": null, "history_date": "2025-04-28T10:50:40.300Z", "history_change_reason": null, "history_type": "-", "history_user": 1}}, {"model": "admission.historicaladmission", "pk": 26, "fields": {"id": 6, "created": "2025-04-10T05:53:58.912Z", "updated": "2025-04-10T05:53:58.912Z", "is_active": true, "first_name": "Fazil", "last_name": "Mohammed", "joining_date": "2025-04-10", "date_of_birth": "2025-04-10", "gender": "MALE", "blood_group": "a-negative", "religion": "Muslim", "qualifications": "BTEC", "home_address": "ABC at district", "city": "Malappuram", "district": "Malappuram", "state": "Kerala", "pin_code": "764778", "personal_email": "abc@gmail.com", "contact_number": "9876543210", "whatsapp_number": "9876543210", "admission_number": "0006", "admission_date": "2025-04-10", "photo": "", "other_details": null, "document": "", "signature": "admission/signature/17442644225507624794508905047943.jpg", "parent_first_name": "Vhbj", "parent_last_name": "Ghnn", "parent_contact_number": "9876543210", "parent_whatsapp_number": "9876542568", "parent_mail_id": "abc@gmail.com", "fee_type": null, "is_discount": null, "discount_percentage": null, "creator": null, "user": 11, "branch": 2, "academic_year": 1, "course": 2, "batch": null, "history_date": "2025-04-28T10:50:40.305Z", "history_change_reason": null, "history_type": "-", "history_user": 1}}, {"model": "admission.historicaladmission", "pk": 27, "fields": {"id": 5, "created": "2025-04-06T15:08:45.479Z", "updated": "2025-04-06T15:08:45.479Z", "is_active": true, "first_name": "Muhammed", "last_name": "Rashad", "joining_date": "2025-04-09", "date_of_birth": "2007-07-18", "gender": "MALE", "blood_group": "b-positive", "religion": "Muslim", "qualifications": "+2 graduate", "home_address": "Eratthali House musliyarangadi nediyiruppu po Malappuram kondotty 673638", "city": "Calicut", "district": "Malappuram", "state": "Kerala", "pin_code": "673638", "personal_email": "muhammedrashad@gmail.com", "contact_number": "+919544770441", "whatsapp_number": "+919544770441", "admission_number": "0005", "admission_date": "2025-04-06", "photo": "admission/documents/ee3499ee-1d40-4d35-8082-505253105cd0.jpg", "other_details": null, "document": "", "signature": "admission/signature/1000049225_6pGnmM2.jpg", "parent_first_name": "Hameed", "parent_last_name": "Eratthali", "parent_contact_number": "+918714200441", "parent_whatsapp_number": "+918714200441", "parent_mail_id": "hameed.ertthali@gmail.com", "fee_type": null, "is_discount": null, "discount_percentage": null, "creator": null, "user": 10, "branch": 2, "academic_year": 1, "course": 1, "batch": null, "history_date": "2025-04-28T10:50:40.307Z", "history_change_reason": null, "history_type": "-", "history_user": 1}}, {"model": "admission.historicaladmission", "pk": 28, "fields": {"id": 4, "created": "2025-04-05T06:02:25.784Z", "updated": "2025-04-05T06:03:43.385Z", "is_active": true, "first_name": "nishal", "last_name": "Habeeb", "joining_date": "2025-04-09", "date_of_birth": "2025-04-15", "gender": "OTHER", "blood_group": "b-positive", "religion": "Hindu", "qualifications": "+2 Graduate", "home_address": "Greenview Residency Apartments, 3rd Cross, 6th Main Road, Near HSR BDA Complex, HSR Layout Sector 7, Bengaluru, Karnataka 560102, India", "city": "Kondotty", "district": "Malappuram", "state": "Kerala", "pin_code": "673638", "personal_email": "nishal@gmail.com", "contact_number": "96898515943", "whatsapp_number": "96898515943", "admission_number": "0004", "admission_date": "2025-04-05", "photo": "admission/documents/468944360_967137345435002_6649101424529725336_n.jpg", "other_details": "", "document": "admission/documents/dummy.pdf", "signature": "admission/signature/PngItem_4700386.png", "parent_first_name": "Midh", "parent_last_name": "rahman", "parent_contact_number": "+9190376644", "parent_whatsapp_number": "+9190376644", "parent_mail_id": "midhlaj@gmail.com", "fee_type": null, "is_discount": null, "discount_percentage": null, "creator": null, "user": 9, "branch": 2, "academic_year": 1, "course": 1, "batch": null, "history_date": "2025-04-28T10:50:40.310Z", "history_change_reason": null, "history_type": "-", "history_user": 1}}, {"model": "admission.historicaladmission", "pk": 29, "fields": {"id": 3, "created": "2025-04-05T05:57:58.539Z", "updated": "2025-04-05T05:57:58.539Z", "is_active": true, "first_name": "Afsal", "last_name": "Muhammed", "joining_date": "2025-04-18", "date_of_birth": "2025-04-26", "gender": "MALE", "blood_group": "o-positive", "religion": "Muslim", "qualifications": "+2 graduate", "home_address": "Greenview Residency Apartments, 3rd Cross, 6th Main Road, Near HSR BDA Complex, HSR Layout Sector 7, Bengaluru, Karnataka 560102, India", "city": "Calicut", "district": "Malappuram", "state": "Kerala", "pin_code": "673638", "personal_email": "midhu@gmail.com", "contact_number": "+919037126305", "whatsapp_number": "+919037126305", "admission_number": "0003", "admission_date": "2025-04-05", "photo": "admission/documents/01b10711-547f-4d37-a592-3846819305ee.jpg", "other_details": null, "document": "admission/documents/Oxdu_Registration_Form_NEW.pdf", "signature": "admission/signature/1000049225.jpg", "parent_first_name": "Midhlaj", "parent_last_name": "Rahman", "parent_contact_number": "+918078990044", "parent_whatsapp_number": "+918078990045", "parent_mail_id": "midhlajrahman33@gmail.com", "fee_type": null, "is_discount": null, "discount_percentage": null, "creator": null, "user": 8, "branch": 1, "academic_year": 1, "course": 2, "batch": null, "history_date": "2025-04-28T10:50:40.313Z", "history_change_reason": null, "history_type": "-", "history_user": 1}}, {"model": "admission.historicaladmission", "pk": 30, "fields": {"id": 2, "created": "2025-04-03T09:22:55.401Z", "updated": "2025-04-03T09:23:25.151Z", "is_active": true, "first_name": "Shabeeb", "last_name": "Sha", "joining_date": "2025-04-03", "date_of_birth": "2000-04-22", "gender": null, "blood_group": "o-positive", "religion": "Muslim", "qualifications": "", "home_address": "", "city": null, "district": null, "state": null, "pin_code": null, "personal_email": "shabeeb@gmail.com", "contact_number": "+919037126344", "whatsapp_number": null, "admission_number": "0002", "admission_date": "2025-04-03", "photo": "", "other_details": "", "document": "", "signature": "", "parent_first_name": "Sha", "parent_last_name": null, "parent_contact_number": null, "parent_whatsapp_number": null, "parent_mail_id": null, "fee_type": "installment", "is_discount": null, "discount_percentage": null, "creator": 4, "user": 7, "branch": 1, "academic_year": 1, "course": 2, "batch": 2, "history_date": "2025-04-28T10:50:40.315Z", "history_change_reason": null, "history_type": "-", "history_user": 1}}, {"model": "admission.historicaladmission", "pk": 31, "fields": {"id": 1, "created": "2025-04-03T09:20:39.888Z", "updated": "2025-04-03T09:22:17.769Z", "is_active": true, "first_name": "Midhlaj", "last_name": "Rahman", "joining_date": null, "date_of_birth": "2006-05-01", "gender": "MALE", "blood_group": "o-positive", "religion": "Muslim", "qualifications": "", "home_address": "", "city": null, "district": null, "state": null, "pin_code": null, "personal_email": "midhlajrahman@gmail.com", "contact_number": "+919037126305", "whatsapp_number": null, "admission_number": "0001", "admission_date": "2025-04-03", "photo": "", "other_details": "", "document": "", "signature": "", "parent_first_name": "Basheer", "parent_last_name": null, "parent_contact_number": null, "parent_whatsapp_number": null, "parent_mail_id": null, "fee_type": "installment", "is_discount": null, "discount_percentage": null, "creator": 4, "user": 6, "branch": 1, "academic_year": 1, "course": 2, "batch": 1, "history_date": "2025-04-28T10:50:40.317Z", "history_change_reason": null, "history_type": "-", "history_user": 1}}, {"model": "admission.historicaladmission", "pk": 32, "fields": {"id": 8, "created": "2025-04-28T11:09:12.514Z", "updated": "2025-04-28T11:09:12.514Z", "is_active": true, "first_name": "Anfal", "last_name": "Ac", "joining_date": "2025-04-28", "date_of_birth": "2001-11-28", "gender": "MALE", "blood_group": "o-positive", "religion": "Muslim", "qualifications": "BBA", "home_address": "Kunnath", "city": "Calicut", "district": "Malappuram", "state": "Kerala", "pin_code": "673633", "personal_email": "anfal007pgv@gmail.com", "contact_number": "9946945568", "whatsapp_number": "9946945568", "admission_number": "OXD001", "admission_date": "2025-04-28", "photo": "admission/documents/1371e07f-4673-4a44-a99b-6affe0011e9f.jpeg", "other_details": null, "document": "", "signature": "admission/signature/IMG_5801.jpeg", "parent_first_name": "Hajara", "parent_last_name": "Ek", "parent_contact_number": "9645477736", "parent_whatsapp_number": "9645477736", "parent_mail_id": null, "fee_type": null, "is_discount": null, "discount_percentage": null, "creator": null, "user": 14, "branch": 5, "academic_year": 1, "course": 5, "batch": null, "history_date": "2025-04-28T11:09:12.524Z", "history_change_reason": null, "history_type": "+", "history_user": null}}, {"model": "admission.historicaladmission", "pk": 33, "fields": {"id": 8, "created": "2025-04-28T11:09:12.514Z", "updated": "2025-04-28T11:14:53.514Z", "is_active": false, "first_name": "Anfal", "last_name": "Ac", "joining_date": "2025-04-28", "date_of_birth": "2001-11-28", "gender": "MALE", "blood_group": "o-positive", "religion": "Muslim", "qualifications": "BBA", "home_address": "Kunnath", "city": "Calicut", "district": "Malappuram", "state": "Kerala", "pin_code": "673633", "personal_email": "anfal007pgv@gmail.com", "contact_number": "9946945568", "whatsapp_number": "9946945568", "admission_number": "OXD001", "admission_date": "2025-04-28", "photo": "admission/documents/1371e07f-4673-4a44-a99b-6affe0011e9f.jpeg", "other_details": null, "document": "", "signature": "admission/signature/IMG_5801.jpeg", "parent_first_name": "Hajara", "parent_last_name": "Ek", "parent_contact_number": "9645477736", "parent_whatsapp_number": "9645477736", "parent_mail_id": null, "fee_type": null, "is_discount": null, "discount_percentage": null, "creator": null, "user": 14, "branch": 5, "academic_year": 1, "course": 5, "batch": null, "history_date": "2025-04-28T11:14:53.517Z", "history_change_reason": null, "history_type": "~", "history_user": 13}}, {"model": "admission.historicaladmission", "pk": 34, "fields": {"id": 8, "created": "2025-04-28T11:09:12.514Z", "updated": "2025-04-28T11:15:03.215Z", "is_active": true, "first_name": "Anfal", "last_name": "Ac", "joining_date": "2025-04-28", "date_of_birth": "2001-11-28", "gender": "MALE", "blood_group": "o-positive", "religion": "Muslim", "qualifications": "BBA", "home_address": "Kunnath", "city": "Calicut", "district": "Malappuram", "state": "Kerala", "pin_code": "673633", "personal_email": "anfal007pgv@gmail.com", "contact_number": "9946945568", "whatsapp_number": "9946945568", "admission_number": "OXD001", "admission_date": "2025-04-28", "photo": "admission/documents/1371e07f-4673-4a44-a99b-6affe0011e9f.jpeg", "other_details": null, "document": "", "signature": "admission/signature/IMG_5801.jpeg", "parent_first_name": "Hajara", "parent_last_name": "Ek", "parent_contact_number": "9645477736", "parent_whatsapp_number": "9645477736", "parent_mail_id": null, "fee_type": null, "is_discount": null, "discount_percentage": null, "creator": null, "user": 14, "branch": 5, "academic_year": 1, "course": 5, "batch": null, "history_date": "2025-04-28T11:15:03.220Z", "history_change_reason": null, "history_type": "~", "history_user": 13}}, {"model": "admission.admission", "pk": 8, "fields": {"created": "2025-04-28T11:09:12.514Z", "updated": "2025-04-28T11:15:03.215Z", "creator": null, "is_active": true, "user": 14, "branch": 5, "first_name": "Anfal", "last_name": "Ac", "joining_date": "2025-04-28", "date_of_birth": "2001-11-28", "gender": "MALE", "blood_group": "o-positive", "religion": "Muslim", "qualifications": "BBA", "home_address": "Kunnath", "city": "Calicut", "district": "Malappuram", "state": "Kerala", "pin_code": "673633", "personal_email": "anfal007pgv@gmail.com", "contact_number": "9946945568", "whatsapp_number": "9946945568", "admission_number": "OXD001", "admission_date": "2025-04-28", "academic_year": 1, "photo": "admission/documents/1371e07f-4673-4a44-a99b-6affe0011e9f.jpeg", "course": 5, "batch": null, "other_details": null, "document": "", "signature": "admission/signature/IMG_5801.jpeg", "parent_first_name": "Hajara", "parent_last_name": "Ek", "parent_contact_number": "9645477736", "parent_whatsapp_number": "9645477736", "parent_mail_id": null, "fee_type": null, "is_discount": null, "discount_percentage": null}}, {"model": "admission.historicalattendanceregister", "pk": 1, "fields": {"id": 1, "created": "2025-04-03T09:24:35.019Z", "updated": "2025-04-03T09:24:35.019Z", "is_active": true, "date": "2025-04-03", "creator": null, "branch": 1, "batch": 1, "course": 2, "history_date": "2025-04-03T09:24:35.021Z", "history_change_reason": null, "history_type": "+", "history_user": null}}, {"model": "admission.historicalattendanceregister", "pk": 2, "fields": {"id": 1, "created": "2025-04-03T09:24:35.019Z", "updated": "2025-04-28T09:05:49.774Z", "is_active": true, "date": "2025-04-03", "creator": null, "branch": 1, "batch": 1, "course": 2, "history_date": "2025-04-28T09:05:49.776Z", "history_change_reason": null, "history_type": "~", "history_user": null}}, {"model": "admission.historicalattendanceregister", "pk": 3, "fields": {"id": 1, "created": "2025-04-03T09:24:35.019Z", "updated": "2025-04-28T09:05:49.798Z", "is_active": true, "date": "2025-04-03", "creator": null, "branch": 1, "batch": 1, "course": 2, "history_date": "2025-04-28T09:05:49.800Z", "history_change_reason": null, "history_type": "~", "history_user": null}}, {"model": "admission.historicalattendanceregister", "pk": 4, "fields": {"id": 1, "created": "2025-04-03T09:24:35.019Z", "updated": "2025-04-28T09:05:49.798Z", "is_active": true, "date": "2025-04-03", "creator": null, "branch": 1, "batch": 1, "course": 2, "history_date": "2025-04-28T10:51:34.142Z", "history_change_reason": null, "history_type": "-", "history_user": 1}}, {"model": "admission.historicalattendance", "pk": 1, "fields": {"id": 1, "created": "2025-04-03T09:24:35.031Z", "updated": "2025-04-03T09:24:35.031Z", "is_active": true, "status": "Present", "creator": null, "register": 1, "student": 1, "history_date": "2025-04-03T09:24:35.032Z", "history_change_reason": null, "history_type": "+", "history_user": null}}, {"model": "admission.historicalattendance", "pk": 2, "fields": {"id": 1, "created": "2025-04-03T09:24:35.031Z", "updated": "2025-04-03T09:24:35.031Z", "is_active": true, "status": "Present", "creator": null, "register": 1, "student": 1, "history_date": "2025-04-28T10:50:40.291Z", "history_change_reason": null, "history_type": "-", "history_user": 1}}, {"model": "admission.historicalfeereceipt", "pk": 1, "fields": {"id": 1, "created": "2025-04-03T09:29:55.570Z", "updated": "2025-04-03T09:29:55.570Z", "is_active": true, "receipt_no": "OXD001", "date": "2025-04-03", "note": null, "payment_type": "cash", "amount": "5000.00", "creator": null, "student": 1, "history_date": "2025-04-03T09:29:55.573Z", "history_change_reason": null, "history_type": "+", "history_user": null}}, {"model": "admission.historicalfeereceipt", "pk": 2, "fields": {"id": 1, "created": "2025-04-03T09:29:55.570Z", "updated": "2025-04-03T09:29:55.579Z", "is_active": true, "receipt_no": "OXD001", "date": "2025-04-03", "note": null, "payment_type": "cash", "amount": "5000.00", "creator": 4, "student": 1, "history_date": "2025-04-03T09:29:55.581Z", "history_change_reason": null, "history_type": "~", "history_user": null}}, {"model": "admission.historicalfeereceipt", "pk": 3, "fields": {"id": 1, "created": "2025-04-03T09:29:55.570Z", "updated": "2025-04-03T09:29:55.579Z", "is_active": true, "receipt_no": "OXD001", "date": "2025-04-03", "note": null, "payment_type": "cash", "amount": "5000.00", "creator": 4, "student": 1, "history_date": "2025-04-28T10:49:42.460Z", "history_change_reason": null, "history_type": "-", "history_user": 1}}, {"model": "admission.historicalfeereceipt", "pk": 4, "fields": {"id": 2, "created": "2025-04-28T11:11:37.903Z", "updated": "2025-04-28T11:11:37.903Z", "is_active": true, "receipt_no": "OXD001", "date": "2025-04-28", "note": null, "payment_type": "bank", "amount": "2000.00", "creator": null, "student": 8, "history_date": "2025-04-28T11:11:37.906Z", "history_change_reason": null, "history_type": "+", "history_user": 1}}, {"model": "admission.historicalfeereceipt", "pk": 5, "fields": {"id": 2, "created": "2025-04-28T11:11:37.903Z", "updated": "2025-04-28T11:11:37.909Z", "is_active": true, "receipt_no": "OXD001", "date": "2025-04-28", "note": null, "payment_type": "bank", "amount": "2000.00", "creator": 1, "student": 8, "history_date": "2025-04-28T11:11:37.911Z", "history_change_reason": null, "history_type": "~", "history_user": 1}}, {"model": "admission.feereceipt", "pk": 2, "fields": {"created": "2025-04-28T11:11:37.903Z", "updated": "2025-04-28T11:11:37.909Z", "creator": 1, "is_active": true, "student": 8, "receipt_no": "OXD001", "date": "2025-04-28", "note": null, "payment_type": "bank", "amount": "2000.00"}}, {"model": "core.historicalacademicyear", "pk": 1, "fields": {"id": 1, "created": "2025-04-03T08:28:14.539Z", "updated": "2025-04-03T08:28:14.539Z", "is_active": true, "start_month_session": "1", "start_year_session": 2025, "end_month_session": "1", "end_year_session": 2026, "creator": null, "history_date": "2025-04-03T08:28:14.541Z", "history_change_reason": null, "history_type": "+", "history_user": 1}}, {"model": "core.academicyear", "pk": 1, "fields": {"created": "2025-04-03T08:28:14.539Z", "updated": "2025-04-03T08:28:14.539Z", "creator": null, "is_active": true, "start_month_session": "1", "start_year_session": 2025, "end_month_session": "1", "end_year_session": 2026}}, {"model": "accounts.user", "pk": 1, "fields": {"password": "pbkdf2_sha256$600000$ftolp3ufmp8KuX8fedxHVo$zOZ+OsYF8gtwM+X5LIiqCmUnkTcIjWukx9TP/WYWZqk=", "last_login": "2025-04-29T06:00:38.439Z", "is_superuser": true, "first_name": "", "last_name": "", "is_staff": true, "is_active": true, "date_joined": "2025-04-03T08:26:20.159Z", "branch": null, "email": "admin@gmail.com", "usertype": "branch_staff", "groups": [], "user_permissions": []}}, {"model": "accounts.user", "pk": 12, "fields": {"password": "pbkdf2_sha256$600000$7ESqDe4oTZnPkSGuTuhBSC$25bKV3vAMuB33CDeocIMPcIq/AhIE2OQ0jbAVzIZG2g=", "last_login": "2025-04-28T08:25:38.598Z", "is_superuser": true, "first_name": "", "last_name": "", "is_staff": true, "is_active": true, "date_joined": "2025-04-28T08:25:05.304Z", "branch": null, "email": "oxdu@gmail.com", "usertype": "", "groups": [], "user_permissions": []}}, {"model": "accounts.user", "pk": 13, "fields": {"password": "pbkdf2_sha256$600000$N4ndDF3ehX15td0vrz4PsA$Bxu1Z7rPjBaBxrdWmXStJiXZnJDHs0aEm82YjKteTTY=", "last_login": "2025-04-29T04:30:52.382Z", "is_superuser": true, "first_name": "anfal", "last_name": "ac", "is_staff": true, "is_active": true, "date_joined": "2025-04-28T10:47:26.644Z", "branch": 2, "email": "anfalac@gmail.com", "usertype": "admin_staff", "groups": [], "user_permissions": []}}, {"model": "accounts.user", "pk": 14, "fields": {"password": "pbkdf2_sha256$600000$XtJSvwQwXf8tVZfvV8HLDk$9S5lQFDyTr03ZJUi3LFBIZ7FmMlV770mi614/rHP4g0=", "last_login": null, "is_superuser": false, "first_name": "Anfal", "last_name": "Ac", "is_staff": false, "is_active": true, "date_joined": "2025-04-28T11:09:11.961Z", "branch": 5, "email": "anfal007pgv@gmail.com", "usertype": "student", "groups": [], "user_permissions": []}}, {"model": "masters.historicalbatch", "pk": 1, "fields": {"id": 1, "created": "2025-04-03T09:21:09.068Z", "updated": "2025-04-03T09:21:09.068Z", "is_active": true, "batch_name": "Morning Batch", "description": "", "creator": 1, "branch": 1, "academic_year": 1, "history_date": "2025-04-03T09:21:09.071Z", "history_change_reason": null, "history_type": "+", "history_user": 1}}, {"model": "masters.historicalbatch", "pk": 2, "fields": {"id": 2, "created": "2025-04-03T09:21:36.788Z", "updated": "2025-04-03T09:21:36.788Z", "is_active": true, "batch_name": "Afternoon Batch", "description": "", "creator": 1, "branch": 1, "academic_year": 1, "history_date": "2025-04-03T09:21:36.790Z", "history_change_reason": null, "history_type": "+", "history_user": 1}}, {"model": "masters.historicalbatch", "pk": 3, "fields": {"id": 2, "created": "2025-04-03T09:21:36.788Z", "updated": "2025-04-28T10:53:33.046Z", "is_active": true, "batch_name": "Afternoon Batch", "description": "", "creator": 1, "branch": 2, "academic_year": 1, "history_date": "2025-04-28T10:53:33.049Z", "history_change_reason": null, "history_type": "~", "history_user": 1}}, {"model": "masters.historicalbatch", "pk": 4, "fields": {"id": 1, "created": "2025-04-03T09:21:09.068Z", "updated": "2025-04-28T10:53:41.208Z", "is_active": true, "batch_name": "Morning Batch", "description": "", "creator": 1, "branch": 2, "academic_year": 1, "history_date": "2025-04-28T10:53:41.210Z", "history_change_reason": null, "history_type": "~", "history_user": 1}}, {"model": "masters.batch", "pk": 1, "fields": {"created": "2025-04-03T09:21:09.068Z", "updated": "2025-04-28T10:53:41.208Z", "creator": 1, "is_active": true, "branch": 2, "batch_name": "Morning Batch", "description": "", "academic_year": 1}}, {"model": "masters.batch", "pk": 2, "fields": {"created": "2025-04-03T09:21:36.788Z", "updated": "2025-04-28T10:53:33.046Z", "creator": 1, "is_active": true, "branch": 2, "batch_name": "Afternoon Batch", "description": "", "academic_year": 1}}, {"model": "masters.historicalcourse", "pk": 1, "fields": {"id": 1, "created": "2025-04-03T08:30:02.128Z", "updated": "2025-04-03T08:30:02.128Z", "is_active": true, "name": "Graphics Designing", "fees": 50000, "description": "", "creator": 1, "history_date": "2025-04-03T08:30:02.133Z", "history_change_reason": null, "history_type": "+", "history_user": 1}}, {"model": "masters.historicalcourse", "pk": 2, "fields": {"id": 2, "created": "2025-04-03T08:33:02.143Z", "updated": "2025-04-03T08:33:02.143Z", "is_active": true, "name": "Web Development", "fees": 50000, "description": "", "creator": 1, "history_date": "2025-04-03T08:33:02.146Z", "history_change_reason": null, "history_type": "+", "history_user": 1}}, {"model": "masters.historicalcourse", "pk": 3, "fields": {"id": 2, "created": "2025-04-03T08:33:02.143Z", "updated": "2025-04-03T08:33:02.143Z", "is_active": true, "name": "Web Development", "fees": 50000, "description": "", "creator": 1, "history_date": "2025-04-28T10:51:34.134Z", "history_change_reason": null, "history_type": "-", "history_user": 1}}, {"model": "masters.historicalcourse", "pk": 4, "fields": {"id": 1, "created": "2025-04-03T08:30:02.128Z", "updated": "2025-04-03T08:30:02.128Z", "is_active": true, "name": "Graphics Designing", "fees": 50000, "description": "", "creator": 1, "history_date": "2025-04-28T10:51:34.138Z", "history_change_reason": null, "history_type": "-", "history_user": 1}}, {"model": "masters.historicalcourse", "pk": 5, "fields": {"id": 3, "created": "2025-04-28T10:52:10.515Z", "updated": "2025-04-28T10:52:10.515Z", "is_active": true, "name": "Graphic Design", "fees": 5500, "description": "", "creator": 1, "history_date": "2025-04-28T10:52:10.520Z", "history_change_reason": null, "history_type": "+", "history_user": 1}}, {"model": "masters.historicalcourse", "pk": 6, "fields": {"id": 3, "created": "2025-04-28T10:52:10.515Z", "updated": "2025-04-28T10:52:21.267Z", "is_active": false, "name": "Graphic Design", "fees": 5500, "description": "", "creator": 1, "history_date": "2025-04-28T10:52:21.270Z", "history_change_reason": null, "history_type": "~", "history_user": 1}}, {"model": "masters.historicalcourse", "pk": 7, "fields": {"id": 3, "created": "2025-04-28T10:52:10.515Z", "updated": "2025-04-28T10:54:30.324Z", "is_active": false, "name": "Graphic Design", "fees": 5500, "description": "", "creator": 1, "history_date": "2025-04-28T10:54:30.326Z", "history_change_reason": null, "history_type": "~", "history_user": 1}}, {"model": "masters.historicalcourse", "pk": 8, "fields": {"id": 3, "created": "2025-04-28T10:52:10.515Z", "updated": "2025-04-28T10:54:30.324Z", "is_active": false, "name": "Graphic Design", "fees": 5500, "description": "", "creator": 1, "history_date": "2025-04-28T10:54:38.021Z", "history_change_reason": null, "history_type": "-", "history_user": 1}}, {"model": "masters.historicalcourse", "pk": 9, "fields": {"id": 4, "created": "2025-04-28T11:02:50.856Z", "updated": "2025-04-28T11:02:50.856Z", "is_active": true, "name": "Graphic Designing", "fees": 55000, "description": "", "creator": 13, "history_date": "2025-04-28T11:02:50.859Z", "history_change_reason": null, "history_type": "+", "history_user": 13}}, {"model": "masters.historicalcourse", "pk": 10, "fields": {"id": 5, "created": "2025-04-28T11:03:05.711Z", "updated": "2025-04-28T11:03:05.711Z", "is_active": true, "name": "Digital Marketing", "fees": 55000, "description": "", "creator": 13, "history_date": "2025-04-28T11:03:05.714Z", "history_change_reason": null, "history_type": "+", "history_user": 13}}, {"model": "masters.course", "pk": 4, "fields": {"created": "2025-04-28T11:02:50.856Z", "updated": "2025-04-28T11:02:50.856Z", "creator": 13, "is_active": true, "name": "Graphic Designing", "fees": 55000, "description": ""}}, {"model": "masters.course", "pk": 5, "fields": {"created": "2025-04-28T11:03:05.711Z", "updated": "2025-04-28T11:03:05.711Z", "creator": 13, "is_active": true, "name": "Digital Marketing", "fees": 55000, "description": ""}}, {"model": "masters.historicalpdfbookresource", "pk": 1, "fields": {"id": 1, "created": "2025-04-29T06:04:29.048Z", "updated": "2025-04-29T06:04:29.048Z", "is_active": true, "creator": null, "course": 5, "history_date": "2025-04-29T06:04:29.052Z", "history_change_reason": null, "history_type": "+", "history_user": 1}}, {"model": "masters.historicalpdfbookresource", "pk": 2, "fields": {"id": 1, "created": "2025-04-29T06:04:29.048Z", "updated": "2025-04-29T06:04:29.075Z", "is_active": true, "creator": 1, "course": 5, "history_date": "2025-04-29T06:04:29.078Z", "history_change_reason": null, "history_type": "~", "history_user": 1}}, {"model": "masters.pdfbookresource", "pk": 1, "fields": {"created": "2025-04-29T06:04:29.048Z", "updated": "2025-04-29T06:04:29.075Z", "creator": 1, "is_active": true, "course": 5}}, {"model": "masters.historicalpdfbook", "pk": 1, "fields": {"id": 1, "created": "2025-04-29T06:04:29.060Z", "updated": "2025-04-29T06:04:29.060Z", "is_active": true, "name": "aaa", "pdf": "pdf/blank.pdf", "creator": null, "resource": 1, "history_date": "2025-04-29T06:04:29.067Z", "history_change_reason": null, "history_type": "+", "history_user": 1}}, {"model": "masters.pdfbook", "pk": 1, "fields": {"created": "2025-04-29T06:04:29.060Z", "updated": "2025-04-29T06:04:29.060Z", "creator": null, "is_active": true, "resource": 1, "name": "aaa", "pdf": "pdf/blank.pdf"}}, {"model": "branches.historicalbranch", "pk": 1, "fields": {"id": 1, "created": "2025-04-03T08:27:11.664Z", "updated": "2025-04-03T08:27:11.664Z", "name": "Ramanatukara", "address": "", "city": null, "state": null, "country": null, "postal_code": null, "contact_number": null, "email": null, "manager_name": null, "is_active": true, "opening_date": null, "creator": 1, "history_date": "2025-04-03T08:27:11.666Z", "history_change_reason": null, "history_type": "+", "history_user": 1}}, {"model": "branches.historicalbranch", "pk": 2, "fields": {"id": 1, "created": "2025-04-03T08:27:11.664Z", "updated": "2025-04-03T08:27:26.210Z", "name": "Ramanattukara", "address": "", "city": null, "state": null, "country": null, "postal_code": null, "contact_number": null, "email": null, "manager_name": null, "is_active": true, "opening_date": null, "creator": 1, "history_date": "2025-04-03T08:27:26.211Z", "history_change_reason": null, "history_type": "~", "history_user": 1}}, {"model": "branches.historicalbranch", "pk": 3, "fields": {"id": 2, "created": "2025-04-03T08:27:33.273Z", "updated": "2025-04-03T08:27:33.273Z", "name": "Kondotty", "address": "", "city": null, "state": null, "country": null, "postal_code": null, "contact_number": null, "email": null, "manager_name": null, "is_active": true, "opening_date": null, "creator": 1, "history_date": "2025-04-03T08:27:33.274Z", "history_change_reason": null, "history_type": "+", "history_user": 1}}, {"model": "branches.historicalbranch", "pk": 4, "fields": {"id": 1, "created": "2025-04-03T08:27:11.664Z", "updated": "2025-04-03T08:27:26.210Z", "name": "Ramanattukara", "address": "", "city": null, "state": null, "country": null, "postal_code": null, "contact_number": null, "email": null, "manager_name": null, "is_active": true, "opening_date": null, "creator": 1, "history_date": "2025-04-28T10:53:49.290Z", "history_change_reason": null, "history_type": "-", "history_user": 1}}, {"model": "branches.historicalbranch", "pk": 5, "fields": {"id": 3, "created": "2025-04-28T11:04:28.909Z", "updated": "2025-04-28T11:04:28.909Z", "name": "Ernakulam", "address": "", "city": null, "state": null, "country": null, "postal_code": null, "contact_number": null, "email": null, "manager_name": null, "is_active": true, "opening_date": null, "creator": 13, "history_date": "2025-04-28T11:04:28.913Z", "history_change_reason": null, "history_type": "+", "history_user": 13}}, {"model": "branches.historicalbranch", "pk": 6, "fields": {"id": 4, "created": "2025-04-28T11:04:41.952Z", "updated": "2025-04-28T11:04:41.952Z", "name": "Printhalmanna", "address": "", "city": null, "state": null, "country": null, "postal_code": null, "contact_number": null, "email": null, "manager_name": null, "is_active": true, "opening_date": null, "creator": 13, "history_date": "2025-04-28T11:04:41.954Z", "history_change_reason": null, "history_type": "+", "history_user": 13}}, {"model": "branches.historicalbranch", "pk": 7, "fields": {"id": 5, "created": "2025-04-28T11:04:52.898Z", "updated": "2025-04-28T11:04:52.898Z", "name": "Calicut", "address": "", "city": null, "state": null, "country": null, "postal_code": null, "contact_number": null, "email": null, "manager_name": null, "is_active": true, "opening_date": null, "creator": 13, "history_date": "2025-04-28T11:04:52.900Z", "history_change_reason": null, "history_type": "+", "history_user": 13}}, {"model": "branches.branch", "pk": 2, "fields": {"created": "2025-04-03T08:27:33.273Z", "updated": "2025-04-03T08:27:33.273Z", "creator": 1, "name": "Kondotty", "address": "", "city": null, "state": null, "country": null, "postal_code": null, "contact_number": null, "email": null, "manager_name": null, "is_active": true, "opening_date": null}}, {"model": "branches.branch", "pk": 3, "fields": {"created": "2025-04-28T11:04:28.909Z", "updated": "2025-04-28T11:04:28.909Z", "creator": 13, "name": "Ernakulam", "address": "", "city": null, "state": null, "country": null, "postal_code": null, "contact_number": null, "email": null, "manager_name": null, "is_active": true, "opening_date": null}}, {"model": "branches.branch", "pk": 4, "fields": {"created": "2025-04-28T11:04:41.952Z", "updated": "2025-04-28T11:04:41.952Z", "creator": 13, "name": "Printhalmanna", "address": "", "city": null, "state": null, "country": null, "postal_code": null, "contact_number": null, "email": null, "manager_name": null, "is_active": true, "opening_date": null}}, {"model": "branches.branch", "pk": 5, "fields": {"created": "2025-04-28T11:04:52.898Z", "updated": "2025-04-28T11:04:52.898Z", "creator": 13, "name": "Calicut", "address": "", "city": null, "state": null, "country": null, "postal_code": null, "contact_number": null, "email": null, "manager_name": null, "is_active": true, "opening_date": null}}]