[{"model": "admin_interface.theme", "pk": 1, "fields": {"name": "Django", "active": true, "title": "Django administration", "title_color": "#F5DD5D", "title_visible": true, "logo": "", "logo_color": "#FFFFFF", "logo_max_width": 400, "logo_max_height": 100, "logo_visible": true, "favicon": "", "env_name": "", "env_color": "#E74C3C", "env_visible_in_header": true, "env_visible_in_favicon": true, "language_chooser_active": true, "language_chooser_control": "default-select", "language_chooser_display": "code", "css_header_background_color": "#0C4B33", "css_header_text_color": "#44B78B", "css_header_link_color": "#FFFFFF", "css_header_link_hover_color": "#C9F0DD", "css_module_background_color": "#44B78B", "css_module_background_selected_color": "#FFFFCC", "css_module_text_color": "#FFFFFF", "css_module_link_color": "#FFFFFF", "css_module_link_selected_color": "#FFFFFF", "css_module_link_hover_color": "#C9F0DD", "css_module_rounded_corners": true, "css_generic_link_color": "#0C3C26", "css_generic_link_hover_color": "#156641", "css_generic_link_active_color": "#29B864", "css_save_button_background_color": "#0C4B33", "css_save_button_background_hover_color": "#0C3C26", "css_save_button_text_color": "#FFFFFF", "css_delete_button_background_color": "#BA2121", "css_delete_button_background_hover_color": "#A41515", "css_delete_button_text_color": "#FFFFFF", "related_modal_active": true, "related_modal_background_color": "#000000", "related_modal_background_opacity": "0.3", "related_modal_rounded_corners": true, "related_modal_close_button_visible": true, "list_filter_highlight": true, "list_filter_dropdown": true, "list_filter_sticky": true, "list_filter_removal_links": false, "foldable_apps": true, "show_fieldsets_as_tabs": false, "show_inlines_as_tabs": false, "collapsible_stacked_inlines": false, "collapsible_stacked_inlines_collapsed": true, "collapsible_tabular_inlines": false, "collapsible_tabular_inlines_collapsed": true, "recent_actions_visible": true, "form_submit_sticky": false, "form_pagination_sticky": false}}, {"model": "user_sessions.session", "pk": "18yj6s21ohdhwx1spa0gudiawcmj0elw", "fields": {"session_data": ".eJxVjctOxCAYhd-FhauG0gKDbTIxce8zkB_426IdqFwcG-O720lmMe5OzuU7P0RDLYuuGZP2joykI82jZ8B-YLgF7h3CHKmNoSRv6K1C72mmb9Hh-nrv_gMskJdjzXFQTnEl4VkYAcrKXgg7TE4wbiaJOLCBiZNxPecgp-6EtkcBzCjrjOjkATUJgj1YfUPAgsOLt3pHSGTsGmJrShiK_vJ41TWtx-VSypbHto3frmLa6IwQdnpFk33BFi_bGnfE_KBePs_wVMCsqDeYfYDiYzh3jPz-AQhpZSE:1ttJAl:W2hzSH3w59zUSuVFXnd29gUGN6FGS8-QhFWlpXJi_ZU", "expire_date": "2025-03-29T04:30:55.019Z", "user": 1, "user_agent": "Mozilla/5.0 (X11; Linux x86_64) AppleWebKit/537.36 (KHTML, like Gecko) Chrome/132.0.0.0 Safari/537.36", "last_activity": "2025-03-15T04:30:55.019Z", "ip": "106.222.239.0"}}, {"model": "user_sessions.session", "pk": "2s7049xcupmn5dhp7u43ia8b9oirxvfs", "fields": {"session_data": ".eJxVjMsOgyAQRf-FtSEiwmCX3fcbyDCD1T4gQV00Tf-9mLhok7s69-S8hcdtnfy2xOJnFiehRfPLAtI9pv3gG6ZrlpTTWuYgd0Ue7yIvmePjfLh_gQmXac9aS5EHsANaraFn1h2CYzDMti70qjVKua4lcCNQZ40hE9rBwRgMjjUaCiaqLdUIJOT4nMm_IpZKPl-jKEDn:1tq8SX:fDZJ345PiTd31kBbW6bi3M3TcJ0ZdnGl960YDT44YrA", "expire_date": "2025-03-20T10:28:09.324Z", "user": 3, "user_agent": "Mozilla/5.0 (X11; Linux x86_64) AppleWebKit/537.36 (KHTML, like Gecko) Chrome/132.0.0.0 Safari/537.36", "last_activity": "2025-03-06T10:28:09.324Z", "ip": "103.42.196.122"}}, {"model": "user_sessions.session", "pk": "57w4bceflsq0268go2w3fu7mb6s9ukqh", "fields": {"session_data": ".eJxVjctuwyAURP-FtQUmOMF4WVXdRcofoMvlOqZ1cMSjaVT130ukLNrtnJkz38xCLYutmZINnk1sYN3fzAF-UHwA_w7xvHHcYknB8UeFP2nmx83T-vLs_hMskJe2dsodeuewHxQZP-LYo6Qdodz3Ro9aeTVrb-b9uDPGSOVh1sYcZuf0MDcim9QliNhcqmOA4OkS0N4JEptkx7CmRLHYz0A3W9PaLpdSrnkSYvvyldKVnwnind_I5VBIXCAXSlmcXt_EGnIR7OcX8T5axw:1u0CSs:Izsc0kkk8-0GXz4aBqAdCFH3uiqMq22QN6tU7xXBUeQ", "expire_date": "2025-04-17T04:46:06.282Z", "user": 4, "user_agent": "Mozilla/5.0 (X11; Linux x86_64) AppleWebKit/537.36 (KHTML, like Gecko) Chrome/134.0.0.0 Safari/537.36", "last_activity": "2025-04-03T04:46:06.283Z", "ip": "106.222.237.228"}}, {"model": "user_sessions.session", "pk": "6xsklazyqosnmmrmzubk1esoccclemnw", "fields": {"session_data": ".eJxVjDsOwjAQBe_iGln-rGNMSZ8zRLveDQ4gR4qTCnF3iJQC2jcz76UG3NYybE2WYWJ1UVadfjfC_JC6A75jvc06z3VdJtK7og_adD-zPK-H-3dQsJVv7SVFjj4GPAMBxhwcQE4jg_E0BpFkkoGO2HmPYbSdZCeAhmJmAhvU-wPeDDf9:1u0FQa:tfk9XjzN27t6Ys71jf7SOI82sprPixLgkDtW-_hB_m4", "expire_date": "2025-04-17T07:55:56.559Z", "user": 1, "user_agent": "Mozilla/5.0 (X11; Linux x86_64) AppleWebKit/537.36 (KHTML, like Gecko) Chrome/134.0.0.0 Safari/537.36", "last_activity": "2025-04-03T07:55:56.560Z", "ip": "106.222.237.228"}}, {"model": "user_sessions.session", "pk": "7iqogk6dg0m4hrdhnsxknrag8s35u5o9", "fields": {"session_data": ".eJxVjs1ywiAUhd-FtSUxIQlx6b7PwFwul4RWwbmQquP03YsdF-32_HznPISBraxmy8QmOHEQndj91SzgJ8Wn4T4gLkliioWDlc-IfLlZvidHp-Mr-w-wQl5rG733GlvQat_T2Fk3zdBaR63v9DTi7FvVt7PFYfQjDqRHrfw8D9pPqielsUItQ8TK2u8EIDg6BzR3Av5VcGOmWMxXoKvZ-FQn11Iu-dA06eY24otcCOJdXsnmUKgBdw45hxQbKKW-rmx6Y1pCLsS5Ed8_OANg6g:1u0FVX:4jPDR6ITakCEwVEQSDrLOH8gFVceXV1BUNqMQFGszCk", "expire_date": "2025-04-17T08:01:03.312Z", "user": 2, "user_agent": "Mozilla/5.0 (X11; Linux x86_64) AppleWebKit/537.36 (KHTML, like Gecko) Chrome/134.0.0.0 Safari/537.36", "last_activity": "2025-04-03T08:01:03.313Z", "ip": "106.222.237.228"}}, {"model": "user_sessions.session", "pk": "8vuhluc23mhngb33oodygx3rhe5widic", "fields": {"session_data": ".eJxVjMsOgyAQRf-FtSGoiNBl9_0GMgwz1T4gQV00Tf-9mLhot-fce97Cw7ZOfluo-DmKk-hE88sC4J3SLuIN0jVLzGktc5D7RB52kZcc6XE-tn-BCZapvpGZLSqwuu3JdCGODlSIpLizo0HHSvfKBRwMGxzIGqvZucHyqHvSFms0FEhYW20jACHSc0b_IiiVfL7iuUGI:1tq7ti:mUUQQic0_rjf3vWZ2abgF2ux--NsrJGZCqAZqw0QcY4", "expire_date": "2025-03-20T09:52:10.603Z", "user": 2, "user_agent": "Mozilla/5.0 (X11; Linux x86_64) AppleWebKit/537.36 (KHTML, like Gecko) Chrome/132.0.0.0 Safari/537.36", "last_activity": "2025-03-06T09:52:10.604Z", "ip": "103.42.196.122"}}, {"model": "user_sessions.session", "pk": "e6avto3agd9w2min6p8kxbnfeg7x77s5", "fields": {"session_data": ".eJxVjEEOwiAQRe_C2hAotDAu3fcMhGEGqRqalHZlvLtt0oVu_3vvv0WI21rC1ngJE4mrsOLyu2FMT64HoEes91mmua7LhPJQ5EmbHGfi1-10_w5KbGWv0eCgEJOyhoF88ipp7jjpXoHzzpDJjiD3vgMAbShmBzBkRGfzTrT4fAHtfDgn:1u0FCx:wWPue8VSGsuoiWjSCDQwkTxTWd1vBSbA7emjO5Z_cSI", "expire_date": "2025-04-17T07:41:51.243Z", "user": 4, "user_agent": "Mozilla/5.0 (X11; Linux x86_64) AppleWebKit/537.36 (KHTML, like Gecko) Chrome/134.0.0.0 Safari/537.36", "last_activity": "2025-04-03T07:41:51.243Z", "ip": "106.222.237.228"}}, {"model": "user_sessions.session", "pk": "fzp43moyfqg11j26a0ewhw3jmennesap", "fields": {"session_data": "e30:1u0EJs:xYLjJznAq3NVIUqhqzv5bVy3d85PO7W1pToDjLrLUbM", "expire_date": "2025-04-17T06:44:56.960Z", "user": null, "user_agent": "Mozilla/5.0 (X11; Linux x86_64) AppleWebKit/537.36 (KHTML, like Gecko) Chrome/134.0.0.0 Safari/537.36", "last_activity": "2025-04-03T06:44:56.962Z", "ip": "106.222.237.228"}}, {"model": "user_sessions.session", "pk": "onrt1e8xa3ey3odjl604bew38uv97skn", "fields": {"session_data": ".eJxVjUtywyAQRO_CWgFJgIm09D5noIZhZJHYoOIT2-XK3SNXeZFs-3W_fjALra62Fco2eDazgXV_Mwf4RfEJ_CfEU-KYYs3B8WeFv2jhH8nT-fjq_hOsUNZ9LWky3kij4V05BQb1qBROi1e9dIsmmvqpVwfnRylBL8OBcCQFvTPonRr0LnUZIu4u2TFA8HQJaO8Emc1Dx7DlTLHa70BX2_J5v1xr3cosRLr5RnnjJ4J451dyJVQS4C-hlJCiWIjeMiGFrRbBfn4BAUVdXA:1tq6xI:xS6gZFQ5AJv5DORYWN6bz6voee1oj-nc-XCf759Qk28", "expire_date": "2025-03-20T08:51:48.614Z", "user": 1, "user_agent": "Mozilla/5.0 (Linux; Android 10; K) AppleWebKit/537.36 (KHTML, like Gecko) Chrome/133.0.0.0 Mobile Safari/537.36", "last_activity": "2025-03-06T08:51:48.614Z", "ip": "103.42.196.122"}}, {"model": "user_sessions.session", "pk": "tqkjsr995rgnh6crvv49st9vtr7jct43", "fields": {"session_data": ".eJxVjktuwyAURffC2IUaBwweZt41oAc827QJRHyaRFH3XiJl0E7v59z7IAZa3U0rmE3wZCGCDH81C-4L49PwnxC3RF2KNQdLnxH6cgv9SB5Px1f2H2CHsve2OygpNYza-hlnwaWyctVCKw-HadTI3_m6iokLzWGcnAShR87d5NSspVe6Q22G6DqLDwQceDwHZ-4ImSzjQFzLGWM13wGvpuVTn9xrvZSFsXTzDfOFbgjxTq9oS6jIwJ9DKSFFBrX2152Nbxm3UCrmwsjPL22mX5w:1u0E3Z:1yCVo9lvcs7uq_9Yrsg-XjyFLLfoHteZVQSMIox9ukI", "expire_date": "2025-04-17T06:28:05.340Z", "user": 5, "user_agent": "Mozilla/5.0 (X11; Linux x86_64) AppleWebKit/537.36 (KHTML, like Gecko) Chrome/134.0.0.0 Safari/537.36", "last_activity": "2025-04-03T06:28:05.341Z", "ip": "106.222.237.228"}}, {"model": "user_sessions.session", "pk": "u9iieui1de3w5k0d5g1q5th3l79ob7zc", "fields": {"session_data": ".eJxVjUmOwjAQRe_iNXIG25iw7H2fwSqXK8QQ7MhD0xHi7h1aLGD39Yf378xALZOpmZLxjh1Zx3bvngW8UHgG7gzhFDnGUJK3_FnhrzTz7-ho_np1PwAT5GlbCxq000IrOEgrQaPqpcRhdLIVdlREQzu0cm9dLwSosdsT9iShtRqdlZ3aoDZBwI3V7RggOLp6NCtB-newpkShmB9PN1PTvF1OpSz52DTx11VKCz8RhJXfyGZfqKHrMseVKL8p9vgD7MtcfQ:1tq7c0:TTh1nMhja61eTRXfyvFP-YTXoZvZyfT_XNriWBu1fxc", "expire_date": "2025-03-20T09:33:52.963Z", "user": 1, "user_agent": "Mozilla/5.0 (Linux; Android 10; K) AppleWebKit/537.36 (KHTML, like Gecko) Chrome/133.0.0.0 Mobile Safari/537.36", "last_activity": "2025-03-06T09:33:52.963Z", "ip": "103.42.196.122"}}, {"model": "user_sessions.session", "pk": "yvi1e53nemqacgmxtxofxqduhpro7fgw", "fields": {"session_data": ".eJxVjDsOwjAQBe_iGln-rGNMSZ8zRLveDQ4gR4qTCnF3iJQC2jcz76UG3NYybE2WYWJ1UVadfjfC_JC6A75jvc06z3VdJtK7og_adD-zPK-H-3dQsJVv7SVFjj4GPAMBxhwcQE4jg_E0BpFkkoGO2HmPYbSdZCeAhmJmAhvU-wPeDDf9:1tq5aa:KeIoCz8hqTpalXiOUiWwTc4DdIB0LMl5tBhhU7--Uf8", "expire_date": "2025-03-20T07:24:16.312Z", "user": 1, "user_agent": "Mozilla/5.0 (iPhone; CPU iPhone OS 17_3_1 like Mac OS X) AppleWebKit/605.1.15 (KHTML, like Gecko) Version/17.3.1 Mobile/15E148 Safari/604.1", "last_activity": "2025-03-06T07:24:16.312Z", "ip": "27.63.216.207"}}, {"model": "employees.historicaldesignation", "pk": 1, "fields": {"id": 1, "created": "2025-03-06T09:25:10.450Z", "updated": "2025-03-06T09:25:10.450Z", "is_active": true, "name": "Teacher", "description": "", "creator": 1, "history_date": "2025-03-06T09:25:10.462Z", "history_change_reason": null, "history_type": "+", "history_user": 1}}, {"model": "employees.historicaldesignation", "pk": 2, "fields": {"id": 2, "created": "2025-03-06T10:07:19.047Z", "updated": "2025-03-06T10:07:19.047Z", "is_active": true, "name": "Management", "description": "", "creator": 1, "history_date": "2025-03-06T10:07:19.051Z", "history_change_reason": null, "history_type": "+", "history_user": 1}}, {"model": "employees.designation", "pk": 1, "fields": {"created": "2025-03-06T09:25:10.450Z", "updated": "2025-03-06T09:25:10.450Z", "creator": 1, "is_active": true, "name": "Teacher", "description": ""}}, {"model": "employees.designation", "pk": 2, "fields": {"created": "2025-03-06T10:07:19.047Z", "updated": "2025-03-06T10:07:19.047Z", "creator": 1, "is_active": true, "name": "Management", "description": ""}}, {"model": "employees.historicaldepartment", "pk": 1, "fields": {"id": 1, "created": "2025-03-06T09:25:02.405Z", "updated": "2025-03-06T09:25:02.406Z", "is_active": true, "name": "Designing", "description": "", "creator": 1, "department_lead": null, "history_date": "2025-03-06T09:25:02.414Z", "history_change_reason": null, "history_type": "+", "history_user": 1}}, {"model": "employees.historicaldepartment", "pk": 2, "fields": {"id": 2, "created": "2025-03-06T10:06:04.346Z", "updated": "2025-03-06T10:06:04.346Z", "is_active": true, "name": "Branch Manager", "description": "", "creator": 1, "department_lead": null, "history_date": "2025-03-06T10:06:04.350Z", "history_change_reason": null, "history_type": "+", "history_user": 1}}, {"model": "employees.department", "pk": 1, "fields": {"created": "2025-03-06T09:25:02.405Z", "updated": "2025-03-06T09:25:02.406Z", "creator": 1, "is_active": true, "name": "Designing", "description": "", "department_lead": null}}, {"model": "employees.department", "pk": 2, "fields": {"created": "2025-03-06T10:06:04.346Z", "updated": "2025-03-06T10:06:04.346Z", "creator": 1, "is_active": true, "name": "Branch Manager", "description": "", "department_lead": null}}, {"model": "employees.historicalemployee", "pk": 1, "fields": {"id": 1, "created": "2025-03-06T09:24:10.955Z", "updated": "2025-03-06T09:24:10.956Z", "is_active": true, "first_name": "Muhammed", "last_name": "Mansha", "employee_id": null, "gender": "MALE", "marital_status": "MARRIED", "personal_email": "mansha@gmail.com", "mobile": "9087656533", "whatsapp": "9087656533", "date_of_birth": "1998-05-15", "religion": "Muslim", "experience": "6 month as a teacher", "qualifications": "b tech", "photo": "", "official_email": null, "status": "Appointed", "resigned_date": null, "notice_date": null, "resigned_form": "", "termination_date": null, "termination_reason": null, "father_name": null, "father_mobile": null, "mother_name": null, "guardian_name": null, "guardian_mobile": null, "relationship_with_employee": null, "date_of_joining": null, "date_of_confirmation": null, "offer_letter": "", "joining_letter": "", "agreement_letter": "", "experience_letter": "", "type_of_residence": null, "residence_name": null, "residential_address": null, "residence_contact": null, "residential_zip_code": null, "permanent_address": null, "permanent_zip_code": null, "bank_name": null, "account_name": null, "account_number": null, "ifsc_code": null, "bank_branch": null, "pan_number": null, "employment_type": null, "blood_group": "a-positive", "basic_salary": null, "hra": null, "other_allowance": null, "transportation_allowance": null, "creator": 1, "branch": 1, "user": null, "department": null, "designation": null, "course": null, "history_date": "2025-03-06T09:24:10.964Z", "history_change_reason": null, "history_type": "+", "history_user": 1}}, {"model": "employees.historicalemployee", "pk": 2, "fields": {"id": 1, "created": "2025-03-06T09:24:10.955Z", "updated": "2025-03-06T09:24:34.017Z", "is_active": true, "first_name": "Muhammed", "last_name": "Mansha", "employee_id": null, "gender": "MALE", "marital_status": "MARRIED", "personal_email": "mansha@gmail.com", "mobile": "9087656533", "whatsapp": "9087656533", "date_of_birth": "1998-05-15", "religion": "Muslim", "experience": "6 month as a teacher", "qualifications": "b tech", "photo": "", "official_email": null, "status": "Appointed", "resigned_date": null, "notice_date": null, "resigned_form": "", "termination_date": null, "termination_reason": null, "father_name": "Ahmed", "father_mobile": "Mansha", "mother_name": null, "guardian_name": null, "guardian_mobile": null, "relationship_with_employee": null, "date_of_joining": null, "date_of_confirmation": null, "offer_letter": "", "joining_letter": "", "agreement_letter": "", "experience_letter": "", "type_of_residence": null, "residence_name": null, "residential_address": null, "residence_contact": null, "residential_zip_code": null, "permanent_address": null, "permanent_zip_code": null, "bank_name": null, "account_name": null, "account_number": null, "ifsc_code": null, "bank_branch": null, "pan_number": null, "employment_type": null, "blood_group": "a-positive", "basic_salary": null, "hra": null, "other_allowance": null, "transportation_allowance": null, "creator": 1, "branch": 1, "user": null, "department": null, "designation": null, "course": null, "history_date": "2025-03-06T09:24:34.020Z", "history_change_reason": null, "history_type": "~", "history_user": 1}}, {"model": "employees.historicalemployee", "pk": 3, "fields": {"id": 1, "created": "2025-03-06T09:24:10.955Z", "updated": "2025-03-06T09:24:51.217Z", "is_active": true, "first_name": "Muhammed", "last_name": "Mansha", "employee_id": null, "gender": "MALE", "marital_status": "MARRIED", "personal_email": "mansha@gmail.com", "mobile": "9087656533", "whatsapp": "9087656533", "date_of_birth": "1998-05-15", "religion": "Muslim", "experience": "6 month as a teacher", "qualifications": "b tech", "photo": "", "official_email": null, "status": "Appointed", "resigned_date": null, "notice_date": null, "resigned_form": "", "termination_date": null, "termination_reason": null, "father_name": "Ahmed", "father_mobile": "Mansha", "mother_name": null, "guardian_name": null, "guardian_mobile": null, "relationship_with_employee": null, "date_of_joining": null, "date_of_confirmation": null, "offer_letter": "", "joining_letter": "", "agreement_letter": "", "experience_letter": "", "type_of_residence": "FAMILY_OWNED", "residence_name": null, "residential_address": "", "residence_contact": null, "residential_zip_code": null, "permanent_address": "", "permanent_zip_code": "673638", "bank_name": null, "account_name": null, "account_number": null, "ifsc_code": null, "bank_branch": null, "pan_number": null, "employment_type": null, "blood_group": "a-positive", "basic_salary": null, "hra": null, "other_allowance": null, "transportation_allowance": null, "creator": 1, "branch": 1, "user": null, "department": null, "designation": null, "course": null, "history_date": "2025-03-06T09:24:51.224Z", "history_change_reason": null, "history_type": "~", "history_user": 1}}, {"model": "employees.historicalemployee", "pk": 4, "fields": {"id": 1, "created": "2025-03-06T09:24:10.955Z", "updated": "2025-03-06T09:49:26.525Z", "is_active": true, "first_name": "Muhammed", "last_name": "Mansha", "employee_id": "0001", "gender": "MALE", "marital_status": "MARRIED", "personal_email": "mansha@gmail.com", "mobile": "9087656533", "whatsapp": "9087656533", "date_of_birth": "1998-05-15", "religion": "Muslim", "experience": "6 month as a teacher", "qualifications": "b tech", "photo": "", "official_email": "mansha.gedexo@gmail.com", "status": "Appointed", "resigned_date": null, "notice_date": null, "resigned_form": "", "termination_date": null, "termination_reason": null, "father_name": "Ahmed", "father_mobile": "Mansha", "mother_name": null, "guardian_name": null, "guardian_mobile": null, "relationship_with_employee": null, "date_of_joining": "2025-03-13", "date_of_confirmation": "2025-03-12", "offer_letter": "", "joining_letter": "", "agreement_letter": "", "experience_letter": "", "type_of_residence": "FAMILY_OWNED", "residence_name": null, "residential_address": "", "residence_contact": null, "residential_zip_code": null, "permanent_address": "", "permanent_zip_code": "673638", "bank_name": null, "account_name": null, "account_number": null, "ifsc_code": null, "bank_branch": null, "pan_number": null, "employment_type": "PERMANENT", "blood_group": "a-positive", "basic_salary": null, "hra": null, "other_allowance": null, "transportation_allowance": null, "creator": 1, "branch": 1, "user": null, "department": 1, "designation": 1, "course": 1, "history_date": "2025-03-06T09:49:26.534Z", "history_change_reason": null, "history_type": "~", "history_user": 1}}, {"model": "employees.historicalemployee", "pk": 5, "fields": {"id": 1, "created": "2025-03-06T09:24:10.955Z", "updated": "2025-03-06T09:49:31.008Z", "is_active": true, "first_name": "Muhammed", "last_name": "Mansha", "employee_id": "0001", "gender": "MALE", "marital_status": "MARRIED", "personal_email": "mansha@gmail.com", "mobile": "9087656533", "whatsapp": "9087656533", "date_of_birth": "1998-05-15", "religion": "Muslim", "experience": "6 month as a teacher", "qualifications": "b tech", "photo": "", "official_email": "mansha.gedexo@gmail.com", "status": "Appointed", "resigned_date": null, "notice_date": null, "resigned_form": "", "termination_date": null, "termination_reason": null, "father_name": "Ahmed", "father_mobile": "Mansha", "mother_name": null, "guardian_name": null, "guardian_mobile": null, "relationship_with_employee": null, "date_of_joining": "2025-03-13", "date_of_confirmation": "2025-03-12", "offer_letter": "", "joining_letter": "", "agreement_letter": "", "experience_letter": "", "type_of_residence": "FAMILY_OWNED", "residence_name": null, "residential_address": "", "residence_contact": null, "residential_zip_code": null, "permanent_address": "", "permanent_zip_code": "673638", "bank_name": null, "account_name": null, "account_number": null, "ifsc_code": null, "bank_branch": null, "pan_number": null, "employment_type": "PERMANENT", "blood_group": "a-positive", "basic_salary": null, "hra": null, "other_allowance": null, "transportation_allowance": null, "creator": 1, "branch": 1, "user": null, "department": 1, "designation": 1, "course": 1, "history_date": "2025-03-06T09:49:31.013Z", "history_change_reason": null, "history_type": "~", "history_user": 1}}, {"model": "employees.historicalemployee", "pk": 6, "fields": {"id": 1, "created": "2025-03-06T09:24:10.955Z", "updated": "2025-03-06T09:49:46.504Z", "is_active": true, "first_name": "Muhammed", "last_name": "Mansha", "employee_id": "0001", "gender": "MALE", "marital_status": "MARRIED", "personal_email": "mansha@gmail.com", "mobile": "9087656533", "whatsapp": "9087656533", "date_of_birth": "1998-05-15", "religion": "Muslim", "experience": "6 month as a teacher", "qualifications": "b tech", "photo": "", "official_email": "mansha.gedexo@gmail.com", "status": "Appointed", "resigned_date": null, "notice_date": null, "resigned_form": "", "termination_date": null, "termination_reason": null, "father_name": "Ahmed", "father_mobile": "Mansha", "mother_name": null, "guardian_name": null, "guardian_mobile": null, "relationship_with_employee": null, "date_of_joining": "2025-03-13", "date_of_confirmation": "2025-03-12", "offer_letter": "", "joining_letter": "", "agreement_letter": "", "experience_letter": "", "type_of_residence": "FAMILY_OWNED", "residence_name": null, "residential_address": "", "residence_contact": null, "residential_zip_code": null, "permanent_address": "", "permanent_zip_code": "673638", "bank_name": null, "account_name": null, "account_number": null, "ifsc_code": null, "bank_branch": null, "pan_number": null, "employment_type": "PERMANENT", "blood_group": "a-positive", "basic_salary": null, "hra": null, "other_allowance": null, "transportation_allowance": null, "creator": 1, "branch": null, "user": 2, "department": 1, "designation": 1, "course": 1, "history_date": "2025-03-06T09:49:46.512Z", "history_change_reason": null, "history_type": "~", "history_user": 1}}, {"model": "employees.historicalemployee", "pk": 7, "fields": {"id": 1, "created": "2025-03-06T09:24:10.955Z", "updated": "2025-03-06T09:59:23.512Z", "is_active": true, "first_name": "Muhammed", "last_name": "Mansha", "employee_id": "0001", "gender": "MALE", "marital_status": "MARRIED", "personal_email": "mansha@gmail.com", "mobile": "9087656533", "whatsapp": "9087656533", "date_of_birth": "1998-05-15", "religion": "Muslim", "experience": "6 month as a teacher", "qualifications": "b tech", "photo": "", "official_email": "mansha.gedexo@gmail.com", "status": "Appointed", "resigned_date": null, "notice_date": null, "resigned_form": "", "termination_date": null, "termination_reason": null, "father_name": "Ahmed", "father_mobile": "Mansha", "mother_name": null, "guardian_name": null, "guardian_mobile": null, "relationship_with_employee": null, "date_of_joining": "2025-03-13", "date_of_confirmation": "2025-03-12", "offer_letter": "", "joining_letter": "", "agreement_letter": "", "experience_letter": "", "type_of_residence": "FAMILY_OWNED", "residence_name": null, "residential_address": "", "residence_contact": null, "residential_zip_code": null, "permanent_address": "", "permanent_zip_code": "673638", "bank_name": null, "account_name": null, "account_number": null, "ifsc_code": null, "bank_branch": null, "pan_number": null, "employment_type": "PERMANENT", "blood_group": "a-positive", "basic_salary": null, "hra": null, "other_allowance": null, "transportation_allowance": null, "creator": 1, "branch": null, "user": 2, "department": 1, "designation": 1, "course": 1, "history_date": "2025-03-06T09:59:23.518Z", "history_change_reason": null, "history_type": "~", "history_user": 1}}, {"model": "employees.historicalemployee", "pk": 8, "fields": {"id": 2, "created": "2025-03-06T10:04:45.836Z", "updated": "2025-03-06T10:04:45.836Z", "is_active": true, "first_name": "Branch", "last_name": "Staff", "employee_id": null, "gender": "FEMALE", "marital_status": "MARRIED", "personal_email": "branch@gmail.com", "mobile": "9087675439", "whatsapp": "9087675439", "date_of_birth": "1998-04-22", "religion": "Muslim", "experience": "", "qualifications": "", "photo": "", "official_email": null, "status": "Appointed", "resigned_date": null, "notice_date": null, "resigned_form": "", "termination_date": null, "termination_reason": null, "father_name": null, "father_mobile": null, "mother_name": null, "guardian_name": null, "guardian_mobile": null, "relationship_with_employee": null, "date_of_joining": null, "date_of_confirmation": null, "offer_letter": "", "joining_letter": "", "agreement_letter": "", "experience_letter": "", "type_of_residence": null, "residence_name": null, "residential_address": null, "residence_contact": null, "residential_zip_code": null, "permanent_address": null, "permanent_zip_code": null, "bank_name": null, "account_name": null, "account_number": null, "ifsc_code": null, "bank_branch": null, "pan_number": null, "employment_type": null, "blood_group": "o-positive", "basic_salary": null, "hra": null, "other_allowance": null, "transportation_allowance": null, "creator": 1, "branch": 3, "user": null, "department": null, "designation": null, "course": null, "history_date": "2025-03-06T10:04:45.842Z", "history_change_reason": null, "history_type": "+", "history_user": 1}}, {"model": "employees.historicalemployee", "pk": 9, "fields": {"id": 2, "created": "2025-03-06T10:04:45.836Z", "updated": "2025-03-06T10:04:48.119Z", "is_active": true, "first_name": "Branch", "last_name": "Staff", "employee_id": null, "gender": "FEMALE", "marital_status": "MARRIED", "personal_email": "branch@gmail.com", "mobile": "9087675439", "whatsapp": "9087675439", "date_of_birth": "1998-04-22", "religion": "Muslim", "experience": "", "qualifications": "", "photo": "", "official_email": null, "status": "Appointed", "resigned_date": null, "notice_date": null, "resigned_form": "", "termination_date": null, "termination_reason": null, "father_name": null, "father_mobile": null, "mother_name": null, "guardian_name": null, "guardian_mobile": null, "relationship_with_employee": null, "date_of_joining": null, "date_of_confirmation": null, "offer_letter": "", "joining_letter": "", "agreement_letter": "", "experience_letter": "", "type_of_residence": null, "residence_name": null, "residential_address": null, "residence_contact": null, "residential_zip_code": null, "permanent_address": null, "permanent_zip_code": null, "bank_name": null, "account_name": null, "account_number": null, "ifsc_code": null, "bank_branch": null, "pan_number": null, "employment_type": null, "blood_group": "o-positive", "basic_salary": null, "hra": null, "other_allowance": null, "transportation_allowance": null, "creator": 1, "branch": 3, "user": null, "department": null, "designation": null, "course": null, "history_date": "2025-03-06T10:04:48.123Z", "history_change_reason": null, "history_type": "~", "history_user": 1}}, {"model": "employees.historicalemployee", "pk": 10, "fields": {"id": 2, "created": "2025-03-06T10:04:45.836Z", "updated": "2025-03-06T10:04:50.202Z", "is_active": true, "first_name": "Branch", "last_name": "Staff", "employee_id": null, "gender": "FEMALE", "marital_status": "MARRIED", "personal_email": "branch@gmail.com", "mobile": "9087675439", "whatsapp": "9087675439", "date_of_birth": "1998-04-22", "religion": "Muslim", "experience": "", "qualifications": "", "photo": "", "official_email": null, "status": "Appointed", "resigned_date": null, "notice_date": null, "resigned_form": "", "termination_date": null, "termination_reason": null, "father_name": null, "father_mobile": null, "mother_name": null, "guardian_name": null, "guardian_mobile": null, "relationship_with_employee": null, "date_of_joining": null, "date_of_confirmation": null, "offer_letter": "", "joining_letter": "", "agreement_letter": "", "experience_letter": "", "type_of_residence": null, "residence_name": null, "residential_address": "", "residence_contact": null, "residential_zip_code": null, "permanent_address": "", "permanent_zip_code": null, "bank_name": null, "account_name": null, "account_number": null, "ifsc_code": null, "bank_branch": null, "pan_number": null, "employment_type": null, "blood_group": "o-positive", "basic_salary": null, "hra": null, "other_allowance": null, "transportation_allowance": null, "creator": 1, "branch": 3, "user": null, "department": null, "designation": null, "course": null, "history_date": "2025-03-06T10:04:50.206Z", "history_change_reason": null, "history_type": "~", "history_user": 1}}, {"model": "employees.historicalemployee", "pk": 11, "fields": {"id": 2, "created": "2025-03-06T10:04:45.836Z", "updated": "2025-03-06T10:07:52.699Z", "is_active": true, "first_name": "Branch", "last_name": "Staff", "employee_id": "0002", "gender": "FEMALE", "marital_status": "MARRIED", "personal_email": "branch@gmail.com", "mobile": "9087675439", "whatsapp": "9087675439", "date_of_birth": "1998-04-22", "religion": "Muslim", "experience": "", "qualifications": "", "photo": "", "official_email": "branch.gedexo@gmail.com", "status": "Appointed", "resigned_date": null, "notice_date": null, "resigned_form": "", "termination_date": null, "termination_reason": null, "father_name": null, "father_mobile": null, "mother_name": null, "guardian_name": null, "guardian_mobile": null, "relationship_with_employee": null, "date_of_joining": "2025-03-11", "date_of_confirmation": "2025-03-10", "offer_letter": "", "joining_letter": "", "agreement_letter": "", "experience_letter": "", "type_of_residence": null, "residence_name": null, "residential_address": "", "residence_contact": null, "residential_zip_code": null, "permanent_address": "", "permanent_zip_code": null, "bank_name": null, "account_name": null, "account_number": null, "ifsc_code": null, "bank_branch": null, "pan_number": null, "employment_type": "PERMANENT", "blood_group": "o-positive", "basic_salary": null, "hra": null, "other_allowance": null, "transportation_allowance": null, "creator": 1, "branch": 3, "user": null, "department": 2, "designation": 2, "course": null, "history_date": "2025-03-06T10:07:52.704Z", "history_change_reason": null, "history_type": "~", "history_user": 1}}, {"model": "employees.historicalemployee", "pk": 12, "fields": {"id": 2, "created": "2025-03-06T10:04:45.836Z", "updated": "2025-03-06T10:07:55.831Z", "is_active": true, "first_name": "Branch", "last_name": "Staff", "employee_id": "0002", "gender": "FEMALE", "marital_status": "MARRIED", "personal_email": "branch@gmail.com", "mobile": "9087675439", "whatsapp": "9087675439", "date_of_birth": "1998-04-22", "religion": "Muslim", "experience": "", "qualifications": "", "photo": "", "official_email": "branch.gedexo@gmail.com", "status": "Appointed", "resigned_date": null, "notice_date": null, "resigned_form": "", "termination_date": null, "termination_reason": null, "father_name": null, "father_mobile": null, "mother_name": null, "guardian_name": null, "guardian_mobile": null, "relationship_with_employee": null, "date_of_joining": "2025-03-11", "date_of_confirmation": "2025-03-10", "offer_letter": "", "joining_letter": "", "agreement_letter": "", "experience_letter": "", "type_of_residence": null, "residence_name": null, "residential_address": "", "residence_contact": null, "residential_zip_code": null, "permanent_address": "", "permanent_zip_code": null, "bank_name": null, "account_name": null, "account_number": null, "ifsc_code": null, "bank_branch": null, "pan_number": null, "employment_type": "PERMANENT", "blood_group": "o-positive", "basic_salary": null, "hra": null, "other_allowance": null, "transportation_allowance": null, "creator": 1, "branch": 3, "user": null, "department": 2, "designation": 2, "course": null, "history_date": "2025-03-06T10:07:55.837Z", "history_change_reason": null, "history_type": "~", "history_user": 1}}, {"model": "employees.historicalemployee", "pk": 13, "fields": {"id": 2, "created": "2025-03-06T10:04:45.836Z", "updated": "2025-03-06T10:08:04.246Z", "is_active": true, "first_name": "Branch", "last_name": "Staff", "employee_id": "0002", "gender": "FEMALE", "marital_status": "MARRIED", "personal_email": "branch@gmail.com", "mobile": "9087675439", "whatsapp": "9087675439", "date_of_birth": "1998-04-22", "religion": "Muslim", "experience": "", "qualifications": "", "photo": "", "official_email": "branch.gedexo@gmail.com", "status": "Appointed", "resigned_date": null, "notice_date": null, "resigned_form": "", "termination_date": null, "termination_reason": null, "father_name": null, "father_mobile": null, "mother_name": null, "guardian_name": null, "guardian_mobile": null, "relationship_with_employee": null, "date_of_joining": "2025-03-11", "date_of_confirmation": "2025-03-10", "offer_letter": "", "joining_letter": "", "agreement_letter": "", "experience_letter": "", "type_of_residence": null, "residence_name": null, "residential_address": "", "residence_contact": null, "residential_zip_code": null, "permanent_address": "", "permanent_zip_code": null, "bank_name": null, "account_name": null, "account_number": null, "ifsc_code": null, "bank_branch": null, "pan_number": null, "employment_type": "PERMANENT", "blood_group": "o-positive", "basic_salary": null, "hra": null, "other_allowance": null, "transportation_allowance": null, "creator": 1, "branch": null, "user": 3, "department": 2, "designation": 2, "course": null, "history_date": "2025-03-06T10:08:04.252Z", "history_change_reason": null, "history_type": "~", "history_user": 1}}, {"model": "employees.historicalemployee", "pk": 14, "fields": {"id": 3, "created": "2025-04-03T04:52:07.227Z", "updated": "2025-04-03T04:52:07.227Z", "is_active": true, "first_name": "Nishad", "last_name": null, "employee_id": null, "gender": "MALE", "marital_status": null, "personal_email": "nisha@gmail.com", "mobile": "+919087653234", "whatsapp": "+919087653234", "date_of_birth": "1998-04-08", "religion": "Muslim", "experience": "", "qualifications": "", "photo": "", "official_email": null, "status": "Appointed", "resigned_date": null, "notice_date": null, "resigned_form": "", "termination_date": null, "termination_reason": null, "father_name": null, "father_mobile": null, "mother_name": null, "guardian_name": null, "guardian_mobile": null, "relationship_with_employee": null, "date_of_joining": null, "date_of_confirmation": null, "offer_letter": "", "joining_letter": "", "agreement_letter": "", "experience_letter": "", "type_of_residence": null, "residence_name": null, "residential_address": null, "residence_contact": null, "residential_zip_code": null, "permanent_address": null, "permanent_zip_code": null, "bank_name": null, "account_name": null, "account_number": null, "ifsc_code": null, "bank_branch": null, "pan_number": null, "employment_type": null, "blood_group": null, "basic_salary": null, "hra": null, "other_allowance": null, "transportation_allowance": null, "creator": 1, "branch": 1, "user": null, "department": null, "designation": null, "course": null, "history_date": "2025-04-03T04:52:07.235Z", "history_change_reason": null, "history_type": "+", "history_user": 1}}, {"model": "employees.historicalemployee", "pk": 15, "fields": {"id": 3, "created": "2025-04-03T04:52:07.227Z", "updated": "2025-04-03T04:52:11.929Z", "is_active": true, "first_name": "Nishad", "last_name": null, "employee_id": null, "gender": "MALE", "marital_status": null, "personal_email": "nisha@gmail.com", "mobile": "+919087653234", "whatsapp": "+919087653234", "date_of_birth": "1998-04-08", "religion": "Muslim", "experience": "", "qualifications": "", "photo": "", "official_email": null, "status": "Appointed", "resigned_date": null, "notice_date": null, "resigned_form": "", "termination_date": null, "termination_reason": null, "father_name": null, "father_mobile": null, "mother_name": null, "guardian_name": null, "guardian_mobile": null, "relationship_with_employee": null, "date_of_joining": null, "date_of_confirmation": null, "offer_letter": "", "joining_letter": "", "agreement_letter": "", "experience_letter": "", "type_of_residence": null, "residence_name": null, "residential_address": null, "residence_contact": null, "residential_zip_code": null, "permanent_address": null, "permanent_zip_code": null, "bank_name": null, "account_name": null, "account_number": null, "ifsc_code": null, "bank_branch": null, "pan_number": null, "employment_type": null, "blood_group": null, "basic_salary": null, "hra": null, "other_allowance": null, "transportation_allowance": null, "creator": 1, "branch": 1, "user": null, "department": null, "designation": null, "course": null, "history_date": "2025-04-03T04:52:11.932Z", "history_change_reason": null, "history_type": "~", "history_user": 1}}, {"model": "employees.historicalemployee", "pk": 16, "fields": {"id": 3, "created": "2025-04-03T04:52:07.227Z", "updated": "2025-04-03T04:52:14.469Z", "is_active": true, "first_name": "Nishad", "last_name": null, "employee_id": null, "gender": "MALE", "marital_status": null, "personal_email": "nisha@gmail.com", "mobile": "+919087653234", "whatsapp": "+919087653234", "date_of_birth": "1998-04-08", "religion": "Muslim", "experience": "", "qualifications": "", "photo": "", "official_email": null, "status": "Appointed", "resigned_date": null, "notice_date": null, "resigned_form": "", "termination_date": null, "termination_reason": null, "father_name": null, "father_mobile": null, "mother_name": null, "guardian_name": null, "guardian_mobile": null, "relationship_with_employee": null, "date_of_joining": null, "date_of_confirmation": null, "offer_letter": "", "joining_letter": "", "agreement_letter": "", "experience_letter": "", "type_of_residence": null, "residence_name": null, "residential_address": "", "residence_contact": null, "residential_zip_code": null, "permanent_address": "", "permanent_zip_code": null, "bank_name": null, "account_name": null, "account_number": null, "ifsc_code": null, "bank_branch": null, "pan_number": null, "employment_type": null, "blood_group": null, "basic_salary": null, "hra": null, "other_allowance": null, "transportation_allowance": null, "creator": 1, "branch": 1, "user": null, "department": null, "designation": null, "course": null, "history_date": "2025-04-03T04:52:14.472Z", "history_change_reason": null, "history_type": "~", "history_user": 1}}, {"model": "employees.historicalemployee", "pk": 17, "fields": {"id": 3, "created": "2025-04-03T04:52:07.227Z", "updated": "2025-04-03T04:53:00.486Z", "is_active": true, "first_name": "Nishad", "last_name": null, "employee_id": "0003", "gender": "MALE", "marital_status": null, "personal_email": "nisha@gmail.com", "mobile": "+919087653234", "whatsapp": "+919087653234", "date_of_birth": "1998-04-08", "religion": "Muslim", "experience": "", "qualifications": "", "photo": "", "official_email": "mansha@gedexo.com", "status": "Appointed", "resigned_date": null, "notice_date": null, "resigned_form": "", "termination_date": null, "termination_reason": null, "father_name": null, "father_mobile": null, "mother_name": null, "guardian_name": null, "guardian_mobile": null, "relationship_with_employee": null, "date_of_joining": "2025-04-11", "date_of_confirmation": "2025-04-03", "offer_letter": "", "joining_letter": "", "agreement_letter": "", "experience_letter": "", "type_of_residence": null, "residence_name": null, "residential_address": "", "residence_contact": null, "residential_zip_code": null, "permanent_address": "", "permanent_zip_code": null, "bank_name": null, "account_name": null, "account_number": null, "ifsc_code": null, "bank_branch": null, "pan_number": null, "employment_type": "PERMANENT", "blood_group": null, "basic_salary": null, "hra": null, "other_allowance": null, "transportation_allowance": null, "creator": 1, "branch": 1, "user": null, "department": 1, "designation": 1, "course": 1, "history_date": "2025-04-03T04:53:00.489Z", "history_change_reason": null, "history_type": "~", "history_user": 1}}, {"model": "employees.historicalemployee", "pk": 18, "fields": {"id": 3, "created": "2025-04-03T04:52:07.227Z", "updated": "2025-04-03T04:53:03.010Z", "is_active": true, "first_name": "Nishad", "last_name": null, "employee_id": "0003", "gender": "MALE", "marital_status": null, "personal_email": "nisha@gmail.com", "mobile": "+919087653234", "whatsapp": "+919087653234", "date_of_birth": "1998-04-08", "religion": "Muslim", "experience": "", "qualifications": "", "photo": "", "official_email": "mansha@gedexo.com", "status": "Appointed", "resigned_date": null, "notice_date": null, "resigned_form": "", "termination_date": null, "termination_reason": null, "father_name": null, "father_mobile": null, "mother_name": null, "guardian_name": null, "guardian_mobile": null, "relationship_with_employee": null, "date_of_joining": "2025-04-11", "date_of_confirmation": "2025-04-03", "offer_letter": "", "joining_letter": "", "agreement_letter": "", "experience_letter": "", "type_of_residence": null, "residence_name": null, "residential_address": "", "residence_contact": null, "residential_zip_code": null, "permanent_address": "", "permanent_zip_code": null, "bank_name": null, "account_name": null, "account_number": null, "ifsc_code": null, "bank_branch": null, "pan_number": null, "employment_type": "PERMANENT", "blood_group": null, "basic_salary": null, "hra": null, "other_allowance": null, "transportation_allowance": null, "creator": 1, "branch": 1, "user": null, "department": 1, "designation": 1, "course": 1, "history_date": "2025-04-03T04:53:03.013Z", "history_change_reason": null, "history_type": "~", "history_user": 1}}, {"model": "employees.historicalemployee", "pk": 19, "fields": {"id": 3, "created": "2025-04-03T04:52:07.227Z", "updated": "2025-04-03T04:53:23.360Z", "is_active": true, "first_name": "Nishad", "last_name": null, "employee_id": "0003", "gender": "MALE", "marital_status": null, "personal_email": "nisha@gmail.com", "mobile": "+919087653234", "whatsapp": "+919087653234", "date_of_birth": "1998-04-08", "religion": "Muslim", "experience": "", "qualifications": "", "photo": "", "official_email": "mansha@gedexo.com", "status": "Appointed", "resigned_date": null, "notice_date": null, "resigned_form": "", "termination_date": null, "termination_reason": null, "father_name": null, "father_mobile": null, "mother_name": null, "guardian_name": null, "guardian_mobile": null, "relationship_with_employee": null, "date_of_joining": "2025-04-11", "date_of_confirmation": "2025-04-03", "offer_letter": "", "joining_letter": "", "agreement_letter": "", "experience_letter": "", "type_of_residence": null, "residence_name": null, "residential_address": "", "residence_contact": null, "residential_zip_code": null, "permanent_address": "", "permanent_zip_code": null, "bank_name": null, "account_name": null, "account_number": null, "ifsc_code": null, "bank_branch": null, "pan_number": null, "employment_type": "PERMANENT", "blood_group": null, "basic_salary": null, "hra": null, "other_allowance": null, "transportation_allowance": null, "creator": 1, "branch": null, "user": 5, "department": 1, "designation": 1, "course": 1, "history_date": "2025-04-03T04:53:23.363Z", "history_change_reason": null, "history_type": "~", "history_user": 1}}, {"model": "employees.historicalemployee", "pk": 20, "fields": {"id": 3, "created": "2025-04-03T04:52:07.227Z", "updated": "2025-04-03T04:53:43.915Z", "is_active": true, "first_name": "Nishad", "last_name": null, "employee_id": "0003", "gender": "MALE", "marital_status": null, "personal_email": "nishad@gmail.com", "mobile": "+919087653234", "whatsapp": "+919087653234", "date_of_birth": "1998-04-08", "religion": "Muslim", "experience": "", "qualifications": "", "photo": "", "official_email": "mansha@gedexo.com", "status": "Appointed", "resigned_date": null, "notice_date": null, "resigned_form": "", "termination_date": null, "termination_reason": null, "father_name": null, "father_mobile": null, "mother_name": null, "guardian_name": null, "guardian_mobile": null, "relationship_with_employee": null, "date_of_joining": "2025-04-11", "date_of_confirmation": "2025-04-03", "offer_letter": "", "joining_letter": "", "agreement_letter": "", "experience_letter": "", "type_of_residence": null, "residence_name": null, "residential_address": "", "residence_contact": null, "residential_zip_code": null, "permanent_address": "", "permanent_zip_code": null, "bank_name": null, "account_name": null, "account_number": null, "ifsc_code": null, "bank_branch": null, "pan_number": null, "employment_type": "PERMANENT", "blood_group": null, "basic_salary": null, "hra": null, "other_allowance": null, "transportation_allowance": null, "creator": 1, "branch": null, "user": 5, "department": 1, "designation": 1, "course": 1, "history_date": "2025-04-03T04:53:43.917Z", "history_change_reason": null, "history_type": "~", "history_user": 1}}, {"model": "employees.historicalemployee", "pk": 21, "fields": {"id": 3, "created": "2025-04-03T04:52:07.227Z", "updated": "2025-04-03T04:53:46.271Z", "is_active": true, "first_name": "Nishad", "last_name": null, "employee_id": "0003", "gender": "MALE", "marital_status": null, "personal_email": "nishad@gmail.com", "mobile": "+919087653234", "whatsapp": "+919087653234", "date_of_birth": "1998-04-08", "religion": "Muslim", "experience": "", "qualifications": "", "photo": "", "official_email": "mansha@gedexo.com", "status": "Appointed", "resigned_date": null, "notice_date": null, "resigned_form": "", "termination_date": null, "termination_reason": null, "father_name": null, "father_mobile": null, "mother_name": null, "guardian_name": null, "guardian_mobile": null, "relationship_with_employee": null, "date_of_joining": "2025-04-11", "date_of_confirmation": "2025-04-03", "offer_letter": "", "joining_letter": "", "agreement_letter": "", "experience_letter": "", "type_of_residence": null, "residence_name": null, "residential_address": "", "residence_contact": null, "residential_zip_code": null, "permanent_address": "", "permanent_zip_code": null, "bank_name": null, "account_name": null, "account_number": null, "ifsc_code": null, "bank_branch": null, "pan_number": null, "employment_type": "PERMANENT", "blood_group": null, "basic_salary": null, "hra": null, "other_allowance": null, "transportation_allowance": null, "creator": 1, "branch": null, "user": 5, "department": 1, "designation": 1, "course": 1, "history_date": "2025-04-03T04:53:46.273Z", "history_change_reason": null, "history_type": "~", "history_user": 1}}, {"model": "employees.historicalemployee", "pk": 22, "fields": {"id": 3, "created": "2025-04-03T04:52:07.227Z", "updated": "2025-04-03T04:53:48.327Z", "is_active": true, "first_name": "Nishad", "last_name": null, "employee_id": "0003", "gender": "MALE", "marital_status": null, "personal_email": "nishad@gmail.com", "mobile": "+919087653234", "whatsapp": "+919087653234", "date_of_birth": "1998-04-08", "religion": "Muslim", "experience": "", "qualifications": "", "photo": "", "official_email": "mansha@gedexo.com", "status": "Appointed", "resigned_date": null, "notice_date": null, "resigned_form": "", "termination_date": null, "termination_reason": null, "father_name": null, "father_mobile": null, "mother_name": null, "guardian_name": null, "guardian_mobile": null, "relationship_with_employee": null, "date_of_joining": "2025-04-11", "date_of_confirmation": "2025-04-03", "offer_letter": "", "joining_letter": "", "agreement_letter": "", "experience_letter": "", "type_of_residence": null, "residence_name": null, "residential_address": "", "residence_contact": null, "residential_zip_code": null, "permanent_address": "", "permanent_zip_code": null, "bank_name": null, "account_name": null, "account_number": null, "ifsc_code": null, "bank_branch": null, "pan_number": null, "employment_type": "PERMANENT", "blood_group": null, "basic_salary": null, "hra": null, "other_allowance": null, "transportation_allowance": null, "creator": 1, "branch": null, "user": 5, "department": 1, "designation": 1, "course": 1, "history_date": "2025-04-03T04:53:48.329Z", "history_change_reason": null, "history_type": "~", "history_user": 1}}, {"model": "employees.historicalemployee", "pk": 23, "fields": {"id": 3, "created": "2025-04-03T04:52:07.227Z", "updated": "2025-04-03T04:53:57.898Z", "is_active": true, "first_name": "Nishad", "last_name": null, "employee_id": "0003", "gender": "MALE", "marital_status": null, "personal_email": "nishad@gmail.com", "mobile": "+919087653234", "whatsapp": "+919087653234", "date_of_birth": "1998-04-08", "religion": "Muslim", "experience": "", "qualifications": "", "photo": "", "official_email": "nishad@gedexo.com", "status": "Appointed", "resigned_date": null, "notice_date": null, "resigned_form": "", "termination_date": null, "termination_reason": null, "father_name": null, "father_mobile": null, "mother_name": null, "guardian_name": null, "guardian_mobile": null, "relationship_with_employee": null, "date_of_joining": "2025-04-11", "date_of_confirmation": "2025-04-03", "offer_letter": "", "joining_letter": "", "agreement_letter": "", "experience_letter": "", "type_of_residence": null, "residence_name": null, "residential_address": "", "residence_contact": null, "residential_zip_code": null, "permanent_address": "", "permanent_zip_code": null, "bank_name": null, "account_name": null, "account_number": null, "ifsc_code": null, "bank_branch": null, "pan_number": null, "employment_type": "PERMANENT", "blood_group": null, "basic_salary": null, "hra": null, "other_allowance": null, "transportation_allowance": null, "creator": 1, "branch": null, "user": 5, "department": 1, "designation": 1, "course": 1, "history_date": "2025-04-03T04:53:57.901Z", "history_change_reason": null, "history_type": "~", "history_user": 1}}, {"model": "employees.historicalemployee", "pk": 24, "fields": {"id": 3, "created": "2025-04-03T04:52:07.227Z", "updated": "2025-04-03T04:53:59.740Z", "is_active": true, "first_name": "Nishad", "last_name": null, "employee_id": "0003", "gender": "MALE", "marital_status": null, "personal_email": "nishad@gmail.com", "mobile": "+919087653234", "whatsapp": "+919087653234", "date_of_birth": "1998-04-08", "religion": "Muslim", "experience": "", "qualifications": "", "photo": "", "official_email": "nishad@gedexo.com", "status": "Appointed", "resigned_date": null, "notice_date": null, "resigned_form": "", "termination_date": null, "termination_reason": null, "father_name": null, "father_mobile": null, "mother_name": null, "guardian_name": null, "guardian_mobile": null, "relationship_with_employee": null, "date_of_joining": "2025-04-11", "date_of_confirmation": "2025-04-03", "offer_letter": "", "joining_letter": "", "agreement_letter": "", "experience_letter": "", "type_of_residence": null, "residence_name": null, "residential_address": "", "residence_contact": null, "residential_zip_code": null, "permanent_address": "", "permanent_zip_code": null, "bank_name": null, "account_name": null, "account_number": null, "ifsc_code": null, "bank_branch": null, "pan_number": null, "employment_type": "PERMANENT", "blood_group": null, "basic_salary": null, "hra": null, "other_allowance": null, "transportation_allowance": null, "creator": 1, "branch": null, "user": 5, "department": 1, "designation": 1, "course": 1, "history_date": "2025-04-03T04:53:59.742Z", "history_change_reason": null, "history_type": "~", "history_user": 1}}, {"model": "employees.historicalemployee", "pk": 25, "fields": {"id": 6, "created": "2025-04-03T05:45:13.542Z", "updated": "2025-04-03T05:45:13.542Z", "is_active": true, "first_name": "Shaheem", "last_name": null, "employee_id": null, "gender": null, "marital_status": null, "personal_email": "shaheem@gmail.com", "mobile": null, "whatsapp": null, "date_of_birth": null, "religion": null, "experience": "", "qualifications": "", "photo": "", "official_email": null, "status": "Appointed", "resigned_date": null, "notice_date": null, "resigned_form": "", "termination_date": null, "termination_reason": null, "father_name": null, "father_mobile": null, "mother_name": null, "guardian_name": null, "guardian_mobile": null, "relationship_with_employee": null, "date_of_joining": null, "date_of_confirmation": null, "offer_letter": "", "joining_letter": "", "agreement_letter": "", "experience_letter": "", "type_of_residence": null, "residence_name": null, "residential_address": null, "residence_contact": null, "residential_zip_code": null, "permanent_address": null, "permanent_zip_code": null, "bank_name": null, "account_name": null, "account_number": null, "ifsc_code": null, "bank_branch": null, "pan_number": null, "employment_type": null, "blood_group": null, "basic_salary": null, "hra": null, "other_allowance": null, "transportation_allowance": null, "creator": 1, "branch": 2, "user": null, "department": null, "designation": null, "course": null, "history_date": "2025-04-03T05:45:13.548Z", "history_change_reason": null, "history_type": "+", "history_user": 1}}, {"model": "employees.historicalemployee", "pk": 26, "fields": {"id": 6, "created": "2025-04-03T05:45:13.542Z", "updated": "2025-04-03T05:45:15.711Z", "is_active": true, "first_name": "Shaheem", "last_name": null, "employee_id": null, "gender": null, "marital_status": null, "personal_email": "shaheem@gmail.com", "mobile": null, "whatsapp": null, "date_of_birth": null, "religion": null, "experience": "", "qualifications": "", "photo": "", "official_email": null, "status": "Appointed", "resigned_date": null, "notice_date": null, "resigned_form": "", "termination_date": null, "termination_reason": null, "father_name": null, "father_mobile": null, "mother_name": null, "guardian_name": null, "guardian_mobile": null, "relationship_with_employee": null, "date_of_joining": null, "date_of_confirmation": null, "offer_letter": "", "joining_letter": "", "agreement_letter": "", "experience_letter": "", "type_of_residence": null, "residence_name": null, "residential_address": null, "residence_contact": null, "residential_zip_code": null, "permanent_address": null, "permanent_zip_code": null, "bank_name": null, "account_name": null, "account_number": null, "ifsc_code": null, "bank_branch": null, "pan_number": null, "employment_type": null, "blood_group": null, "basic_salary": null, "hra": null, "other_allowance": null, "transportation_allowance": null, "creator": 1, "branch": 2, "user": null, "department": null, "designation": null, "course": null, "history_date": "2025-04-03T05:45:15.713Z", "history_change_reason": null, "history_type": "~", "history_user": 1}}, {"model": "employees.historicalemployee", "pk": 27, "fields": {"id": 6, "created": "2025-04-03T05:45:13.542Z", "updated": "2025-04-03T05:45:18.128Z", "is_active": true, "first_name": "Shaheem", "last_name": null, "employee_id": null, "gender": null, "marital_status": null, "personal_email": "shaheem@gmail.com", "mobile": null, "whatsapp": null, "date_of_birth": null, "religion": null, "experience": "", "qualifications": "", "photo": "", "official_email": null, "status": "Appointed", "resigned_date": null, "notice_date": null, "resigned_form": "", "termination_date": null, "termination_reason": null, "father_name": null, "father_mobile": null, "mother_name": null, "guardian_name": null, "guardian_mobile": null, "relationship_with_employee": null, "date_of_joining": null, "date_of_confirmation": null, "offer_letter": "", "joining_letter": "", "agreement_letter": "", "experience_letter": "", "type_of_residence": null, "residence_name": null, "residential_address": "", "residence_contact": null, "residential_zip_code": null, "permanent_address": "", "permanent_zip_code": null, "bank_name": null, "account_name": null, "account_number": null, "ifsc_code": null, "bank_branch": null, "pan_number": null, "employment_type": null, "blood_group": null, "basic_salary": null, "hra": null, "other_allowance": null, "transportation_allowance": null, "creator": 1, "branch": 2, "user": null, "department": null, "designation": null, "course": null, "history_date": "2025-04-03T05:45:18.132Z", "history_change_reason": null, "history_type": "~", "history_user": 1}}, {"model": "employees.historicalemployee", "pk": 28, "fields": {"id": 6, "created": "2025-04-03T05:45:13.542Z", "updated": "2025-04-03T05:45:27.225Z", "is_active": true, "first_name": "Shaheem", "last_name": null, "employee_id": "0004", "gender": null, "marital_status": null, "personal_email": "shaheem@gmail.com", "mobile": null, "whatsapp": null, "date_of_birth": null, "religion": null, "experience": "", "qualifications": "", "photo": "", "official_email": null, "status": "Appointed", "resigned_date": null, "notice_date": null, "resigned_form": "", "termination_date": null, "termination_reason": null, "father_name": null, "father_mobile": null, "mother_name": null, "guardian_name": null, "guardian_mobile": null, "relationship_with_employee": null, "date_of_joining": null, "date_of_confirmation": null, "offer_letter": "", "joining_letter": "", "agreement_letter": "", "experience_letter": "", "type_of_residence": null, "residence_name": null, "residential_address": "", "residence_contact": null, "residential_zip_code": null, "permanent_address": "", "permanent_zip_code": null, "bank_name": null, "account_name": null, "account_number": null, "ifsc_code": null, "bank_branch": null, "pan_number": null, "employment_type": null, "blood_group": null, "basic_salary": null, "hra": null, "other_allowance": null, "transportation_allowance": null, "creator": 1, "branch": 2, "user": null, "department": 1, "designation": 1, "course": 1, "history_date": "2025-04-03T05:45:27.229Z", "history_change_reason": null, "history_type": "~", "history_user": 1}}, {"model": "employees.historicalemployee", "pk": 29, "fields": {"id": 6, "created": "2025-04-03T05:45:13.542Z", "updated": "2025-04-03T05:45:29.248Z", "is_active": true, "first_name": "Shaheem", "last_name": null, "employee_id": "0004", "gender": null, "marital_status": null, "personal_email": "shaheem@gmail.com", "mobile": null, "whatsapp": null, "date_of_birth": null, "religion": null, "experience": "", "qualifications": "", "photo": "", "official_email": null, "status": "Appointed", "resigned_date": null, "notice_date": null, "resigned_form": "", "termination_date": null, "termination_reason": null, "father_name": null, "father_mobile": null, "mother_name": null, "guardian_name": null, "guardian_mobile": null, "relationship_with_employee": null, "date_of_joining": null, "date_of_confirmation": null, "offer_letter": "", "joining_letter": "", "agreement_letter": "", "experience_letter": "", "type_of_residence": null, "residence_name": null, "residential_address": "", "residence_contact": null, "residential_zip_code": null, "permanent_address": "", "permanent_zip_code": null, "bank_name": null, "account_name": null, "account_number": null, "ifsc_code": null, "bank_branch": null, "pan_number": null, "employment_type": null, "blood_group": null, "basic_salary": null, "hra": null, "other_allowance": null, "transportation_allowance": null, "creator": 1, "branch": 2, "user": null, "department": 1, "designation": 1, "course": 1, "history_date": "2025-04-03T05:45:29.252Z", "history_change_reason": null, "history_type": "~", "history_user": 1}}, {"model": "employees.historicalemployee", "pk": 30, "fields": {"id": 6, "created": "2025-04-03T05:45:13.542Z", "updated": "2025-04-03T05:45:29.248Z", "is_active": true, "first_name": "Shaheem", "last_name": null, "employee_id": "0004", "gender": null, "marital_status": null, "personal_email": "shaheem@gmail.com", "mobile": null, "whatsapp": null, "date_of_birth": null, "religion": null, "experience": "", "qualifications": "", "photo": "", "official_email": null, "status": "Appointed", "resigned_date": null, "notice_date": null, "resigned_form": "", "termination_date": null, "termination_reason": null, "father_name": null, "father_mobile": null, "mother_name": null, "guardian_name": null, "guardian_mobile": null, "relationship_with_employee": null, "date_of_joining": null, "date_of_confirmation": null, "offer_letter": "", "joining_letter": "", "agreement_letter": "", "experience_letter": "", "type_of_residence": null, "residence_name": null, "residential_address": "", "residence_contact": null, "residential_zip_code": null, "permanent_address": "", "permanent_zip_code": null, "bank_name": null, "account_name": null, "account_number": null, "ifsc_code": null, "bank_branch": null, "pan_number": null, "employment_type": null, "blood_group": null, "basic_salary": null, "hra": null, "other_allowance": null, "transportation_allowance": null, "creator": 1, "branch": 2, "user": null, "department": 1, "designation": 1, "course": 1, "history_date": "2025-04-03T05:52:02.459Z", "history_change_reason": null, "history_type": "-", "history_user": 1}}, {"model": "employees.historicalemployee", "pk": 31, "fields": {"id": 7, "created": "2025-04-03T05:52:19.053Z", "updated": "2025-04-03T05:52:19.053Z", "is_active": true, "first_name": "shaheem", "last_name": null, "employee_id": null, "gender": null, "marital_status": null, "personal_email": "shaheem@gmail.com", "mobile": null, "whatsapp": null, "date_of_birth": null, "religion": null, "experience": "", "qualifications": "", "photo": "", "official_email": null, "status": "Appointed", "resigned_date": null, "notice_date": null, "resigned_form": "", "termination_date": null, "termination_reason": null, "father_name": null, "father_mobile": null, "mother_name": null, "guardian_name": null, "guardian_mobile": null, "relationship_with_employee": null, "date_of_joining": null, "date_of_confirmation": null, "offer_letter": "", "joining_letter": "", "agreement_letter": "", "experience_letter": "", "type_of_residence": null, "residence_name": null, "residential_address": null, "residence_contact": null, "residential_zip_code": null, "permanent_address": null, "permanent_zip_code": null, "bank_name": null, "account_name": null, "account_number": null, "ifsc_code": null, "bank_branch": null, "pan_number": null, "employment_type": null, "blood_group": null, "basic_salary": null, "hra": null, "other_allowance": null, "transportation_allowance": null, "creator": 1, "branch": 2, "user": null, "department": null, "designation": null, "course": null, "history_date": "2025-04-03T05:52:19.060Z", "history_change_reason": null, "history_type": "+", "history_user": 1}}, {"model": "employees.historicalemployee", "pk": 32, "fields": {"id": 7, "created": "2025-04-03T05:52:19.053Z", "updated": "2025-04-03T05:52:21.298Z", "is_active": true, "first_name": "shaheem", "last_name": null, "employee_id": null, "gender": null, "marital_status": null, "personal_email": "shaheem@gmail.com", "mobile": null, "whatsapp": null, "date_of_birth": null, "religion": null, "experience": "", "qualifications": "", "photo": "", "official_email": null, "status": "Appointed", "resigned_date": null, "notice_date": null, "resigned_form": "", "termination_date": null, "termination_reason": null, "father_name": null, "father_mobile": null, "mother_name": null, "guardian_name": null, "guardian_mobile": null, "relationship_with_employee": null, "date_of_joining": null, "date_of_confirmation": null, "offer_letter": "", "joining_letter": "", "agreement_letter": "", "experience_letter": "", "type_of_residence": null, "residence_name": null, "residential_address": null, "residence_contact": null, "residential_zip_code": null, "permanent_address": null, "permanent_zip_code": null, "bank_name": null, "account_name": null, "account_number": null, "ifsc_code": null, "bank_branch": null, "pan_number": null, "employment_type": null, "blood_group": null, "basic_salary": null, "hra": null, "other_allowance": null, "transportation_allowance": null, "creator": 1, "branch": 2, "user": null, "department": null, "designation": null, "course": null, "history_date": "2025-04-03T05:52:21.300Z", "history_change_reason": null, "history_type": "~", "history_user": 1}}, {"model": "employees.historicalemployee", "pk": 33, "fields": {"id": 7, "created": "2025-04-03T05:52:19.053Z", "updated": "2025-04-03T05:52:22.765Z", "is_active": true, "first_name": "shaheem", "last_name": null, "employee_id": null, "gender": null, "marital_status": null, "personal_email": "shaheem@gmail.com", "mobile": null, "whatsapp": null, "date_of_birth": null, "religion": null, "experience": "", "qualifications": "", "photo": "", "official_email": null, "status": "Appointed", "resigned_date": null, "notice_date": null, "resigned_form": "", "termination_date": null, "termination_reason": null, "father_name": null, "father_mobile": null, "mother_name": null, "guardian_name": null, "guardian_mobile": null, "relationship_with_employee": null, "date_of_joining": null, "date_of_confirmation": null, "offer_letter": "", "joining_letter": "", "agreement_letter": "", "experience_letter": "", "type_of_residence": null, "residence_name": null, "residential_address": "", "residence_contact": null, "residential_zip_code": null, "permanent_address": "", "permanent_zip_code": null, "bank_name": null, "account_name": null, "account_number": null, "ifsc_code": null, "bank_branch": null, "pan_number": null, "employment_type": null, "blood_group": null, "basic_salary": null, "hra": null, "other_allowance": null, "transportation_allowance": null, "creator": 1, "branch": 2, "user": null, "department": null, "designation": null, "course": null, "history_date": "2025-04-03T05:52:22.767Z", "history_change_reason": null, "history_type": "~", "history_user": 1}}, {"model": "employees.historicalemployee", "pk": 34, "fields": {"id": 7, "created": "2025-04-03T05:52:19.053Z", "updated": "2025-04-03T05:52:30.290Z", "is_active": true, "first_name": "shaheem", "last_name": null, "employee_id": "0004", "gender": null, "marital_status": null, "personal_email": "shaheem@gmail.com", "mobile": null, "whatsapp": null, "date_of_birth": null, "religion": null, "experience": "", "qualifications": "", "photo": "", "official_email": null, "status": "Appointed", "resigned_date": null, "notice_date": null, "resigned_form": "", "termination_date": null, "termination_reason": null, "father_name": null, "father_mobile": null, "mother_name": null, "guardian_name": null, "guardian_mobile": null, "relationship_with_employee": null, "date_of_joining": null, "date_of_confirmation": null, "offer_letter": "", "joining_letter": "", "agreement_letter": "", "experience_letter": "", "type_of_residence": null, "residence_name": null, "residential_address": "", "residence_contact": null, "residential_zip_code": null, "permanent_address": "", "permanent_zip_code": null, "bank_name": null, "account_name": null, "account_number": null, "ifsc_code": null, "bank_branch": null, "pan_number": null, "employment_type": null, "blood_group": null, "basic_salary": null, "hra": null, "other_allowance": null, "transportation_allowance": null, "creator": 1, "branch": 2, "user": null, "department": 1, "designation": 1, "course": 1, "history_date": "2025-04-03T05:52:30.295Z", "history_change_reason": null, "history_type": "~", "history_user": 1}}, {"model": "employees.historicalemployee", "pk": 35, "fields": {"id": 7, "created": "2025-04-03T05:52:19.053Z", "updated": "2025-04-03T05:52:32.358Z", "is_active": true, "first_name": "shaheem", "last_name": null, "employee_id": "0004", "gender": null, "marital_status": null, "personal_email": "shaheem@gmail.com", "mobile": null, "whatsapp": null, "date_of_birth": null, "religion": null, "experience": "", "qualifications": "", "photo": "", "official_email": null, "status": "Appointed", "resigned_date": null, "notice_date": null, "resigned_form": "", "termination_date": null, "termination_reason": null, "father_name": null, "father_mobile": null, "mother_name": null, "guardian_name": null, "guardian_mobile": null, "relationship_with_employee": null, "date_of_joining": null, "date_of_confirmation": null, "offer_letter": "", "joining_letter": "", "agreement_letter": "", "experience_letter": "", "type_of_residence": null, "residence_name": null, "residential_address": "", "residence_contact": null, "residential_zip_code": null, "permanent_address": "", "permanent_zip_code": null, "bank_name": null, "account_name": null, "account_number": null, "ifsc_code": null, "bank_branch": null, "pan_number": null, "employment_type": null, "blood_group": null, "basic_salary": null, "hra": null, "other_allowance": null, "transportation_allowance": null, "creator": 1, "branch": 2, "user": null, "department": 1, "designation": 1, "course": 1, "history_date": "2025-04-03T05:52:32.361Z", "history_change_reason": null, "history_type": "~", "history_user": 1}}, {"model": "employees.historicalemployee", "pk": 36, "fields": {"id": 8, "created": "2025-04-03T05:55:41.012Z", "updated": "2025-04-03T05:55:41.012Z", "is_active": true, "first_name": "javasil", "last_name": null, "employee_id": null, "gender": null, "marital_status": null, "personal_email": "javasil@gmail.com", "mobile": null, "whatsapp": null, "date_of_birth": null, "religion": null, "experience": "", "qualifications": "", "photo": "", "official_email": null, "status": "Appointed", "resigned_date": null, "notice_date": null, "resigned_form": "", "termination_date": null, "termination_reason": null, "father_name": null, "father_mobile": null, "mother_name": null, "guardian_name": null, "guardian_mobile": null, "relationship_with_employee": null, "date_of_joining": null, "date_of_confirmation": null, "offer_letter": "", "joining_letter": "", "agreement_letter": "", "experience_letter": "", "type_of_residence": null, "residence_name": null, "residential_address": null, "residence_contact": null, "residential_zip_code": null, "permanent_address": null, "permanent_zip_code": null, "bank_name": null, "account_name": null, "account_number": null, "ifsc_code": null, "bank_branch": null, "pan_number": null, "employment_type": null, "blood_group": null, "basic_salary": null, "hra": null, "other_allowance": null, "transportation_allowance": null, "creator": 1, "branch": 2, "user": null, "department": null, "designation": null, "course": null, "history_date": "2025-04-03T05:55:41.016Z", "history_change_reason": null, "history_type": "+", "history_user": 1}}, {"model": "employees.historicalemployee", "pk": 37, "fields": {"id": 8, "created": "2025-04-03T05:55:41.012Z", "updated": "2025-04-03T05:55:42.688Z", "is_active": true, "first_name": "javasil", "last_name": null, "employee_id": null, "gender": null, "marital_status": null, "personal_email": "javasil@gmail.com", "mobile": null, "whatsapp": null, "date_of_birth": null, "religion": null, "experience": "", "qualifications": "", "photo": "", "official_email": null, "status": "Appointed", "resigned_date": null, "notice_date": null, "resigned_form": "", "termination_date": null, "termination_reason": null, "father_name": null, "father_mobile": null, "mother_name": null, "guardian_name": null, "guardian_mobile": null, "relationship_with_employee": null, "date_of_joining": null, "date_of_confirmation": null, "offer_letter": "", "joining_letter": "", "agreement_letter": "", "experience_letter": "", "type_of_residence": null, "residence_name": null, "residential_address": null, "residence_contact": null, "residential_zip_code": null, "permanent_address": null, "permanent_zip_code": null, "bank_name": null, "account_name": null, "account_number": null, "ifsc_code": null, "bank_branch": null, "pan_number": null, "employment_type": null, "blood_group": null, "basic_salary": null, "hra": null, "other_allowance": null, "transportation_allowance": null, "creator": 1, "branch": 2, "user": null, "department": null, "designation": null, "course": null, "history_date": "2025-04-03T05:55:42.690Z", "history_change_reason": null, "history_type": "~", "history_user": 1}}, {"model": "employees.historicalemployee", "pk": 38, "fields": {"id": 8, "created": "2025-04-03T05:55:41.012Z", "updated": "2025-04-03T05:55:44.203Z", "is_active": true, "first_name": "javasil", "last_name": null, "employee_id": null, "gender": null, "marital_status": null, "personal_email": "javasil@gmail.com", "mobile": null, "whatsapp": null, "date_of_birth": null, "religion": null, "experience": "", "qualifications": "", "photo": "", "official_email": null, "status": "Appointed", "resigned_date": null, "notice_date": null, "resigned_form": "", "termination_date": null, "termination_reason": null, "father_name": null, "father_mobile": null, "mother_name": null, "guardian_name": null, "guardian_mobile": null, "relationship_with_employee": null, "date_of_joining": null, "date_of_confirmation": null, "offer_letter": "", "joining_letter": "", "agreement_letter": "", "experience_letter": "", "type_of_residence": null, "residence_name": null, "residential_address": "", "residence_contact": null, "residential_zip_code": null, "permanent_address": "", "permanent_zip_code": null, "bank_name": null, "account_name": null, "account_number": null, "ifsc_code": null, "bank_branch": null, "pan_number": null, "employment_type": null, "blood_group": null, "basic_salary": null, "hra": null, "other_allowance": null, "transportation_allowance": null, "creator": 1, "branch": 2, "user": null, "department": null, "designation": null, "course": null, "history_date": "2025-04-03T05:55:44.205Z", "history_change_reason": null, "history_type": "~", "history_user": 1}}, {"model": "employees.historicalemployee", "pk": 39, "fields": {"id": 8, "created": "2025-04-03T05:55:41.012Z", "updated": "2025-04-03T05:55:50.054Z", "is_active": true, "first_name": "javasil", "last_name": null, "employee_id": "0005", "gender": null, "marital_status": null, "personal_email": "javasil@gmail.com", "mobile": null, "whatsapp": null, "date_of_birth": null, "religion": null, "experience": "", "qualifications": "", "photo": "", "official_email": null, "status": "Appointed", "resigned_date": null, "notice_date": null, "resigned_form": "", "termination_date": null, "termination_reason": null, "father_name": null, "father_mobile": null, "mother_name": null, "guardian_name": null, "guardian_mobile": null, "relationship_with_employee": null, "date_of_joining": null, "date_of_confirmation": null, "offer_letter": "", "joining_letter": "", "agreement_letter": "", "experience_letter": "", "type_of_residence": null, "residence_name": null, "residential_address": "", "residence_contact": null, "residential_zip_code": null, "permanent_address": "", "permanent_zip_code": null, "bank_name": null, "account_name": null, "account_number": null, "ifsc_code": null, "bank_branch": null, "pan_number": null, "employment_type": null, "blood_group": null, "basic_salary": null, "hra": null, "other_allowance": null, "transportation_allowance": null, "creator": 1, "branch": 2, "user": null, "department": 1, "designation": 1, "course": 1, "history_date": "2025-04-03T05:55:50.057Z", "history_change_reason": null, "history_type": "~", "history_user": 1}}, {"model": "employees.historicalemployee", "pk": 40, "fields": {"id": 8, "created": "2025-04-03T05:55:41.012Z", "updated": "2025-04-03T05:55:51.843Z", "is_active": true, "first_name": "javasil", "last_name": null, "employee_id": "0005", "gender": null, "marital_status": null, "personal_email": "javasil@gmail.com", "mobile": null, "whatsapp": null, "date_of_birth": null, "religion": null, "experience": "", "qualifications": "", "photo": "", "official_email": null, "status": "Appointed", "resigned_date": null, "notice_date": null, "resigned_form": "", "termination_date": null, "termination_reason": null, "father_name": null, "father_mobile": null, "mother_name": null, "guardian_name": null, "guardian_mobile": null, "relationship_with_employee": null, "date_of_joining": null, "date_of_confirmation": null, "offer_letter": "", "joining_letter": "", "agreement_letter": "", "experience_letter": "", "type_of_residence": null, "residence_name": null, "residential_address": "", "residence_contact": null, "residential_zip_code": null, "permanent_address": "", "permanent_zip_code": null, "bank_name": null, "account_name": null, "account_number": null, "ifsc_code": null, "bank_branch": null, "pan_number": null, "employment_type": null, "blood_group": null, "basic_salary": null, "hra": null, "other_allowance": null, "transportation_allowance": null, "creator": 1, "branch": 2, "user": null, "department": 1, "designation": 1, "course": 1, "history_date": "2025-04-03T05:55:51.846Z", "history_change_reason": null, "history_type": "~", "history_user": 1}}, {"model": "employees.historicalemployee", "pk": 41, "fields": {"id": 8, "created": "2025-04-03T05:55:41.012Z", "updated": "2025-04-03T05:55:51.843Z", "is_active": true, "first_name": "javasil", "last_name": null, "employee_id": "0005", "gender": null, "marital_status": null, "personal_email": "javasil@gmail.com", "mobile": null, "whatsapp": null, "date_of_birth": null, "religion": null, "experience": "", "qualifications": "", "photo": "", "official_email": null, "status": "Appointed", "resigned_date": null, "notice_date": null, "resigned_form": "", "termination_date": null, "termination_reason": null, "father_name": null, "father_mobile": null, "mother_name": null, "guardian_name": null, "guardian_mobile": null, "relationship_with_employee": null, "date_of_joining": null, "date_of_confirmation": null, "offer_letter": "", "joining_letter": "", "agreement_letter": "", "experience_letter": "", "type_of_residence": null, "residence_name": null, "residential_address": "", "residence_contact": null, "residential_zip_code": null, "permanent_address": "", "permanent_zip_code": null, "bank_name": null, "account_name": null, "account_number": null, "ifsc_code": null, "bank_branch": null, "pan_number": null, "employment_type": null, "blood_group": null, "basic_salary": null, "hra": null, "other_allowance": null, "transportation_allowance": null, "creator": 1, "branch": 2, "user": null, "department": 1, "designation": 1, "course": 1, "history_date": "2025-04-03T06:00:38.416Z", "history_change_reason": null, "history_type": "-", "history_user": 1}}, {"model": "employees.historicalemployee", "pk": 42, "fields": {"id": 7, "created": "2025-04-03T05:52:19.053Z", "updated": "2025-04-03T05:52:32.358Z", "is_active": true, "first_name": "shaheem", "last_name": null, "employee_id": "0004", "gender": null, "marital_status": null, "personal_email": "shaheem@gmail.com", "mobile": null, "whatsapp": null, "date_of_birth": null, "religion": null, "experience": "", "qualifications": "", "photo": "", "official_email": null, "status": "Appointed", "resigned_date": null, "notice_date": null, "resigned_form": "", "termination_date": null, "termination_reason": null, "father_name": null, "father_mobile": null, "mother_name": null, "guardian_name": null, "guardian_mobile": null, "relationship_with_employee": null, "date_of_joining": null, "date_of_confirmation": null, "offer_letter": "", "joining_letter": "", "agreement_letter": "", "experience_letter": "", "type_of_residence": null, "residence_name": null, "residential_address": "", "residence_contact": null, "residential_zip_code": null, "permanent_address": "", "permanent_zip_code": null, "bank_name": null, "account_name": null, "account_number": null, "ifsc_code": null, "bank_branch": null, "pan_number": null, "employment_type": null, "blood_group": null, "basic_salary": null, "hra": null, "other_allowance": null, "transportation_allowance": null, "creator": 1, "branch": 2, "user": null, "department": 1, "designation": 1, "course": 1, "history_date": "2025-04-03T06:00:38.420Z", "history_change_reason": null, "history_type": "-", "history_user": 1}}, {"model": "employees.historicalemployee", "pk": 43, "fields": {"id": 10, "created": "2025-04-03T06:18:13.034Z", "updated": "2025-04-03T06:18:13.034Z", "is_active": true, "first_name": "shaheem", "last_name": null, "employee_id": null, "gender": null, "marital_status": null, "personal_email": "shaheem@gmail.com", "mobile": null, "whatsapp": null, "date_of_birth": null, "religion": null, "experience": "", "qualifications": "", "photo": "", "official_email": null, "status": "Appointed", "resigned_date": null, "notice_date": null, "resigned_form": "", "termination_date": null, "termination_reason": null, "father_name": null, "father_mobile": null, "mother_name": null, "guardian_name": null, "guardian_mobile": null, "relationship_with_employee": null, "date_of_joining": null, "date_of_confirmation": null, "offer_letter": "", "joining_letter": "", "agreement_letter": "", "experience_letter": "", "type_of_residence": null, "residence_name": null, "residential_address": null, "residence_contact": null, "residential_zip_code": null, "permanent_address": null, "permanent_zip_code": null, "bank_name": null, "account_name": null, "account_number": null, "ifsc_code": null, "bank_branch": null, "pan_number": null, "employment_type": null, "blood_group": null, "basic_salary": null, "hra": null, "other_allowance": null, "transportation_allowance": null, "creator": null, "branch": 3, "user": null, "department": null, "designation": null, "course": null, "history_date": "2025-04-03T06:18:13.037Z", "history_change_reason": null, "history_type": "+", "history_user": 1}}, {"model": "employees.historicalemployee", "pk": 44, "fields": {"id": 10, "created": "2025-04-03T06:18:13.034Z", "updated": "2025-04-03T06:18:13.042Z", "is_active": true, "first_name": "shaheem", "last_name": null, "employee_id": null, "gender": null, "marital_status": null, "personal_email": "shaheem@gmail.com", "mobile": null, "whatsapp": null, "date_of_birth": null, "religion": null, "experience": "", "qualifications": "", "photo": "", "official_email": null, "status": "Appointed", "resigned_date": null, "notice_date": null, "resigned_form": "", "termination_date": null, "termination_reason": null, "father_name": null, "father_mobile": null, "mother_name": null, "guardian_name": null, "guardian_mobile": null, "relationship_with_employee": null, "date_of_joining": null, "date_of_confirmation": null, "offer_letter": "", "joining_letter": "", "agreement_letter": "", "experience_letter": "", "type_of_residence": null, "residence_name": null, "residential_address": null, "residence_contact": null, "residential_zip_code": null, "permanent_address": null, "permanent_zip_code": null, "bank_name": null, "account_name": null, "account_number": null, "ifsc_code": null, "bank_branch": null, "pan_number": null, "employment_type": null, "blood_group": null, "basic_salary": null, "hra": null, "other_allowance": null, "transportation_allowance": null, "creator": 1, "branch": 2, "user": null, "department": null, "designation": null, "course": null, "history_date": "2025-04-03T06:18:13.045Z", "history_change_reason": null, "history_type": "~", "history_user": 1}}, {"model": "employees.historicalemployee", "pk": 45, "fields": {"id": 10, "created": "2025-04-03T06:18:13.034Z", "updated": "2025-04-03T06:18:13.042Z", "is_active": true, "first_name": "shaheem", "last_name": null, "employee_id": null, "gender": null, "marital_status": null, "personal_email": "shaheem@gmail.com", "mobile": null, "whatsapp": null, "date_of_birth": null, "religion": null, "experience": "", "qualifications": "", "photo": "", "official_email": null, "status": "Appointed", "resigned_date": null, "notice_date": null, "resigned_form": "", "termination_date": null, "termination_reason": null, "father_name": null, "father_mobile": null, "mother_name": null, "guardian_name": null, "guardian_mobile": null, "relationship_with_employee": null, "date_of_joining": null, "date_of_confirmation": null, "offer_letter": "", "joining_letter": "", "agreement_letter": "", "experience_letter": "", "type_of_residence": null, "residence_name": null, "residential_address": null, "residence_contact": null, "residential_zip_code": null, "permanent_address": null, "permanent_zip_code": null, "bank_name": null, "account_name": null, "account_number": null, "ifsc_code": null, "bank_branch": null, "pan_number": null, "employment_type": null, "blood_group": null, "basic_salary": null, "hra": null, "other_allowance": null, "transportation_allowance": null, "creator": 1, "branch": 2, "user": null, "department": null, "designation": null, "course": null, "history_date": "2025-04-03T06:18:35.638Z", "history_change_reason": null, "history_type": "-", "history_user": 1}}, {"model": "employees.historicalemployee", "pk": 46, "fields": {"id": 3, "created": "2025-04-03T04:52:07.227Z", "updated": "2025-04-03T06:18:59.597Z", "is_active": true, "first_name": "Nishad", "last_name": null, "employee_id": "0003", "gender": "MALE", "marital_status": null, "personal_email": "nishad@gmail.com", "mobile": "+919087653234", "whatsapp": "+919087653234", "date_of_birth": "1998-04-08", "religion": "Muslim", "experience": "", "qualifications": "", "photo": "", "official_email": "nishad@gedexo.com", "status": "Appointed", "resigned_date": null, "notice_date": null, "resigned_form": "", "termination_date": null, "termination_reason": null, "father_name": null, "father_mobile": null, "mother_name": null, "guardian_name": null, "guardian_mobile": null, "relationship_with_employee": null, "date_of_joining": "2025-04-11", "date_of_confirmation": "2025-04-03", "offer_letter": "", "joining_letter": "", "agreement_letter": "", "experience_letter": "", "type_of_residence": null, "residence_name": null, "residential_address": "", "residence_contact": null, "residential_zip_code": null, "permanent_address": "", "permanent_zip_code": null, "bank_name": null, "account_name": null, "account_number": null, "ifsc_code": null, "bank_branch": null, "pan_number": null, "employment_type": "PERMANENT", "blood_group": null, "basic_salary": null, "hra": null, "other_allowance": null, "transportation_allowance": null, "creator": 1, "branch": 2, "user": 5, "department": 1, "designation": 1, "course": 1, "history_date": "2025-04-03T06:18:59.599Z", "history_change_reason": null, "history_type": "~", "history_user": 1}}, {"model": "employees.historicalemployee", "pk": 47, "fields": {"id": 11, "created": "2025-04-03T07:18:55.663Z", "updated": "2025-04-03T07:18:55.663Z", "is_active": true, "first_name": "Javasil", "last_name": "Pk", "employee_id": null, "gender": "MALE", "marital_status": null, "personal_email": "javasilpk@gmail.com", "mobile": null, "whatsapp": null, "date_of_birth": null, "religion": "Muslim", "experience": "", "qualifications": "", "photo": "", "official_email": null, "status": "Appointed", "resigned_date": null, "notice_date": null, "resigned_form": "", "termination_date": null, "termination_reason": null, "father_name": null, "father_mobile": null, "mother_name": null, "guardian_name": null, "guardian_mobile": null, "relationship_with_employee": null, "date_of_joining": null, "date_of_confirmation": null, "offer_letter": "", "joining_letter": "", "agreement_letter": "", "experience_letter": "", "type_of_residence": null, "residence_name": null, "residential_address": null, "residence_contact": null, "residential_zip_code": null, "permanent_address": null, "permanent_zip_code": null, "bank_name": null, "account_name": null, "account_number": null, "ifsc_code": null, "bank_branch": null, "pan_number": null, "employment_type": null, "blood_group": null, "basic_salary": null, "hra": null, "other_allowance": null, "transportation_allowance": null, "creator": null, "branch": 3, "user": null, "department": null, "designation": null, "course": null, "history_date": "2025-04-03T07:18:55.668Z", "history_change_reason": null, "history_type": "+", "history_user": 1}}, {"model": "employees.historicalemployee", "pk": 48, "fields": {"id": 11, "created": "2025-04-03T07:18:55.663Z", "updated": "2025-04-03T07:18:55.677Z", "is_active": true, "first_name": "Javasil", "last_name": "Pk", "employee_id": null, "gender": "MALE", "marital_status": null, "personal_email": "javasilpk@gmail.com", "mobile": null, "whatsapp": null, "date_of_birth": null, "religion": "Muslim", "experience": "", "qualifications": "", "photo": "", "official_email": null, "status": "Appointed", "resigned_date": null, "notice_date": null, "resigned_form": "", "termination_date": null, "termination_reason": null, "father_name": null, "father_mobile": null, "mother_name": null, "guardian_name": null, "guardian_mobile": null, "relationship_with_employee": null, "date_of_joining": null, "date_of_confirmation": null, "offer_letter": "", "joining_letter": "", "agreement_letter": "", "experience_letter": "", "type_of_residence": null, "residence_name": null, "residential_address": null, "residence_contact": null, "residential_zip_code": null, "permanent_address": null, "permanent_zip_code": null, "bank_name": null, "account_name": null, "account_number": null, "ifsc_code": null, "bank_branch": null, "pan_number": null, "employment_type": null, "blood_group": null, "basic_salary": null, "hra": null, "other_allowance": null, "transportation_allowance": null, "creator": 1, "branch": 2, "user": null, "department": null, "designation": null, "course": null, "history_date": "2025-04-03T07:18:55.680Z", "history_change_reason": null, "history_type": "~", "history_user": 1}}, {"model": "employees.historicalemployee", "pk": 49, "fields": {"id": 11, "created": "2025-04-03T07:18:55.663Z", "updated": "2025-04-03T07:19:54.720Z", "is_active": false, "first_name": "Javasil", "last_name": "Pk", "employee_id": null, "gender": "MALE", "marital_status": null, "personal_email": "javasilpk@gmail.com", "mobile": null, "whatsapp": null, "date_of_birth": null, "religion": "Muslim", "experience": "", "qualifications": "", "photo": "", "official_email": null, "status": "Appointed", "resigned_date": null, "notice_date": null, "resigned_form": "", "termination_date": null, "termination_reason": null, "father_name": null, "father_mobile": null, "mother_name": null, "guardian_name": null, "guardian_mobile": null, "relationship_with_employee": null, "date_of_joining": null, "date_of_confirmation": null, "offer_letter": "", "joining_letter": "", "agreement_letter": "", "experience_letter": "", "type_of_residence": null, "residence_name": null, "residential_address": null, "residence_contact": null, "residential_zip_code": null, "permanent_address": null, "permanent_zip_code": null, "bank_name": null, "account_name": null, "account_number": null, "ifsc_code": null, "bank_branch": null, "pan_number": null, "employment_type": null, "blood_group": null, "basic_salary": null, "hra": null, "other_allowance": null, "transportation_allowance": null, "creator": 1, "branch": 2, "user": null, "department": null, "designation": null, "course": null, "history_date": "2025-04-03T07:19:54.722Z", "history_change_reason": null, "history_type": "~", "history_user": 1}}, {"model": "employees.historicalemployee", "pk": 50, "fields": {"id": 11, "created": "2025-04-03T07:18:55.663Z", "updated": "2025-04-03T07:19:54.720Z", "is_active": false, "first_name": "Javasil", "last_name": "Pk", "employee_id": null, "gender": "MALE", "marital_status": null, "personal_email": "javasilpk@gmail.com", "mobile": null, "whatsapp": null, "date_of_birth": null, "religion": "Muslim", "experience": "", "qualifications": "", "photo": "", "official_email": null, "status": "Appointed", "resigned_date": null, "notice_date": null, "resigned_form": "", "termination_date": null, "termination_reason": null, "father_name": null, "father_mobile": null, "mother_name": null, "guardian_name": null, "guardian_mobile": null, "relationship_with_employee": null, "date_of_joining": null, "date_of_confirmation": null, "offer_letter": "", "joining_letter": "", "agreement_letter": "", "experience_letter": "", "type_of_residence": null, "residence_name": null, "residential_address": null, "residence_contact": null, "residential_zip_code": null, "permanent_address": null, "permanent_zip_code": null, "bank_name": null, "account_name": null, "account_number": null, "ifsc_code": null, "bank_branch": null, "pan_number": null, "employment_type": null, "blood_group": null, "basic_salary": null, "hra": null, "other_allowance": null, "transportation_allowance": null, "creator": 1, "branch": 2, "user": null, "department": null, "designation": null, "course": null, "history_date": "2025-04-03T07:20:25.894Z", "history_change_reason": null, "history_type": "-", "history_user": 1}}, {"model": "employees.employee", "pk": 1, "fields": {"created": "2025-03-06T09:24:10.955Z", "updated": "2025-03-06T09:59:23.512Z", "creator": 1, "is_active": true, "branch": 1, "user": 2, "first_name": "Muhammed", "last_name": "Mansha", "employee_id": "0001", "gender": "MALE", "marital_status": "MARRIED", "personal_email": "mansha@gmail.com", "mobile": "9087656533", "whatsapp": "9087656533", "date_of_birth": "1998-05-15", "religion": "Muslim", "experience": "6 month as a teacher", "qualifications": "b tech", "photo": "", "official_email": "mansha.gedexo@gmail.com", "department": 1, "designation": 1, "course": 1, "status": "Appointed", "resigned_date": null, "notice_date": null, "resigned_form": "", "termination_date": null, "termination_reason": null, "father_name": "Ahmed", "father_mobile": "Mansha", "mother_name": null, "guardian_name": null, "guardian_mobile": null, "relationship_with_employee": null, "date_of_joining": "2025-03-13", "date_of_confirmation": "2025-03-12", "offer_letter": "", "joining_letter": "", "agreement_letter": "", "experience_letter": "", "type_of_residence": "FAMILY_OWNED", "residence_name": null, "residential_address": "", "residence_contact": null, "residential_zip_code": null, "permanent_address": "", "permanent_zip_code": "673638", "bank_name": null, "account_name": null, "account_number": null, "ifsc_code": null, "bank_branch": null, "pan_number": null, "employment_type": "PERMANENT", "blood_group": "a-positive", "basic_salary": null, "hra": null, "other_allowance": null, "transportation_allowance": null}}, {"model": "employees.employee", "pk": 2, "fields": {"created": "2025-03-06T10:04:45.836Z", "updated": "2025-03-06T10:08:04.246Z", "creator": 1, "is_active": true, "branch": 1, "user": 3, "first_name": "Branch", "last_name": "Staff", "employee_id": "0002", "gender": "FEMALE", "marital_status": "MARRIED", "personal_email": "branch@gmail.com", "mobile": "9087675439", "whatsapp": "9087675439", "date_of_birth": "1998-04-22", "religion": "Muslim", "experience": "", "qualifications": "", "photo": "", "official_email": "branch.gedexo@gmail.com", "department": 2, "designation": 2, "course": null, "status": "Appointed", "resigned_date": null, "notice_date": null, "resigned_form": "", "termination_date": null, "termination_reason": null, "father_name": null, "father_mobile": null, "mother_name": null, "guardian_name": null, "guardian_mobile": null, "relationship_with_employee": null, "date_of_joining": "2025-03-11", "date_of_confirmation": "2025-03-10", "offer_letter": "", "joining_letter": "", "agreement_letter": "", "experience_letter": "", "type_of_residence": null, "residence_name": null, "residential_address": "", "residence_contact": null, "residential_zip_code": null, "permanent_address": "", "permanent_zip_code": null, "bank_name": null, "account_name": null, "account_number": null, "ifsc_code": null, "bank_branch": null, "pan_number": null, "employment_type": "PERMANENT", "blood_group": "o-positive", "basic_salary": null, "hra": null, "other_allowance": null, "transportation_allowance": null}}, {"model": "employees.employee", "pk": 3, "fields": {"created": "2025-04-03T04:52:07.227Z", "updated": "2025-04-03T06:18:59.597Z", "creator": 1, "is_active": true, "branch": 2, "user": 5, "first_name": "Nishad", "last_name": null, "employee_id": "0003", "gender": "MALE", "marital_status": null, "personal_email": "nishad@gmail.com", "mobile": "+919087653234", "whatsapp": "+919087653234", "date_of_birth": "1998-04-08", "religion": "Muslim", "experience": "", "qualifications": "", "photo": "", "official_email": "nishad@gedexo.com", "department": 1, "designation": 1, "course": 1, "status": "Appointed", "resigned_date": null, "notice_date": null, "resigned_form": "", "termination_date": null, "termination_reason": null, "father_name": null, "father_mobile": null, "mother_name": null, "guardian_name": null, "guardian_mobile": null, "relationship_with_employee": null, "date_of_joining": "2025-04-11", "date_of_confirmation": "2025-04-03", "offer_letter": "", "joining_letter": "", "agreement_letter": "", "experience_letter": "", "type_of_residence": null, "residence_name": null, "residential_address": "", "residence_contact": null, "residential_zip_code": null, "permanent_address": "", "permanent_zip_code": null, "bank_name": null, "account_name": null, "account_number": null, "ifsc_code": null, "bank_branch": null, "pan_number": null, "employment_type": "PERMANENT", "blood_group": null, "basic_salary": null, "hra": null, "other_allowance": null, "transportation_allowance": null}}, {"model": "admission.historicaladmission", "pk": 1, "fields": {"id": 3, "created": "2025-04-03T04:36:03.466Z", "updated": "2025-04-03T04:36:03.466Z", "is_active": true, "first_name": "Midhlaj", "last_name": null, "joining_date": null, "date_of_birth": "2025-04-29", "gender": null, "blood_group": null, "religion": null, "qualifications": "", "permanent_address": null, "communication_address": null, "personal_email": "midhlajr@gmail.com", "contact_number": "42421323", "admission_number": "0001", "admission_date": "2025-04-03", "photo": "", "other_details": null, "parent_first_name": null, "parent_last_name": null, "parent_contact_number": null, "parent_whatsapp_number": null, "parent_mail_id": null, "fee_type": null, "is_discount": null, "discount_percentage": null, "creator": 1, "user": null, "branch": 3, "academic_year": 1, "course": null, "batch": null, "history_date": "2025-04-03T04:36:03.471Z", "history_change_reason": null, "history_type": "+", "history_user": 1}}, {"model": "admission.historicaladmission", "pk": 2, "fields": {"id": 3, "created": "2025-04-03T04:36:03.466Z", "updated": "2025-04-03T04:36:17.909Z", "is_active": false, "first_name": "Midhlaj", "last_name": null, "joining_date": null, "date_of_birth": "2025-04-29", "gender": null, "blood_group": null, "religion": null, "qualifications": "", "permanent_address": null, "communication_address": null, "personal_email": "midhlajr@gmail.com", "contact_number": "42421323", "admission_number": "0001", "admission_date": "2025-04-03", "photo": "", "other_details": null, "parent_first_name": null, "parent_last_name": null, "parent_contact_number": null, "parent_whatsapp_number": null, "parent_mail_id": null, "fee_type": null, "is_discount": null, "discount_percentage": null, "creator": 1, "user": null, "branch": 3, "academic_year": 1, "course": null, "batch": null, "history_date": "2025-04-03T04:36:17.911Z", "history_change_reason": null, "history_type": "~", "history_user": 1}}, {"model": "admission.historicaladmission", "pk": 3, "fields": {"id": 4, "created": "2025-04-03T04:37:28.463Z", "updated": "2025-04-03T04:37:28.463Z", "is_active": true, "first_name": "Midhlaj", "last_name": "Rahman", "joining_date": null, "date_of_birth": "2000-04-24", "gender": "MALE", "blood_group": "o-positive", "religion": "Muslim", "qualifications": "+2 Pass Out", "permanent_address": null, "communication_address": null, "personal_email": "midhlajrahman@gmail.com", "contact_number": "+919037123177", "admission_number": "0002", "admission_date": "2025-04-03", "photo": "", "other_details": null, "parent_first_name": null, "parent_last_name": null, "parent_contact_number": null, "parent_whatsapp_number": null, "parent_mail_id": null, "fee_type": null, "is_discount": null, "discount_percentage": null, "creator": 1, "user": null, "branch": 3, "academic_year": 1, "course": null, "batch": null, "history_date": "2025-04-03T04:37:28.466Z", "history_change_reason": null, "history_type": "+", "history_user": 1}}, {"model": "admission.historicaladmission", "pk": 4, "fields": {"id": 4, "created": "2025-04-03T04:37:28.463Z", "updated": "2025-04-03T04:37:36.557Z", "is_active": true, "first_name": "Midhlaj", "last_name": "Rahman", "joining_date": null, "date_of_birth": "2000-04-24", "gender": "MALE", "blood_group": "o-positive", "religion": "Muslim", "qualifications": "+2 Pass Out", "permanent_address": null, "communication_address": null, "personal_email": "midhlajrahman@gmail.com", "contact_number": "+919037123177", "admission_number": "0002", "admission_date": "2025-04-03", "photo": "", "other_details": null, "parent_first_name": "Midh", "parent_last_name": null, "parent_contact_number": null, "parent_whatsapp_number": null, "parent_mail_id": null, "fee_type": null, "is_discount": null, "discount_percentage": null, "creator": 1, "user": null, "branch": 3, "academic_year": 1, "course": null, "batch": null, "history_date": "2025-04-03T04:37:36.559Z", "history_change_reason": null, "history_type": "~", "history_user": 1}}, {"model": "admission.historicaladmission", "pk": 5, "fields": {"id": 4, "created": "2025-04-03T04:37:28.463Z", "updated": "2025-04-03T04:37:38.596Z", "is_active": true, "first_name": "Midhlaj", "last_name": "Rahman", "joining_date": null, "date_of_birth": "2000-04-24", "gender": "MALE", "blood_group": "o-positive", "religion": "Muslim", "qualifications": "+2 Pass Out", "permanent_address": "", "communication_address": "", "personal_email": "midhlajrahman@gmail.com", "contact_number": "+919037123177", "admission_number": "0002", "admission_date": "2025-04-03", "photo": "", "other_details": null, "parent_first_name": "Midh", "parent_last_name": null, "parent_contact_number": null, "parent_whatsapp_number": null, "parent_mail_id": null, "fee_type": null, "is_discount": null, "discount_percentage": null, "creator": 1, "user": null, "branch": 3, "academic_year": 1, "course": null, "batch": null, "history_date": "2025-04-03T04:37:38.598Z", "history_change_reason": null, "history_type": "~", "history_user": 1}}, {"model": "admission.historicaladmission", "pk": 6, "fields": {"id": 4, "created": "2025-04-03T04:37:28.463Z", "updated": "2025-04-03T04:38:39.185Z", "is_active": true, "first_name": "Midhlaj", "last_name": "Rahman", "joining_date": "2025-04-10", "date_of_birth": "2000-04-24", "gender": "MALE", "blood_group": "o-positive", "religion": "Muslim", "qualifications": "+2 Pass Out", "permanent_address": "", "communication_address": "", "personal_email": "midhlajrahman@gmail.com", "contact_number": "+919037123177", "admission_number": "0002", "admission_date": "2025-04-03", "photo": "", "other_details": "", "parent_first_name": "Midh", "parent_last_name": null, "parent_contact_number": null, "parent_whatsapp_number": null, "parent_mail_id": null, "fee_type": null, "is_discount": null, "discount_percentage": null, "creator": 1, "user": null, "branch": 3, "academic_year": 1, "course": 1, "batch": null, "history_date": "2025-04-03T04:38:39.187Z", "history_change_reason": null, "history_type": "~", "history_user": 1}}, {"model": "admission.historicaladmission", "pk": 7, "fields": {"id": 4, "created": "2025-04-03T04:37:28.463Z", "updated": "2025-04-03T04:38:45.150Z", "is_active": true, "first_name": "Midhlaj", "last_name": "Rahman", "joining_date": "2025-04-10", "date_of_birth": "2000-04-24", "gender": "MALE", "blood_group": "o-positive", "religion": "Muslim", "qualifications": "+2 Pass Out", "permanent_address": "", "communication_address": "", "personal_email": "midhlajrahman@gmail.com", "contact_number": "+919037123177", "admission_number": "0002", "admission_date": "2025-04-03", "photo": "", "other_details": "", "parent_first_name": "Midh", "parent_last_name": null, "parent_contact_number": null, "parent_whatsapp_number": null, "parent_mail_id": null, "fee_type": "installment", "is_discount": null, "discount_percentage": null, "creator": 1, "user": null, "branch": 3, "academic_year": 1, "course": 1, "batch": null, "history_date": "2025-04-03T04:38:45.152Z", "history_change_reason": null, "history_type": "~", "history_user": 1}}, {"model": "admission.historicaladmission", "pk": 8, "fields": {"id": 4, "created": "2025-04-03T04:37:28.463Z", "updated": "2025-04-03T04:42:25.838Z", "is_active": true, "first_name": "Midhlaj", "last_name": "Rahman", "joining_date": "2025-04-10", "date_of_birth": "2000-04-24", "gender": "MALE", "blood_group": "o-positive", "religion": "Muslim", "qualifications": "+2 Pass Out", "permanent_address": "", "communication_address": "", "personal_email": "midhlajrahman@gmail.com", "contact_number": "+919037123177", "admission_number": "0002", "admission_date": "2025-04-03", "photo": "", "other_details": "", "parent_first_name": "Midh", "parent_last_name": null, "parent_contact_number": null, "parent_whatsapp_number": null, "parent_mail_id": null, "fee_type": "installment", "is_discount": null, "discount_percentage": null, "creator": 1, "user": 4, "branch": 3, "academic_year": 1, "course": 1, "batch": null, "history_date": "2025-04-03T04:42:25.840Z", "history_change_reason": null, "history_type": "~", "history_user": 1}}, {"model": "admission.historicaladmission", "pk": 9, "fields": {"id": 4, "created": "2025-04-03T04:37:28.463Z", "updated": "2025-04-03T04:56:11.563Z", "is_active": true, "first_name": "Midhlaj", "last_name": "Rahman", "joining_date": "2025-04-10", "date_of_birth": "2000-04-24", "gender": "MALE", "blood_group": "o-positive", "religion": "Muslim", "qualifications": "+2 Pass Out", "permanent_address": "", "communication_address": "", "personal_email": "midhlajrahman@gmail.com", "contact_number": "+919037123177", "admission_number": "0002", "admission_date": "2025-04-03", "photo": "", "other_details": "", "parent_first_name": "Midh", "parent_last_name": null, "parent_contact_number": null, "parent_whatsapp_number": null, "parent_mail_id": null, "fee_type": "installment", "is_discount": null, "discount_percentage": null, "creator": 1, "user": 4, "branch": 3, "academic_year": 1, "course": 1, "batch": 1, "history_date": "2025-04-03T04:56:11.566Z", "history_change_reason": null, "history_type": "~", "history_user": 1}}, {"model": "admission.historicaladmission", "pk": 10, "fields": {"id": 5, "created": "2025-04-03T06:21:17.347Z", "updated": "2025-04-03T06:21:17.347Z", "is_active": true, "first_name": "Shabeeb", "last_name": null, "joining_date": null, "date_of_birth": "2000-04-28", "gender": null, "blood_group": null, "religion": null, "qualifications": "", "permanent_address": null, "communication_address": null, "personal_email": "shabeeb@gmail.com", "contact_number": "90371287876", "admission_number": "0003", "admission_date": "2025-04-03", "photo": "", "other_details": null, "parent_first_name": null, "parent_last_name": null, "parent_contact_number": null, "parent_whatsapp_number": null, "parent_mail_id": null, "fee_type": null, "is_discount": null, "discount_percentage": null, "creator": 1, "user": null, "branch": 2, "academic_year": 1, "course": null, "batch": null, "history_date": "2025-04-03T06:21:17.351Z", "history_change_reason": null, "history_type": "+", "history_user": 1}}, {"model": "admission.historicaladmission", "pk": 11, "fields": {"id": 5, "created": "2025-04-03T06:21:17.347Z", "updated": "2025-04-03T06:21:25.143Z", "is_active": true, "first_name": "Shabeeb", "last_name": null, "joining_date": null, "date_of_birth": "2000-04-28", "gender": null, "blood_group": null, "religion": null, "qualifications": "", "permanent_address": null, "communication_address": null, "personal_email": "shabeeb@gmail.com", "contact_number": "90371287876", "admission_number": "0003", "admission_date": "2025-04-03", "photo": "", "other_details": null, "parent_first_name": "shabeeb", "parent_last_name": null, "parent_contact_number": null, "parent_whatsapp_number": null, "parent_mail_id": null, "fee_type": null, "is_discount": null, "discount_percentage": null, "creator": 1, "user": null, "branch": 2, "academic_year": 1, "course": null, "batch": null, "history_date": "2025-04-03T06:21:25.146Z", "history_change_reason": null, "history_type": "~", "history_user": 1}}, {"model": "admission.historicaladmission", "pk": 12, "fields": {"id": 5, "created": "2025-04-03T06:21:17.347Z", "updated": "2025-04-03T06:21:27.496Z", "is_active": true, "first_name": "Shabeeb", "last_name": null, "joining_date": null, "date_of_birth": "2000-04-28", "gender": null, "blood_group": null, "religion": null, "qualifications": "", "permanent_address": "", "communication_address": "", "personal_email": "shabeeb@gmail.com", "contact_number": "90371287876", "admission_number": "0003", "admission_date": "2025-04-03", "photo": "", "other_details": null, "parent_first_name": "shabeeb", "parent_last_name": null, "parent_contact_number": null, "parent_whatsapp_number": null, "parent_mail_id": null, "fee_type": null, "is_discount": null, "discount_percentage": null, "creator": 1, "user": null, "branch": 2, "academic_year": 1, "course": null, "batch": null, "history_date": "2025-04-03T06:21:27.499Z", "history_change_reason": null, "history_type": "~", "history_user": 1}}, {"model": "admission.historicaladmission", "pk": 13, "fields": {"id": 5, "created": "2025-04-03T06:21:17.347Z", "updated": "2025-04-03T06:21:36.611Z", "is_active": true, "first_name": "Shabeeb", "last_name": null, "joining_date": "2025-04-17", "date_of_birth": "2000-04-28", "gender": null, "blood_group": null, "religion": null, "qualifications": "", "permanent_address": "", "communication_address": "", "personal_email": "shabeeb@gmail.com", "contact_number": "90371287876", "admission_number": "0003", "admission_date": "2025-04-03", "photo": "", "other_details": "", "parent_first_name": "shabeeb", "parent_last_name": null, "parent_contact_number": null, "parent_whatsapp_number": null, "parent_mail_id": null, "fee_type": null, "is_discount": null, "discount_percentage": null, "creator": 1, "user": null, "branch": 2, "academic_year": 1, "course": 1, "batch": 1, "history_date": "2025-04-03T06:21:36.614Z", "history_change_reason": null, "history_type": "~", "history_user": 1}}, {"model": "admission.historicaladmission", "pk": 14, "fields": {"id": 5, "created": "2025-04-03T06:21:17.347Z", "updated": "2025-04-03T06:21:40.685Z", "is_active": true, "first_name": "Shabeeb", "last_name": null, "joining_date": "2025-04-17", "date_of_birth": "2000-04-28", "gender": null, "blood_group": null, "religion": null, "qualifications": "", "permanent_address": "", "communication_address": "", "personal_email": "shabeeb@gmail.com", "contact_number": "90371287876", "admission_number": "0003", "admission_date": "2025-04-03", "photo": "", "other_details": "", "parent_first_name": "shabeeb", "parent_last_name": null, "parent_contact_number": null, "parent_whatsapp_number": null, "parent_mail_id": null, "fee_type": "installment", "is_discount": null, "discount_percentage": null, "creator": 1, "user": null, "branch": 2, "academic_year": 1, "course": 1, "batch": 1, "history_date": "2025-04-03T06:21:40.687Z", "history_change_reason": null, "history_type": "~", "history_user": 1}}, {"model": "admission.historicaladmission", "pk": 15, "fields": {"id": 5, "created": "2025-04-03T06:21:17.347Z", "updated": "2025-04-03T06:21:53.277Z", "is_active": true, "first_name": "Shabeeb", "last_name": null, "joining_date": "2025-04-17", "date_of_birth": "2000-04-28", "gender": null, "blood_group": null, "religion": null, "qualifications": "", "permanent_address": "", "communication_address": "", "personal_email": "shabeeb@gmail.com", "contact_number": "90371287876", "admission_number": "0003", "admission_date": "2025-04-03", "photo": "", "other_details": "", "parent_first_name": "shabeeb", "parent_last_name": null, "parent_contact_number": null, "parent_whatsapp_number": null, "parent_mail_id": null, "fee_type": "installment", "is_discount": null, "discount_percentage": null, "creator": 1, "user": 12, "branch": 2, "academic_year": 1, "course": 1, "batch": 1, "history_date": "2025-04-03T06:21:53.280Z", "history_change_reason": null, "history_type": "~", "history_user": 1}}, {"model": "admission.historicaladmission", "pk": 16, "fields": {"id": 4, "created": "2025-04-03T04:37:28.463Z", "updated": "2025-04-03T06:29:54.858Z", "is_active": true, "first_name": "Midhlaj", "last_name": "Rahman", "joining_date": "2025-04-10", "date_of_birth": "2000-04-24", "gender": "MALE", "blood_group": "o-positive", "religion": "Muslim", "qualifications": "+2 Pass Out", "permanent_address": "", "communication_address": "", "personal_email": "midhlajrahman@gmail.com", "contact_number": "+919037123177", "admission_number": "0002", "admission_date": "2025-04-03", "photo": "", "other_details": "", "parent_first_name": "Midh", "parent_last_name": null, "parent_contact_number": null, "parent_whatsapp_number": null, "parent_mail_id": null, "fee_type": "installment", "is_discount": null, "discount_percentage": null, "creator": 1, "user": 4, "branch": 1, "academic_year": 1, "course": 1, "batch": 1, "history_date": "2025-04-03T06:29:54.860Z", "history_change_reason": null, "history_type": "~", "history_user": 1}}, {"model": "admission.historicaladmission", "pk": 17, "fields": {"id": 3, "created": "2025-04-03T04:36:03.466Z", "updated": "2025-04-03T04:36:17.909Z", "is_active": false, "first_name": "Midhlaj", "last_name": null, "joining_date": null, "date_of_birth": "2025-04-29", "gender": null, "blood_group": null, "religion": null, "qualifications": "", "permanent_address": null, "communication_address": null, "personal_email": "midhlajr@gmail.com", "contact_number": "42421323", "admission_number": "0001", "admission_date": "2025-04-03", "photo": "", "other_details": null, "parent_first_name": null, "parent_last_name": null, "parent_contact_number": null, "parent_whatsapp_number": null, "parent_mail_id": null, "fee_type": null, "is_discount": null, "discount_percentage": null, "creator": 1, "user": null, "branch": 3, "academic_year": 1, "course": null, "batch": null, "history_date": "2025-04-03T06:30:00.492Z", "history_change_reason": null, "history_type": "-", "history_user": 1}}, {"model": "admission.admission", "pk": 4, "fields": {"created": "2025-04-03T04:37:28.463Z", "updated": "2025-04-03T06:29:54.858Z", "creator": 1, "is_active": true, "user": 4, "branch": 1, "first_name": "Midhlaj", "last_name": "Rahman", "joining_date": "2025-04-10", "date_of_birth": "2000-04-24", "gender": "MALE", "blood_group": "o-positive", "religion": "Muslim", "qualifications": "+2 Pass Out", "permanent_address": "", "communication_address": "", "personal_email": "midhlajrahman@gmail.com", "contact_number": "+919037123177", "admission_number": "0002", "admission_date": "2025-04-03", "academic_year": 1, "photo": "", "course": 1, "batch": 1, "other_details": "", "parent_first_name": "Midh", "parent_last_name": null, "parent_contact_number": null, "parent_whatsapp_number": null, "parent_mail_id": null, "fee_type": "installment", "is_discount": null, "discount_percentage": null}}, {"model": "admission.admission", "pk": 5, "fields": {"created": "2025-04-03T06:21:17.347Z", "updated": "2025-04-03T06:21:53.277Z", "creator": 1, "is_active": true, "user": 12, "branch": 2, "first_name": "Shabeeb", "last_name": null, "joining_date": "2025-04-17", "date_of_birth": "2000-04-28", "gender": null, "blood_group": null, "religion": null, "qualifications": "", "permanent_address": "", "communication_address": "", "personal_email": "shabeeb@gmail.com", "contact_number": "90371287876", "admission_number": "0003", "admission_date": "2025-04-03", "academic_year": 1, "photo": "", "course": 1, "batch": 1, "other_details": "", "parent_first_name": "shabeeb", "parent_last_name": null, "parent_contact_number": null, "parent_whatsapp_number": null, "parent_mail_id": null, "fee_type": "installment", "is_discount": null, "discount_percentage": null}}, {"model": "admission.historicalattendanceregister", "pk": 1, "fields": {"id": 1, "created": "2025-04-03T07:26:26.283Z", "updated": "2025-04-03T07:26:26.283Z", "is_active": true, "date": "2025-04-03", "creator": null, "branch": 3, "batch": 1, "course": 1, "history_date": "2025-04-03T07:26:26.286Z", "history_change_reason": null, "history_type": "+", "history_user": 2}}, {"model": "admission.historicalattendanceregister", "pk": 2, "fields": {"id": 2, "created": "2025-04-03T07:27:22.424Z", "updated": "2025-04-03T07:27:22.424Z", "is_active": true, "date": "2025-04-04", "creator": null, "branch": 3, "batch": 1, "course": 1, "history_date": "2025-04-03T07:27:22.425Z", "history_change_reason": null, "history_type": "+", "history_user": 2}}, {"model": "admission.historicalattendanceregister", "pk": 3, "fields": {"id": 3, "created": "2025-04-03T07:31:42.994Z", "updated": "2025-04-03T07:31:42.994Z", "is_active": true, "date": "2025-04-02", "creator": null, "branch": 3, "batch": 1, "course": 1, "history_date": "2025-04-03T07:31:42.995Z", "history_change_reason": null, "history_type": "+", "history_user": 2}}, {"model": "admission.historicalattendanceregister", "pk": 4, "fields": {"id": 4, "created": "2025-04-03T07:34:27.869Z", "updated": "2025-04-03T07:34:27.869Z", "is_active": true, "date": "2025-04-17", "creator": null, "branch": 3, "batch": 1, "course": 1, "history_date": "2025-04-03T07:34:27.870Z", "history_change_reason": null, "history_type": "+", "history_user": 2}}, {"model": "admission.historicalattendanceregister", "pk": 5, "fields": {"id": 5, "created": "2025-04-03T07:48:43.933Z", "updated": "2025-04-03T07:48:43.933Z", "is_active": true, "date": "2025-04-23", "creator": null, "branch": 3, "batch": 1, "course": 1, "history_date": "2025-04-03T07:48:43.934Z", "history_change_reason": null, "history_type": "+", "history_user": 2}}, {"model": "admission.attendanceregister", "pk": 1, "fields": {"created": "2025-04-03T07:26:26.283Z", "updated": "2025-04-03T07:26:26.283Z", "creator": null, "is_active": true, "branch": 3, "batch": 1, "date": "2025-04-03", "course": 1}}, {"model": "admission.attendanceregister", "pk": 2, "fields": {"created": "2025-04-03T07:27:22.424Z", "updated": "2025-04-03T07:27:22.424Z", "creator": null, "is_active": true, "branch": 3, "batch": 1, "date": "2025-04-04", "course": 1}}, {"model": "admission.attendanceregister", "pk": 3, "fields": {"created": "2025-04-03T07:31:42.994Z", "updated": "2025-04-03T07:31:42.994Z", "creator": null, "is_active": true, "branch": 3, "batch": 1, "date": "2025-04-02", "course": 1}}, {"model": "admission.attendanceregister", "pk": 4, "fields": {"created": "2025-04-03T07:34:27.869Z", "updated": "2025-04-03T07:34:27.869Z", "creator": null, "is_active": true, "branch": 3, "batch": 1, "date": "2025-04-17", "course": 1}}, {"model": "admission.attendanceregister", "pk": 5, "fields": {"created": "2025-04-03T07:48:43.933Z", "updated": "2025-04-03T07:48:43.933Z", "creator": null, "is_active": true, "branch": 3, "batch": 1, "date": "2025-04-23", "course": 1}}, {"model": "admission.historicalattendance", "pk": 1, "fields": {"id": 1, "created": "2025-04-03T07:26:26.296Z", "updated": "2025-04-03T07:26:26.296Z", "is_active": true, "status": "Present", "creator": null, "register": 1, "student": 4, "history_date": "2025-04-03T07:26:26.298Z", "history_change_reason": null, "history_type": "+", "history_user": 2}}, {"model": "admission.historicalattendance", "pk": 2, "fields": {"id": 2, "created": "2025-04-03T07:27:22.432Z", "updated": "2025-04-03T07:27:22.433Z", "is_active": true, "status": "Present", "creator": null, "register": 2, "student": 4, "history_date": "2025-04-03T07:27:22.434Z", "history_change_reason": null, "history_type": "+", "history_user": 2}}, {"model": "admission.historicalattendance", "pk": 3, "fields": {"id": 3, "created": "2025-04-03T07:31:43.002Z", "updated": "2025-04-03T07:31:43.002Z", "is_active": true, "status": "Present", "creator": null, "register": 3, "student": 4, "history_date": "2025-04-03T07:31:43.004Z", "history_change_reason": null, "history_type": "+", "history_user": 2}}, {"model": "admission.historicalattendance", "pk": 4, "fields": {"id": 4, "created": "2025-04-03T07:34:27.875Z", "updated": "2025-04-03T07:34:27.875Z", "is_active": true, "status": "Absent", "creator": null, "register": 4, "student": 4, "history_date": "2025-04-03T07:34:27.876Z", "history_change_reason": null, "history_type": "+", "history_user": 2}}, {"model": "admission.historicalattendance", "pk": 5, "fields": {"id": 5, "created": "2025-04-03T07:48:43.942Z", "updated": "2025-04-03T07:48:43.942Z", "is_active": true, "status": "Present", "creator": null, "register": 5, "student": 4, "history_date": "2025-04-03T07:48:43.944Z", "history_change_reason": null, "history_type": "+", "history_user": 2}}, {"model": "admission.attendance", "pk": 1, "fields": {"created": "2025-04-03T07:26:26.296Z", "updated": "2025-04-03T07:26:26.296Z", "creator": null, "is_active": true, "register": 1, "student": 4, "status": "Present"}}, {"model": "admission.attendance", "pk": 2, "fields": {"created": "2025-04-03T07:27:22.432Z", "updated": "2025-04-03T07:27:22.433Z", "creator": null, "is_active": true, "register": 2, "student": 4, "status": "Present"}}, {"model": "admission.attendance", "pk": 3, "fields": {"created": "2025-04-03T07:31:43.002Z", "updated": "2025-04-03T07:31:43.002Z", "creator": null, "is_active": true, "register": 3, "student": 4, "status": "Present"}}, {"model": "admission.attendance", "pk": 4, "fields": {"created": "2025-04-03T07:34:27.875Z", "updated": "2025-04-03T07:34:27.875Z", "creator": null, "is_active": true, "register": 4, "student": 4, "status": "Absent"}}, {"model": "admission.attendance", "pk": 5, "fields": {"created": "2025-04-03T07:48:43.942Z", "updated": "2025-04-03T07:48:43.942Z", "creator": null, "is_active": true, "register": 5, "student": 4, "status": "Present"}}, {"model": "core.historicalacademicyear", "pk": 1, "fields": {"id": 1, "created": "2025-03-06T07:21:29.143Z", "updated": "2025-03-06T07:21:29.143Z", "is_active": true, "start_month_session": "1", "start_year_session": 2024, "end_month_session": "12", "end_year_session": 2024, "creator": null, "history_date": "2025-03-06T07:21:29.145Z", "history_change_reason": null, "history_type": "+", "history_user": 1}}, {"model": "core.academicyear", "pk": 1, "fields": {"created": "2025-03-06T07:21:29.143Z", "updated": "2025-03-06T07:21:29.143Z", "creator": null, "is_active": true, "start_month_session": "1", "start_year_session": 2024, "end_month_session": "12", "end_year_session": 2024}}, {"model": "accounts.user", "pk": 1, "fields": {"password": "pbkdf2_sha256$600000$TpNZwrXHQpNycrZ0TlBJSu$fuOX6jxPTtEk2V2bcbF9rOvosvUafAgTLcgJs9Exsq4=", "last_login": "2025-04-03T07:55:56.555Z", "is_superuser": true, "first_name": "", "last_name": "", "is_staff": true, "is_active": true, "date_joined": "2025-03-06T07:10:32.197Z", "branch": null, "email": "admin@gmail.com", "usertype": "branch_staff", "groups": [], "user_permissions": []}}, {"model": "accounts.user", "pk": 2, "fields": {"password": "pbkdf2_sha256$600000$xwweFRqjv1rUkRGaLs74uO$1t4Xl+gTnoaUkp5+bGhBzoG3QpWHU+/y5rTp2vZ6cko=", "last_login": "2025-04-03T07:47:34.226Z", "is_superuser": false, "first_name": "Muhammed", "last_name": "Mansha", "is_staff": false, "is_active": true, "date_joined": "2025-03-06T09:49:45.956Z", "branch": 1, "email": "mansha@gmail.com", "usertype": "teacher", "groups": [], "user_permissions": []}}, {"model": "accounts.user", "pk": 3, "fields": {"password": "pbkdf2_sha256$600000$JMW2G7yvmoLnXeJvw9WFIv$RCqadNduO3hlHLxmFmOP4dJWIn8jm+jw5c3p3f3Aef4=", "last_login": "2025-04-03T06:37:52.550Z", "is_superuser": false, "first_name": "Branch", "last_name": "Staff", "is_staff": false, "is_active": true, "date_joined": "2025-03-06T10:08:03.524Z", "branch": 1, "email": "branch@gmail.com", "usertype": "branch_staff", "groups": [], "user_permissions": []}}, {"model": "accounts.user", "pk": 4, "fields": {"password": "pbkdf2_sha256$600000$pK3HLMsoIPTSjWcIwsn0Jm$P5VkLB5P/656JuXz/9xcjs5B48k5bduy29iTKbJZXFw=", "last_login": "2025-04-03T07:46:41.868Z", "is_superuser": false, "first_name": "Midhlaj", "last_name": "Rahman", "is_staff": false, "is_active": true, "date_joined": "2025-04-03T04:42:25.388Z", "branch": 3, "email": "midhlajrahman@gmail.com", "usertype": "student", "groups": [], "user_permissions": []}}, {"model": "accounts.user", "pk": 5, "fields": {"password": "pbkdf2_sha256$600000$ouG6Tx317eYcsf2ytVtsnu$xlepNEFQ3wXcZXWK+togUErm1PfHK64nT6shARjeDNo=", "last_login": "2025-04-03T06:20:11.510Z", "is_superuser": false, "first_name": "Nishad", "last_name": "", "is_staff": false, "is_active": true, "date_joined": "2025-04-03T04:53:22.920Z", "branch": 2, "email": "nishad@gmail.com", "usertype": "teacher", "groups": [], "user_permissions": []}}, {"model": "accounts.user", "pk": 6, "fields": {"password": "pbkdf2_sha256$600000$rOWWF4A8gFbL16qsouI7SA$ftqKt55ulWRfSRibWbs6DeCwqNS7L937k0PeSIX0rYA=", "last_login": null, "is_superuser": false, "first_name": "Shaheem", "last_name": "", "is_staff": false, "is_active": true, "date_joined": "2025-04-03T05:45:37.328Z", "branch": null, "email": "shaheem@gmail.com", "usertype": "teacher", "groups": [], "user_permissions": []}}, {"model": "accounts.user", "pk": 7, "fields": {"password": "pbkdf2_sha256$600000$00YmZnUHIipGpl43v3jDgO$Mvwrm2kL1P1vV3yhLLT1PTPJz21nafboYdr8LtjzVYA=", "last_login": null, "is_superuser": false, "first_name": "Shaheem", "last_name": "", "is_staff": false, "is_active": true, "date_joined": "2025-04-03T05:50:53.430Z", "branch": null, "email": "shaheem22@gmail.com", "usertype": "teacher", "groups": [], "user_permissions": []}}, {"model": "accounts.user", "pk": 8, "fields": {"password": "pbkdf2_sha256$600000$TAByUlpEUQE4fxeR7LPEQl$k8Ev7eA0+e37EEGpbgU9ENcU9n2mgdyqxcdCeCQuRxQ=", "last_login": null, "is_superuser": false, "first_name": "shaheem", "last_name": "", "is_staff": false, "is_active": true, "date_joined": "2025-04-03T05:52:50.526Z", "branch": null, "email": "shaheem23@gmail.com", "usertype": "teacher", "groups": [], "user_permissions": []}}, {"model": "accounts.user", "pk": 9, "fields": {"password": "pbkdf2_sha256$600000$pwDa3CvrzrMYu3eo9ip4LB$+RyWG9Esua1bdI5gXlk4Ws0/etRkDRC3JTWE1M7ixIQ=", "last_login": null, "is_superuser": false, "first_name": "shaheem", "last_name": "", "is_staff": false, "is_active": true, "date_joined": "2025-04-03T05:54:42.665Z", "branch": null, "email": "shaheem43@gmail.com", "usertype": "teacher", "groups": [], "user_permissions": []}}, {"model": "accounts.user", "pk": 10, "fields": {"password": "pbkdf2_sha256$600000$DYvMXOdvnK4yt0GDATE3eE$hArMG7O4ySGfKUV+nrER8hVLdFg4utzdhvLDIivGElU=", "last_login": null, "is_superuser": false, "first_name": "javasil", "last_name": "", "is_staff": false, "is_active": true, "date_joined": "2025-04-03T05:55:58.835Z", "branch": null, "email": "javasil@gmail.com", "usertype": "teacher", "groups": [], "user_permissions": []}}, {"model": "accounts.user", "pk": 11, "fields": {"password": "pbkdf2_sha256$600000$bJZx06Wgqx9mu2IY1MgOUf$SOW54AciJj65cUeRrJleYVsR00LsqVTQgnojCWiIQIw=", "last_login": null, "is_superuser": false, "first_name": "javasil", "last_name": "", "is_staff": false, "is_active": true, "date_joined": "2025-04-03T05:57:06.448Z", "branch": null, "email": "javasil2@gmail.com", "usertype": "teacher", "groups": [], "user_permissions": []}}, {"model": "accounts.user", "pk": 12, "fields": {"password": "pbkdf2_sha256$600000$Us0cIUptruxCpjTpC4tTtJ$QrKYeDMJwyCO5Xc0hY/hYepT/k/bhAXz+y3EyMhadeU=", "last_login": null, "is_superuser": false, "first_name": "Shabeeb", "last_name": "", "is_staff": false, "is_active": true, "date_joined": "2025-04-03T06:21:52.590Z", "branch": 2, "email": "shabeeb@gmail.com", "usertype": "student", "groups": [], "user_permissions": []}}, {"model": "masters.historicalbatch", "pk": 1, "fields": {"id": 1, "created": "2025-04-03T04:55:59.192Z", "updated": "2025-04-03T04:55:59.192Z", "is_active": true, "batch_name": "Morning Batch", "description": "", "creator": 1, "branch": 3, "academic_year": 1, "history_date": "2025-04-03T04:55:59.197Z", "history_change_reason": null, "history_type": "+", "history_user": 1}}, {"model": "masters.batch", "pk": 1, "fields": {"created": "2025-04-03T04:55:59.192Z", "updated": "2025-04-03T04:55:59.192Z", "creator": 1, "is_active": true, "branch": 3, "batch_name": "Morning Batch", "description": "", "academic_year": 1}}, {"model": "masters.historicalcourse", "pk": 1, "fields": {"id": 1, "created": "2025-03-06T09:48:45.588Z", "updated": "2025-03-06T09:48:45.588Z", "is_active": true, "name": "Graphics Designing", "fees": 50000, "description": "", "creator": 1, "history_date": "2025-03-06T09:48:45.592Z", "history_change_reason": null, "history_type": "+", "history_user": 1}}, {"model": "masters.course", "pk": 1, "fields": {"created": "2025-03-06T09:48:45.588Z", "updated": "2025-03-06T09:48:45.588Z", "creator": 1, "is_active": true, "name": "Graphics Designing", "fees": 50000, "description": ""}}, {"model": "branches.historicalbranch", "pk": 1, "fields": {"id": 1, "created": "2025-03-06T07:18:21.804Z", "updated": "2025-03-06T07:18:21.804Z", "name": "Kondotty", "address": "", "city": null, "state": null, "country": null, "postal_code": null, "contact_number": null, "email": null, "manager_name": null, "is_active": true, "opening_date": null, "creator": 1, "history_date": "2025-03-06T07:18:21.806Z", "history_change_reason": null, "history_type": "+", "history_user": 1}}, {"model": "branches.historicalbranch", "pk": 2, "fields": {"id": 2, "created": "2025-03-06T07:19:16.554Z", "updated": "2025-03-06T07:19:16.554Z", "name": "Ramanatukara", "address": "", "city": null, "state": null, "country": null, "postal_code": null, "contact_number": null, "email": null, "manager_name": null, "is_active": true, "opening_date": null, "creator": 1, "history_date": "2025-03-06T07:19:16.555Z", "history_change_reason": null, "history_type": "+", "history_user": 1}}, {"model": "branches.historicalbranch", "pk": 3, "fields": {"id": 3, "created": "2025-03-06T07:19:42.874Z", "updated": "2025-03-06T07:19:42.874Z", "name": "Perinthalmanna", "address": "", "city": null, "state": null, "country": null, "postal_code": null, "contact_number": null, "email": null, "manager_name": null, "is_active": true, "opening_date": null, "creator": 1, "history_date": "2025-03-06T07:19:42.875Z", "history_change_reason": null, "history_type": "+", "history_user": 1}}, {"model": "branches.historicalbranch", "pk": 4, "fields": {"id": 3, "created": "2025-03-06T07:19:42.874Z", "updated": "2025-04-03T07:07:27.458Z", "name": "Perinthalmanna", "address": "", "city": "Malappuram", "state": "Kerala", "country": "Indian", "postal_code": "679321", "contact_number": "+90876533", "email": "oxdu_perinthalmanna@gmail.com", "manager_name": "Resimina", "is_active": true, "opening_date": "2025-04-09", "creator": 1, "history_date": "2025-04-03T07:07:27.460Z", "history_change_reason": null, "history_type": "~", "history_user": 1}}, {"model": "branches.historicalbranch", "pk": 5, "fields": {"id": 3, "created": "2025-03-06T07:19:42.874Z", "updated": "2025-04-03T07:07:47.601Z", "name": "Perinthalmanna", "address": "", "city": "Malappuram", "state": "Kerala", "country": "Indian", "postal_code": "679321", "contact_number": "+90876533", "email": "oxdu_perinthalmanna@gmail.com", "manager_name": "Resmina", "is_active": true, "opening_date": "2025-04-09", "creator": 1, "history_date": "2025-04-03T07:07:47.603Z", "history_change_reason": null, "history_type": "~", "history_user": 1}}, {"model": "branches.historicalbranch", "pk": 6, "fields": {"id": 2, "created": "2025-03-06T07:19:16.554Z", "updated": "2025-04-03T07:09:17.115Z", "name": "Ramanattukara", "address": "", "city": "Calicut", "state": "Kerala", "country": "Indian", "postal_code": "673631", "contact_number": "+91908767637", "email": "oxdu_ramanattukara@gmail.com", "manager_name": "Resmina", "is_active": true, "opening_date": "2025-04-16", "creator": 1, "history_date": "2025-04-03T07:09:17.117Z", "history_change_reason": null, "history_type": "~", "history_user": 1}}, {"model": "branches.historicalbranch", "pk": 7, "fields": {"id": 1, "created": "2025-03-06T07:18:21.804Z", "updated": "2025-04-03T07:10:09.546Z", "name": "Kondotty", "address": "", "city": "Malappuram", "state": "Kerala", "country": "Indian", "postal_code": "673638", "contact_number": "+918078665543", "email": "oxdu_kondotty@gmail.com", "manager_name": "Resmina", "is_active": true, "opening_date": "2025-04-15", "creator": 1, "history_date": "2025-04-03T07:10:09.548Z", "history_change_reason": null, "history_type": "~", "history_user": 1}}, {"model": "branches.branch", "pk": 1, "fields": {"created": "2025-03-06T07:18:21.804Z", "updated": "2025-04-03T07:10:09.546Z", "creator": 1, "name": "Kondotty", "address": "", "city": "Malappuram", "state": "Kerala", "country": "Indian", "postal_code": "673638", "contact_number": "+918078665543", "email": "oxdu_kondotty@gmail.com", "manager_name": "Resmina", "is_active": true, "opening_date": "2025-04-15"}}, {"model": "branches.branch", "pk": 2, "fields": {"created": "2025-03-06T07:19:16.554Z", "updated": "2025-04-03T07:09:17.115Z", "creator": 1, "name": "Ramanattukara", "address": "", "city": "Calicut", "state": "Kerala", "country": "Indian", "postal_code": "673631", "contact_number": "+91908767637", "email": "oxdu_ramanattukara@gmail.com", "manager_name": "Resmina", "is_active": true, "opening_date": "2025-04-16"}}, {"model": "branches.branch", "pk": 3, "fields": {"created": "2025-03-06T07:19:42.874Z", "updated": "2025-04-03T07:07:47.601Z", "creator": 1, "name": "Perinthalmanna", "address": "", "city": "Malappuram", "state": "Kerala", "country": "Indian", "postal_code": "679321", "contact_number": "+90876533", "email": "oxdu_perinthalmanna@gmail.com", "manager_name": "Resmina", "is_active": true, "opening_date": "2025-04-09"}}]